solid poincare
facet normal 0.0 0.0 1.0
  outer loop
    vertex 0.281411123 0.281411123 0.1
    vertex -0.281411123 0.281411123 0.1
    vertex -0.281411123 -0.281411123 0.1
  endloop
endfacet
facet normal 0.0 0.0 1.0
  outer loop
    vertex 0.281411123 0.281411123 0.1
    vertex -0.281411123 -0.281411123 0.1
    vertex 0.281411123 -0.281411123 0.1
  endloop
endfacet
facet normal -0.0 0.0 -1.0
  outer loop
    vertex 0.281411123 0.281411123 0.0
    vertex -0.281411123 -0.281411123 0.0
    vertex -0.281411123 0.281411123 0.0
  endloop
endfacet
facet normal 0.0 0.0 -1.0
  outer loop
    vertex 0.281411123 0.281411123 0.0
    vertex 0.281411123 -0.281411123 0.0
    vertex -0.281411123 -0.281411123 0.0
  endloop
endfacet
facet normal 0.0 1.0 0.0
  outer loop
    vertex 0.281411123 0.281411123 0.0
    vertex -0.281411123 0.281411123 0.0
    vertex -0.281411123 0.281411123 0.1
  endloop
endfacet
facet normal 0.0 1.0 -0.0
  outer loop
    vertex 0.281411123 0.281411123 0.0
    vertex -0.281411123 0.281411123 0.1
    vertex 0.281411123 0.281411123 0.1
  endloop
endfacet
facet normal -1.0 0.0 0.0
  outer loop
    vertex -0.281411123 0.281411123 0.0
    vertex -0.281411123 -0.281411123 0.0
    vertex -0.281411123 -0.281411123 0.1
  endloop
endfacet
facet normal -1.0 0.0 0.0
  outer loop
    vertex -0.281411123 0.281411123 0.0
    vertex -0.281411123 -0.281411123 0.1
    vertex -0.281411123 0.281411123 0.1
  endloop
endfacet
facet normal -0.0 -1.0 0.0
  outer loop
    vertex -0.281411123 -0.281411123 0.0
    vertex 0.281411123 -0.281411123 0.0
    vertex 0.281411123 -0.281411123 0.1
  endloop
endfacet
facet normal -0.0 -1.0 0.0
  outer loop
    vertex -0.281411123 -0.281411123 0.0
    vertex 0.281411123 -0.281411123 0.1
    vertex -0.281411123 -0.281411123 0.1
  endloop
endfacet
facet normal 1.0 -0.0 0.0
  outer loop
    vertex 0.281411123 -0.281411123 0.0
    vertex 0.281411123 0.281411123 0.0
    vertex 0.281411123 0.281411123 0.1
  endloop
endfacet
facet normal 1.0 -0.0 0.0
  outer loop
    vertex 0.281411123 -0.281411123 0.0
    vertex 0.281411123 0.281411123 0.1
    vertex 0.281411123 -0.281411123 0.1
  endloop
endfacet
facet normal 0.0 0.0 -1.0
  outer loop
    vertex 0.281411123 0.281411123 0.1
    vertex -0.281411123 0.281411123 0.1
    vertex -0.1640000502 0.6947153611 0.1
  endloop
endfacet
facet normal 0.0 0.0 -1.0
  outer loop
    vertex 0.281411123 0.281411123 0.1
    vertex -0.1640000502 0.6947153611 0.1
    vertex 0.1640000502 0.6947153611 0.1
  endloop
endfacet
facet normal 0.0 0.0 1.0
  outer loop
    vertex 0.281411123 0.281411123 0.0
    vertex -0.1640000502 0.6947153611 0.0
    vertex -0.281411123 0.281411123 0.0
  endloop
endfacet
facet normal 0.0 0.0 1.0
  outer loop
    vertex 0.281411123 0.281411123 0.0
    vertex 0.1640000502 0.6947153611 0.0
    vertex -0.1640000502 0.6947153611 0.0
  endloop
endfacet
facet normal 0.0 1.0 0.0
  outer loop
    vertex 0.281411123 0.281411123 0.0
    vertex -0.281411123 0.281411123 0.0
    vertex -0.281411123 0.281411123 0.1
  endloop
endfacet
facet normal 0.0 1.0 -0.0
  outer loop
    vertex 0.281411123 0.281411123 0.0
    vertex -0.281411123 0.281411123 0.1
    vertex 0.281411123 0.281411123 0.1
  endloop
endfacet
facet normal 0.9619383578 -0.2732665289 0.0
  outer loop
    vertex -0.281411123 0.281411123 0.0
    vertex -0.1640000502 0.6947153611 0.0
    vertex -0.1640000502 0.6947153611 0.1
  endloop
endfacet
facet normal 0.9619383578 -0.2732665289 0.0
  outer loop
    vertex -0.281411123 0.281411123 0.0
    vertex -0.1640000502 0.6947153611 0.1
    vertex -0.281411123 0.281411123 0.1
  endloop
endfacet
facet normal 0.0 -1.0 0.0
  outer loop
    vertex -0.1640000502 0.6947153611 0.0
    vertex 0.1640000502 0.6947153611 0.0
    vertex 0.1640000502 0.6947153611 0.1
  endloop
endfacet
facet normal 0.0 -1.0 0.0
  outer loop
    vertex -0.1640000502 0.6947153611 0.0
    vertex 0.1640000502 0.6947153611 0.1
    vertex -0.1640000502 0.6947153611 0.1
  endloop
endfacet
facet normal -0.9619383578 -0.2732665289 0.0
  outer loop
    vertex 0.1640000502 0.6947153611 0.0
    vertex 0.281411123 0.281411123 0.0
    vertex 0.281411123 0.281411123 0.1
  endloop
endfacet
facet normal -0.9619383578 -0.2732665289 0.0
  outer loop
    vertex 0.1640000502 0.6947153611 0.0
    vertex 0.281411123 0.281411123 0.1
    vertex 0.1640000502 0.6947153611 0.1
  endloop
endfacet
facet normal 0.0 0.0 -1.0
  outer loop
    vertex -0.6947153611 0.1640000502 0.1
    vertex -0.281411123 0.281411123 0.1
    vertex -0.281411123 -0.281411123 0.1
  endloop
endfacet
facet normal 0.0 -0.0 -1.0
  outer loop
    vertex -0.6947153611 0.1640000502 0.1
    vertex -0.281411123 -0.281411123 0.1
    vertex -0.6947153611 -0.1640000502 0.1
  endloop
endfacet
facet normal -0.0 0.0 1.0
  outer loop
    vertex -0.6947153611 0.1640000502 0.0
    vertex -0.281411123 -0.281411123 0.0
    vertex -0.281411123 0.281411123 0.0
  endloop
endfacet
facet normal 0.0 0.0 1.0
  outer loop
    vertex -0.6947153611 0.1640000502 0.0
    vertex -0.6947153611 -0.1640000502 0.0
    vertex -0.281411123 -0.281411123 0.0
  endloop
endfacet
facet normal 0.2732665289 -0.9619383578 0.0
  outer loop
    vertex -0.6947153611 0.1640000502 0.0
    vertex -0.281411123 0.281411123 0.0
    vertex -0.281411123 0.281411123 0.1
  endloop
endfacet
facet normal 0.2732665289 -0.9619383578 0.0
  outer loop
    vertex -0.6947153611 0.1640000502 0.0
    vertex -0.281411123 0.281411123 0.1
    vertex -0.6947153611 0.1640000502 0.1
  endloop
endfacet
facet normal -1.0 0.0 0.0
  outer loop
    vertex -0.281411123 0.281411123 0.0
    vertex -0.281411123 -0.281411123 0.0
    vertex -0.281411123 -0.281411123 0.1
  endloop
endfacet
facet normal -1.0 0.0 0.0
  outer loop
    vertex -0.281411123 0.281411123 0.0
    vertex -0.281411123 -0.281411123 0.1
    vertex -0.281411123 0.281411123 0.1
  endloop
endfacet
facet normal 0.2732665289 0.9619383578 0.0
  outer loop
    vertex -0.281411123 -0.281411123 0.0
    vertex -0.6947153611 -0.1640000502 0.0
    vertex -0.6947153611 -0.1640000502 0.1
  endloop
endfacet
facet normal 0.2732665289 0.9619383578 -0.0
  outer loop
    vertex -0.281411123 -0.281411123 0.0
    vertex -0.6947153611 -0.1640000502 0.1
    vertex -0.281411123 -0.281411123 0.1
  endloop
endfacet
facet normal 1.0 -0.0 0.0
  outer loop
    vertex -0.6947153611 -0.1640000502 0.0
    vertex -0.6947153611 0.1640000502 0.0
    vertex -0.6947153611 0.1640000502 0.1
  endloop
endfacet
facet normal 1.0 -0.0 0.0
  outer loop
    vertex -0.6947153611 -0.1640000502 0.0
    vertex -0.6947153611 0.1640000502 0.1
    vertex -0.6947153611 -0.1640000502 0.1
  endloop
endfacet
facet normal 0.0 0.0 -1.0
  outer loop
    vertex 0.1640000502 -0.6947153611 0.1
    vertex -0.1640000502 -0.6947153611 0.1
    vertex -0.281411123 -0.281411123 0.1
  endloop
endfacet
facet normal 0.0 0.0 -1.0
  outer loop
    vertex 0.1640000502 -0.6947153611 0.1
    vertex -0.281411123 -0.281411123 0.1
    vertex 0.281411123 -0.281411123 0.1
  endloop
endfacet
facet normal 0.0 0.0 1.0
  outer loop
    vertex 0.1640000502 -0.6947153611 0.0
    vertex -0.281411123 -0.281411123 0.0
    vertex -0.1640000502 -0.6947153611 0.0
  endloop
endfacet
facet normal 0.0 -0.0 1.0
  outer loop
    vertex 0.1640000502 -0.6947153611 0.0
    vertex 0.281411123 -0.281411123 0.0
    vertex -0.281411123 -0.281411123 0.0
  endloop
endfacet
facet normal 0.0 1.0 0.0
  outer loop
    vertex 0.1640000502 -0.6947153611 0.0
    vertex -0.1640000502 -0.6947153611 0.0
    vertex -0.1640000502 -0.6947153611 0.1
  endloop
endfacet
facet normal 0.0 1.0 -0.0
  outer loop
    vertex 0.1640000502 -0.6947153611 0.0
    vertex -0.1640000502 -0.6947153611 0.1
    vertex 0.1640000502 -0.6947153611 0.1
  endloop
endfacet
facet normal 0.9619383578 0.2732665289 0.0
  outer loop
    vertex -0.1640000502 -0.6947153611 0.0
    vertex -0.281411123 -0.281411123 0.0
    vertex -0.281411123 -0.281411123 0.1
  endloop
endfacet
facet normal 0.9619383578 0.2732665289 -0.0
  outer loop
    vertex -0.1640000502 -0.6947153611 0.0
    vertex -0.281411123 -0.281411123 0.1
    vertex -0.1640000502 -0.6947153611 0.1
  endloop
endfacet
facet normal 0.0 -1.0 0.0
  outer loop
    vertex -0.281411123 -0.281411123 0.0
    vertex 0.281411123 -0.281411123 0.0
    vertex 0.281411123 -0.281411123 0.1
  endloop
endfacet
facet normal 0.0 -1.0 0.0
  outer loop
    vertex -0.281411123 -0.281411123 0.0
    vertex 0.281411123 -0.281411123 0.1
    vertex -0.281411123 -0.281411123 0.1
  endloop
endfacet
facet normal -0.9619383578 0.2732665289 0.0
  outer loop
    vertex 0.281411123 -0.281411123 0.0
    vertex 0.1640000502 -0.6947153611 0.0
    vertex 0.1640000502 -0.6947153611 0.1
  endloop
endfacet
facet normal -0.9619383578 0.2732665289 0.0
  outer loop
    vertex 0.281411123 -0.281411123 0.0
    vertex 0.1640000502 -0.6947153611 0.1
    vertex 0.281411123 -0.281411123 0.1
  endloop
endfacet
facet normal 0.0 0.0 -1.0
  outer loop
    vertex 0.281411123 0.281411123 0.1
    vertex 0.6947153611 0.1640000502 0.1
    vertex 0.6947153611 -0.1640000502 0.1
  endloop
endfacet
facet normal 0.0 -0.0 -1.0
  outer loop
    vertex 0.281411123 0.281411123 0.1
    vertex 0.6947153611 -0.1640000502 0.1
    vertex 0.281411123 -0.281411123 0.1
  endloop
endfacet
facet normal 0.0 0.0 1.0
  outer loop
    vertex 0.281411123 0.281411123 0.0
    vertex 0.6947153611 -0.1640000502 0.0
    vertex 0.6947153611 0.1640000502 0.0
  endloop
endfacet
facet normal 0.0 0.0 1.0
  outer loop
    vertex 0.281411123 0.281411123 0.0
    vertex 0.281411123 -0.281411123 0.0
    vertex 0.6947153611 -0.1640000502 0.0
  endloop
endfacet
facet normal -0.2732665289 -0.9619383578 0.0
  outer loop
    vertex 0.281411123 0.281411123 0.0
    vertex 0.6947153611 0.1640000502 0.0
    vertex 0.6947153611 0.1640000502 0.1
  endloop
endfacet
facet normal -0.2732665289 -0.9619383578 0.0
  outer loop
    vertex 0.281411123 0.281411123 0.0
    vertex 0.6947153611 0.1640000502 0.1
    vertex 0.281411123 0.281411123 0.1
  endloop
endfacet
facet normal -1.0 0.0 0.0
  outer loop
    vertex 0.6947153611 0.1640000502 0.0
    vertex 0.6947153611 -0.1640000502 0.0
    vertex 0.6947153611 -0.1640000502 0.1
  endloop
endfacet
facet normal -1.0 0.0 0.0
  outer loop
    vertex 0.6947153611 0.1640000502 0.0
    vertex 0.6947153611 -0.1640000502 0.1
    vertex 0.6947153611 0.1640000502 0.1
  endloop
endfacet
facet normal -0.2732665289 0.9619383578 0.0
  outer loop
    vertex 0.6947153611 -0.1640000502 0.0
    vertex 0.281411123 -0.281411123 0.0
    vertex 0.281411123 -0.281411123 0.1
  endloop
endfacet
facet normal -0.2732665289 0.9619383578 0.0
  outer loop
    vertex 0.6947153611 -0.1640000502 0.0
    vertex 0.281411123 -0.281411123 0.1
    vertex 0.6947153611 -0.1640000502 0.1
  endloop
endfacet
facet normal 1.0 -0.0 0.0
  outer loop
    vertex 0.281411123 -0.281411123 0.0
    vertex 0.281411123 0.281411123 0.0
    vertex 0.281411123 0.281411123 0.1
  endloop
endfacet
facet normal 1.0 -0.0 0.0
  outer loop
    vertex 0.281411123 -0.281411123 0.0
    vertex 0.281411123 0.281411123 0.1
    vertex 0.281411123 -0.281411123 0.1
  endloop
endfacet
facet normal -0.0 0.0 1.0
  outer loop
    vertex -0.5523004264 0.5523004264 0.1
    vertex -0.281411123 0.281411123 0.1
    vertex -0.1640000502 0.6947153611 0.1
  endloop
endfacet
facet normal 0.0 0.0 1.0
  outer loop
    vertex -0.5523004264 0.5523004264 0.1
    vertex -0.1640000502 0.6947153611 0.1
    vertex -0.414735556 0.7315653281 0.1
  endloop
endfacet
facet normal 0.0 0.0 -1.0
  outer loop
    vertex -0.5523004264 0.5523004264 0.0
    vertex -0.1640000502 0.6947153611 0.0
    vertex -0.281411123 0.281411123 0.0
  endloop
endfacet
facet normal 0.0 0.0 -1.0
  outer loop
    vertex -0.5523004264 0.5523004264 0.0
    vertex -0.414735556 0.7315653281 0.0
    vertex -0.1640000502 0.6947153611 0.0
  endloop
endfacet
facet normal -0.7071067812 -0.7071067812 0.0
  outer loop
    vertex -0.5523004264 0.5523004264 0.0
    vertex -0.281411123 0.281411123 0.0
    vertex -0.281411123 0.281411123 0.1
  endloop
endfacet
facet normal -0.7071067812 -0.7071067812 0.0
  outer loop
    vertex -0.5523004264 0.5523004264 0.0
    vertex -0.281411123 0.281411123 0.1
    vertex -0.5523004264 0.5523004264 0.1
  endloop
endfacet
facet normal 0.9619383578 -0.2732665289 0.0
  outer loop
    vertex -0.281411123 0.281411123 0.0
    vertex -0.1640000502 0.6947153611 0.0
    vertex -0.1640000502 0.6947153611 0.1
  endloop
endfacet
facet normal 0.9619383578 -0.2732665289 0.0
  outer loop
    vertex -0.281411123 0.281411123 0.0
    vertex -0.1640000502 0.6947153611 0.1
    vertex -0.281411123 0.281411123 0.1
  endloop
endfacet
facet normal 0.1454055362 0.9893721393 0.0
  outer loop
    vertex -0.1640000502 0.6947153611 0.0
    vertex -0.414735556 0.7315653281 0.0
    vertex -0.414735556 0.7315653281 0.1
  endloop
endfacet
facet normal 0.1454055362 0.9893721393 -0.0
  outer loop
    vertex -0.1640000502 0.6947153611 0.0
    vertex -0.414735556 0.7315653281 0.1
    vertex -0.1640000502 0.6947153611 0.1
  endloop
endfacet
facet normal -0.7933318097 0.6087894872 0.0
  outer loop
    vertex -0.414735556 0.7315653281 0.0
    vertex -0.5523004264 0.5523004264 0.0
    vertex -0.5523004264 0.5523004264 0.1
  endloop
endfacet
facet normal -0.7933318097 0.6087894872 0.0
  outer loop
    vertex -0.414735556 0.7315653281 0.0
    vertex -0.5523004264 0.5523004264 0.1
    vertex -0.414735556 0.7315653281 0.1
  endloop
endfacet
facet normal 0.0 0.0 1.0
  outer loop
    vertex 0.0697824862 0.886810066 0.1
    vertex -0.0697824862 0.886810066 0.1
    vertex -0.1640000502 0.6947153611 0.1
  endloop
endfacet
facet normal 0.0 0.0 1.0
  outer loop
    vertex 0.0697824862 0.886810066 0.1
    vertex -0.1640000502 0.6947153611 0.1
    vertex 0.1640000502 0.6947153611 0.1
  endloop
endfacet
facet normal -0.0 0.0 -1.0
  outer loop
    vertex 0.0697824862 0.886810066 0.0
    vertex -0.1640000502 0.6947153611 0.0
    vertex -0.0697824862 0.886810066 0.0
  endloop
endfacet
facet normal 0.0 -0.0 -1.0
  outer loop
    vertex 0.0697824862 0.886810066 0.0
    vertex 0.1640000502 0.6947153611 0.0
    vertex -0.1640000502 0.6947153611 0.0
  endloop
endfacet
facet normal 0.0 1.0 0.0
  outer loop
    vertex 0.0697824862 0.886810066 0.0
    vertex -0.0697824862 0.886810066 0.0
    vertex -0.0697824862 0.886810066 0.1
  endloop
endfacet
facet normal 0.0 1.0 -0.0
  outer loop
    vertex 0.0697824862 0.886810066 0.0
    vertex -0.0697824862 0.886810066 0.1
    vertex 0.0697824862 0.886810066 0.1
  endloop
endfacet
facet normal -0.8978218863 0.4403587861 0.0
  outer loop
    vertex -0.0697824862 0.886810066 0.0
    vertex -0.1640000502 0.6947153611 0.0
    vertex -0.1640000502 0.6947153611 0.1
  endloop
endfacet
facet normal -0.8978218863 0.4403587861 0.0
  outer loop
    vertex -0.0697824862 0.886810066 0.0
    vertex -0.1640000502 0.6947153611 0.1
    vertex -0.0697824862 0.886810066 0.1
  endloop
endfacet
facet normal -0.0 -1.0 0.0
  outer loop
    vertex -0.1640000502 0.6947153611 0.0
    vertex 0.1640000502 0.6947153611 0.0
    vertex 0.1640000502 0.6947153611 0.1
  endloop
endfacet
facet normal -0.0 -1.0 0.0
  outer loop
    vertex -0.1640000502 0.6947153611 0.0
    vertex 0.1640000502 0.6947153611 0.1
    vertex -0.1640000502 0.6947153611 0.1
  endloop
endfacet
facet normal 0.8978218863 0.4403587861 0.0
  outer loop
    vertex 0.1640000502 0.6947153611 0.0
    vertex 0.0697824862 0.886810066 0.0
    vertex 0.0697824862 0.886810066 0.1
  endloop
endfacet
facet normal 0.8978218863 0.4403587861 -0.0
  outer loop
    vertex 0.1640000502 0.6947153611 0.0
    vertex 0.0697824862 0.886810066 0.1
    vertex 0.1640000502 0.6947153611 0.1
  endloop
endfacet
facet normal 0.0 0.0 1.0
  outer loop
    vertex 0.281411123 0.281411123 0.1
    vertex 0.5523004264 0.5523004264 0.1
    vertex 0.414735556 0.7315653281 0.1
  endloop
endfacet
facet normal 0.0 -0.0 1.0
  outer loop
    vertex 0.281411123 0.281411123 0.1
    vertex 0.414735556 0.7315653281 0.1
    vertex 0.1640000502 0.6947153611 0.1
  endloop
endfacet
facet normal 0.0 0.0 -1.0
  outer loop
    vertex 0.281411123 0.281411123 0.0
    vertex 0.414735556 0.7315653281 0.0
    vertex 0.5523004264 0.5523004264 0.0
  endloop
endfacet
facet normal 0.0 0.0 -1.0
  outer loop
    vertex 0.281411123 0.281411123 0.0
    vertex 0.1640000502 0.6947153611 0.0
    vertex 0.414735556 0.7315653281 0.0
  endloop
endfacet
facet normal 0.7071067812 -0.7071067812 0.0
  outer loop
    vertex 0.281411123 0.281411123 0.0
    vertex 0.5523004264 0.5523004264 0.0
    vertex 0.5523004264 0.5523004264 0.1
  endloop
endfacet
facet normal 0.7071067812 -0.7071067812 0.0
  outer loop
    vertex 0.281411123 0.281411123 0.0
    vertex 0.5523004264 0.5523004264 0.1
    vertex 0.281411123 0.281411123 0.1
  endloop
endfacet
facet normal 0.7933318097 0.6087894872 0.0
  outer loop
    vertex 0.5523004264 0.5523004264 0.0
    vertex 0.414735556 0.7315653281 0.0
    vertex 0.414735556 0.7315653281 0.1
  endloop
endfacet
facet normal 0.7933318097 0.6087894872 -0.0
  outer loop
    vertex 0.5523004264 0.5523004264 0.0
    vertex 0.414735556 0.7315653281 0.1
    vertex 0.5523004264 0.5523004264 0.1
  endloop
endfacet
facet normal -0.1454055362 0.9893721393 0.0
  outer loop
    vertex 0.414735556 0.7315653281 0.0
    vertex 0.1640000502 0.6947153611 0.0
    vertex 0.1640000502 0.6947153611 0.1
  endloop
endfacet
facet normal -0.1454055362 0.9893721393 0.0
  outer loop
    vertex 0.414735556 0.7315653281 0.0
    vertex 0.1640000502 0.6947153611 0.1
    vertex 0.414735556 0.7315653281 0.1
  endloop
endfacet
facet normal -0.9619383578 -0.2732665289 0.0
  outer loop
    vertex 0.1640000502 0.6947153611 0.0
    vertex 0.281411123 0.281411123 0.0
    vertex 0.281411123 0.281411123 0.1
  endloop
endfacet
facet normal -0.9619383578 -0.2732665289 0.0
  outer loop
    vertex 0.1640000502 0.6947153611 0.0
    vertex 0.281411123 0.281411123 0.1
    vertex 0.1640000502 0.6947153611 0.1
  endloop
endfacet
facet normal 0.0 0.0 1.0
  outer loop
    vertex -0.6947153611 0.1640000502 0.1
    vertex -0.281411123 0.281411123 0.1
    vertex -0.5523004264 0.5523004264 0.1
  endloop
endfacet
facet normal 0.0 -0.0 1.0
  outer loop
    vertex -0.6947153611 0.1640000502 0.1
    vertex -0.5523004264 0.5523004264 0.1
    vertex -0.7315653281 0.414735556 0.1
  endloop
endfacet
facet normal 0.0 0.0 -1.0
  outer loop
    vertex -0.6947153611 0.1640000502 0.0
    vertex -0.5523004264 0.5523004264 0.0
    vertex -0.281411123 0.281411123 0.0
  endloop
endfacet
facet normal 0.0 0.0 -1.0
  outer loop
    vertex -0.6947153611 0.1640000502 0.0
    vertex -0.7315653281 0.414735556 0.0
    vertex -0.5523004264 0.5523004264 0.0
  endloop
endfacet
facet normal 0.2732665289 -0.9619383578 0.0
  outer loop
    vertex -0.6947153611 0.1640000502 0.0
    vertex -0.281411123 0.281411123 0.0
    vertex -0.281411123 0.281411123 0.1
  endloop
endfacet
facet normal 0.2732665289 -0.9619383578 0.0
  outer loop
    vertex -0.6947153611 0.1640000502 0.0
    vertex -0.281411123 0.281411123 0.1
    vertex -0.6947153611 0.1640000502 0.1
  endloop
endfacet
facet normal 0.7071067812 0.7071067812 0.0
  outer loop
    vertex -0.281411123 0.281411123 0.0
    vertex -0.5523004264 0.5523004264 0.0
    vertex -0.5523004264 0.5523004264 0.1
  endloop
endfacet
facet normal 0.7071067812 0.7071067812 -0.0
  outer loop
    vertex -0.281411123 0.281411123 0.0
    vertex -0.5523004264 0.5523004264 0.1
    vertex -0.281411123 0.281411123 0.1
  endloop
endfacet
facet normal -0.6087894872 0.7933318097 0.0
  outer loop
    vertex -0.5523004264 0.5523004264 0.0
    vertex -0.7315653281 0.414735556 0.0
    vertex -0.7315653281 0.414735556 0.1
  endloop
endfacet
facet normal -0.6087894872 0.7933318097 0.0
  outer loop
    vertex -0.5523004264 0.5523004264 0.0
    vertex -0.7315653281 0.414735556 0.1
    vertex -0.5523004264 0.5523004264 0.1
  endloop
endfacet
facet normal -0.9893721393 -0.1454055362 0.0
  outer loop
    vertex -0.7315653281 0.414735556 0.0
    vertex -0.6947153611 0.1640000502 0.0
    vertex -0.6947153611 0.1640000502 0.1
  endloop
endfacet
facet normal -0.9893721393 -0.1454055362 0.0
  outer loop
    vertex -0.7315653281 0.414735556 0.0
    vertex -0.6947153611 0.1640000502 0.1
    vertex -0.7315653281 0.414735556 0.1
  endloop
endfacet
facet normal -0.0 0.0 1.0
  outer loop
    vertex -0.7315653281 -0.414735556 0.1
    vertex -0.5523004264 -0.5523004264 0.1
    vertex -0.281411123 -0.281411123 0.1
  endloop
endfacet
facet normal 0.0 0.0 1.0
  outer loop
    vertex -0.7315653281 -0.414735556 0.1
    vertex -0.281411123 -0.281411123 0.1
    vertex -0.6947153611 -0.1640000502 0.1
  endloop
endfacet
facet normal 0.0 0.0 -1.0
  outer loop
    vertex -0.7315653281 -0.414735556 0.0
    vertex -0.281411123 -0.281411123 0.0
    vertex -0.5523004264 -0.5523004264 0.0
  endloop
endfacet
facet normal 0.0 0.0 -1.0
  outer loop
    vertex -0.7315653281 -0.414735556 0.0
    vertex -0.6947153611 -0.1640000502 0.0
    vertex -0.281411123 -0.281411123 0.0
  endloop
endfacet
facet normal -0.6087894872 -0.7933318097 0.0
  outer loop
    vertex -0.7315653281 -0.414735556 0.0
    vertex -0.5523004264 -0.5523004264 0.0
    vertex -0.5523004264 -0.5523004264 0.1
  endloop
endfacet
facet normal -0.6087894872 -0.7933318097 0.0
  outer loop
    vertex -0.7315653281 -0.414735556 0.0
    vertex -0.5523004264 -0.5523004264 0.1
    vertex -0.7315653281 -0.414735556 0.1
  endloop
endfacet
facet normal 0.7071067812 -0.7071067812 0.0
  outer loop
    vertex -0.5523004264 -0.5523004264 0.0
    vertex -0.281411123 -0.281411123 0.0
    vertex -0.281411123 -0.281411123 0.1
  endloop
endfacet
facet normal 0.7071067812 -0.7071067812 0.0
  outer loop
    vertex -0.5523004264 -0.5523004264 0.0
    vertex -0.281411123 -0.281411123 0.1
    vertex -0.5523004264 -0.5523004264 0.1
  endloop
endfacet
facet normal 0.2732665289 0.9619383578 0.0
  outer loop
    vertex -0.281411123 -0.281411123 0.0
    vertex -0.6947153611 -0.1640000502 0.0
    vertex -0.6947153611 -0.1640000502 0.1
  endloop
endfacet
facet normal 0.2732665289 0.9619383578 -0.0
  outer loop
    vertex -0.281411123 -0.281411123 0.0
    vertex -0.6947153611 -0.1640000502 0.1
    vertex -0.281411123 -0.281411123 0.1
  endloop
endfacet
facet normal -0.9893721393 0.1454055362 0.0
  outer loop
    vertex -0.6947153611 -0.1640000502 0.0
    vertex -0.7315653281 -0.414735556 0.0
    vertex -0.7315653281 -0.414735556 0.1
  endloop
endfacet
facet normal -0.9893721393 0.1454055362 0.0
  outer loop
    vertex -0.6947153611 -0.1640000502 0.0
    vertex -0.7315653281 -0.414735556 0.1
    vertex -0.6947153611 -0.1640000502 0.1
  endloop
endfacet
facet normal 0.0 0.0 1.0
  outer loop
    vertex -0.6947153611 0.1640000502 0.1
    vertex -0.886810066 0.0697824862 0.1
    vertex -0.886810066 -0.0697824862 0.1
  endloop
endfacet
facet normal 0.0 0.0 1.0
  outer loop
    vertex -0.6947153611 0.1640000502 0.1
    vertex -0.886810066 -0.0697824862 0.1
    vertex -0.6947153611 -0.1640000502 0.1
  endloop
endfacet
facet normal 0.0 0.0 -1.0
  outer loop
    vertex -0.6947153611 0.1640000502 0.0
    vertex -0.886810066 -0.0697824862 0.0
    vertex -0.886810066 0.0697824862 0.0
  endloop
endfacet
facet normal 0.0 0.0 -1.0
  outer loop
    vertex -0.6947153611 0.1640000502 0.0
    vertex -0.6947153611 -0.1640000502 0.0
    vertex -0.886810066 -0.0697824862 0.0
  endloop
endfacet
facet normal -0.4403587861 0.8978218863 0.0
  outer loop
    vertex -0.6947153611 0.1640000502 0.0
    vertex -0.886810066 0.0697824862 0.0
    vertex -0.886810066 0.0697824862 0.1
  endloop
endfacet
facet normal -0.4403587861 0.8978218863 0.0
  outer loop
    vertex -0.6947153611 0.1640000502 0.0
    vertex -0.886810066 0.0697824862 0.1
    vertex -0.6947153611 0.1640000502 0.1
  endloop
endfacet
facet normal -1.0 0.0 0.0
  outer loop
    vertex -0.886810066 0.0697824862 0.0
    vertex -0.886810066 -0.0697824862 0.0
    vertex -0.886810066 -0.0697824862 0.1
  endloop
endfacet
facet normal -1.0 0.0 0.0
  outer loop
    vertex -0.886810066 0.0697824862 0.0
    vertex -0.886810066 -0.0697824862 0.1
    vertex -0.886810066 0.0697824862 0.1
  endloop
endfacet
facet normal -0.4403587861 -0.8978218863 0.0
  outer loop
    vertex -0.886810066 -0.0697824862 0.0
    vertex -0.6947153611 -0.1640000502 0.0
    vertex -0.6947153611 -0.1640000502 0.1
  endloop
endfacet
facet normal -0.4403587861 -0.8978218863 0.0
  outer loop
    vertex -0.886810066 -0.0697824862 0.0
    vertex -0.6947153611 -0.1640000502 0.1
    vertex -0.886810066 -0.0697824862 0.1
  endloop
endfacet
facet normal 1.0 -0.0 0.0
  outer loop
    vertex -0.6947153611 -0.1640000502 0.0
    vertex -0.6947153611 0.1640000502 0.0
    vertex -0.6947153611 0.1640000502 0.1
  endloop
endfacet
facet normal 1.0 -0.0 0.0
  outer loop
    vertex -0.6947153611 -0.1640000502 0.0
    vertex -0.6947153611 0.1640000502 0.1
    vertex -0.6947153611 -0.1640000502 0.1
  endloop
endfacet
facet normal 0.0 0.0 1.0
  outer loop
    vertex 0.1640000502 -0.6947153611 0.1
    vertex -0.1640000502 -0.6947153611 0.1
    vertex -0.0697824862 -0.886810066 0.1
  endloop
endfacet
facet normal 0.0 0.0 1.0
  outer loop
    vertex 0.1640000502 -0.6947153611 0.1
    vertex -0.0697824862 -0.886810066 0.1
    vertex 0.0697824862 -0.886810066 0.1
  endloop
endfacet
facet normal 0.0 0.0 -1.0
  outer loop
    vertex 0.1640000502 -0.6947153611 0.0
    vertex -0.0697824862 -0.886810066 0.0
    vertex -0.1640000502 -0.6947153611 0.0
  endloop
endfacet
facet normal 0.0 0.0 -1.0
  outer loop
    vertex 0.1640000502 -0.6947153611 0.0
    vertex 0.0697824862 -0.886810066 0.0
    vertex -0.0697824862 -0.886810066 0.0
  endloop
endfacet
facet normal -0.0 1.0 0.0
  outer loop
    vertex 0.1640000502 -0.6947153611 0.0
    vertex -0.1640000502 -0.6947153611 0.0
    vertex -0.1640000502 -0.6947153611 0.1
  endloop
endfacet
facet normal -0.0 1.0 0.0
  outer loop
    vertex 0.1640000502 -0.6947153611 0.0
    vertex -0.1640000502 -0.6947153611 0.1
    vertex 0.1640000502 -0.6947153611 0.1
  endloop
endfacet
facet normal -0.8978218863 -0.4403587861 0.0
  outer loop
    vertex -0.1640000502 -0.6947153611 0.0
    vertex -0.0697824862 -0.886810066 0.0
    vertex -0.0697824862 -0.886810066 0.1
  endloop
endfacet
facet normal -0.8978218863 -0.4403587861 0.0
  outer loop
    vertex -0.1640000502 -0.6947153611 0.0
    vertex -0.0697824862 -0.886810066 0.1
    vertex -0.1640000502 -0.6947153611 0.1
  endloop
endfacet
facet normal 0.0 -1.0 0.0
  outer loop
    vertex -0.0697824862 -0.886810066 0.0
    vertex 0.0697824862 -0.886810066 0.0
    vertex 0.0697824862 -0.886810066 0.1
  endloop
endfacet
facet normal 0.0 -1.0 0.0
  outer loop
    vertex -0.0697824862 -0.886810066 0.0
    vertex 0.0697824862 -0.886810066 0.1
    vertex -0.0697824862 -0.886810066 0.1
  endloop
endfacet
facet normal 0.8978218863 -0.4403587861 0.0
  outer loop
    vertex 0.0697824862 -0.886810066 0.0
    vertex 0.1640000502 -0.6947153611 0.0
    vertex 0.1640000502 -0.6947153611 0.1
  endloop
endfacet
facet normal 0.8978218863 -0.4403587861 0.0
  outer loop
    vertex 0.0697824862 -0.886810066 0.0
    vertex 0.1640000502 -0.6947153611 0.1
    vertex 0.0697824862 -0.886810066 0.1
  endloop
endfacet
facet normal 0.0 0.0 1.0
  outer loop
    vertex -0.414735556 -0.7315653281 0.1
    vertex -0.1640000502 -0.6947153611 0.1
    vertex -0.281411123 -0.281411123 0.1
  endloop
endfacet
facet normal 0.0 -0.0 1.0
  outer loop
    vertex -0.414735556 -0.7315653281 0.1
    vertex -0.281411123 -0.281411123 0.1
    vertex -0.5523004264 -0.5523004264 0.1
  endloop
endfacet
facet normal 0.0 0.0 -1.0
  outer loop
    vertex -0.414735556 -0.7315653281 0.0
    vertex -0.281411123 -0.281411123 0.0
    vertex -0.1640000502 -0.6947153611 0.0
  endloop
endfacet
facet normal 0.0 0.0 -1.0
  outer loop
    vertex -0.414735556 -0.7315653281 0.0
    vertex -0.5523004264 -0.5523004264 0.0
    vertex -0.281411123 -0.281411123 0.0
  endloop
endfacet
facet normal 0.1454055362 -0.9893721393 0.0
  outer loop
    vertex -0.414735556 -0.7315653281 0.0
    vertex -0.1640000502 -0.6947153611 0.0
    vertex -0.1640000502 -0.6947153611 0.1
  endloop
endfacet
facet normal 0.1454055362 -0.9893721393 0.0
  outer loop
    vertex -0.414735556 -0.7315653281 0.0
    vertex -0.1640000502 -0.6947153611 0.1
    vertex -0.414735556 -0.7315653281 0.1
  endloop
endfacet
facet normal 0.9619383578 0.2732665289 0.0
  outer loop
    vertex -0.1640000502 -0.6947153611 0.0
    vertex -0.281411123 -0.281411123 0.0
    vertex -0.281411123 -0.281411123 0.1
  endloop
endfacet
facet normal 0.9619383578 0.2732665289 -0.0
  outer loop
    vertex -0.1640000502 -0.6947153611 0.0
    vertex -0.281411123 -0.281411123 0.1
    vertex -0.1640000502 -0.6947153611 0.1
  endloop
endfacet
facet normal -0.7071067812 0.7071067812 0.0
  outer loop
    vertex -0.281411123 -0.281411123 0.0
    vertex -0.5523004264 -0.5523004264 0.0
    vertex -0.5523004264 -0.5523004264 0.1
  endloop
endfacet
facet normal -0.7071067812 0.7071067812 0.0
  outer loop
    vertex -0.281411123 -0.281411123 0.0
    vertex -0.5523004264 -0.5523004264 0.1
    vertex -0.281411123 -0.281411123 0.1
  endloop
endfacet
facet normal -0.7933318097 -0.6087894872 0.0
  outer loop
    vertex -0.5523004264 -0.5523004264 0.0
    vertex -0.414735556 -0.7315653281 0.0
    vertex -0.414735556 -0.7315653281 0.1
  endloop
endfacet
facet normal -0.7933318097 -0.6087894872 0.0
  outer loop
    vertex -0.5523004264 -0.5523004264 0.0
    vertex -0.414735556 -0.7315653281 0.1
    vertex -0.5523004264 -0.5523004264 0.1
  endloop
endfacet
facet normal -0.0 0.0 1.0
  outer loop
    vertex 0.1640000502 -0.6947153611 0.1
    vertex 0.414735556 -0.7315653281 0.1
    vertex 0.5523004264 -0.5523004264 0.1
  endloop
endfacet
facet normal 0.0 0.0 1.0
  outer loop
    vertex 0.1640000502 -0.6947153611 0.1
    vertex 0.5523004264 -0.5523004264 0.1
    vertex 0.281411123 -0.281411123 0.1
  endloop
endfacet
facet normal 0.0 0.0 -1.0
  outer loop
    vertex 0.1640000502 -0.6947153611 0.0
    vertex 0.5523004264 -0.5523004264 0.0
    vertex 0.414735556 -0.7315653281 0.0
  endloop
endfacet
facet normal 0.0 0.0 -1.0
  outer loop
    vertex 0.1640000502 -0.6947153611 0.0
    vertex 0.281411123 -0.281411123 0.0
    vertex 0.5523004264 -0.5523004264 0.0
  endloop
endfacet
facet normal -0.1454055362 -0.9893721393 0.0
  outer loop
    vertex 0.1640000502 -0.6947153611 0.0
    vertex 0.414735556 -0.7315653281 0.0
    vertex 0.414735556 -0.7315653281 0.1
  endloop
endfacet
facet normal -0.1454055362 -0.9893721393 0.0
  outer loop
    vertex 0.1640000502 -0.6947153611 0.0
    vertex 0.414735556 -0.7315653281 0.1
    vertex 0.1640000502 -0.6947153611 0.1
  endloop
endfacet
facet normal 0.7933318097 -0.6087894872 0.0
  outer loop
    vertex 0.414735556 -0.7315653281 0.0
    vertex 0.5523004264 -0.5523004264 0.0
    vertex 0.5523004264 -0.5523004264 0.1
  endloop
endfacet
facet normal 0.7933318097 -0.6087894872 0.0
  outer loop
    vertex 0.414735556 -0.7315653281 0.0
    vertex 0.5523004264 -0.5523004264 0.1
    vertex 0.414735556 -0.7315653281 0.1
  endloop
endfacet
facet normal 0.7071067812 0.7071067812 0.0
  outer loop
    vertex 0.5523004264 -0.5523004264 0.0
    vertex 0.281411123 -0.281411123 0.0
    vertex 0.281411123 -0.281411123 0.1
  endloop
endfacet
facet normal 0.7071067812 0.7071067812 -0.0
  outer loop
    vertex 0.5523004264 -0.5523004264 0.0
    vertex 0.281411123 -0.281411123 0.1
    vertex 0.5523004264 -0.5523004264 0.1
  endloop
endfacet
facet normal -0.9619383578 0.2732665289 0.0
  outer loop
    vertex 0.281411123 -0.281411123 0.0
    vertex 0.1640000502 -0.6947153611 0.0
    vertex 0.1640000502 -0.6947153611 0.1
  endloop
endfacet
facet normal -0.9619383578 0.2732665289 0.0
  outer loop
    vertex 0.281411123 -0.281411123 0.0
    vertex 0.1640000502 -0.6947153611 0.1
    vertex 0.281411123 -0.281411123 0.1
  endloop
endfacet
facet normal -0.0 0.0 1.0
  outer loop
    vertex 0.281411123 0.281411123 0.1
    vertex 0.6947153611 0.1640000502 0.1
    vertex 0.7315653281 0.414735556 0.1
  endloop
endfacet
facet normal 0.0 0.0 1.0
  outer loop
    vertex 0.281411123 0.281411123 0.1
    vertex 0.7315653281 0.414735556 0.1
    vertex 0.5523004264 0.5523004264 0.1
  endloop
endfacet
facet normal 0.0 0.0 -1.0
  outer loop
    vertex 0.281411123 0.281411123 0.0
    vertex 0.7315653281 0.414735556 0.0
    vertex 0.6947153611 0.1640000502 0.0
  endloop
endfacet
facet normal 0.0 0.0 -1.0
  outer loop
    vertex 0.281411123 0.281411123 0.0
    vertex 0.5523004264 0.5523004264 0.0
    vertex 0.7315653281 0.414735556 0.0
  endloop
endfacet
facet normal -0.2732665289 -0.9619383578 0.0
  outer loop
    vertex 0.281411123 0.281411123 0.0
    vertex 0.6947153611 0.1640000502 0.0
    vertex 0.6947153611 0.1640000502 0.1
  endloop
endfacet
facet normal -0.2732665289 -0.9619383578 0.0
  outer loop
    vertex 0.281411123 0.281411123 0.0
    vertex 0.6947153611 0.1640000502 0.1
    vertex 0.281411123 0.281411123 0.1
  endloop
endfacet
facet normal 0.9893721393 -0.1454055362 0.0
  outer loop
    vertex 0.6947153611 0.1640000502 0.0
    vertex 0.7315653281 0.414735556 0.0
    vertex 0.7315653281 0.414735556 0.1
  endloop
endfacet
facet normal 0.9893721393 -0.1454055362 0.0
  outer loop
    vertex 0.6947153611 0.1640000502 0.0
    vertex 0.7315653281 0.414735556 0.1
    vertex 0.6947153611 0.1640000502 0.1
  endloop
endfacet
facet normal 0.6087894872 0.7933318097 0.0
  outer loop
    vertex 0.7315653281 0.414735556 0.0
    vertex 0.5523004264 0.5523004264 0.0
    vertex 0.5523004264 0.5523004264 0.1
  endloop
endfacet
facet normal 0.6087894872 0.7933318097 -0.0
  outer loop
    vertex 0.7315653281 0.414735556 0.0
    vertex 0.5523004264 0.5523004264 0.1
    vertex 0.7315653281 0.414735556 0.1
  endloop
endfacet
facet normal -0.7071067812 0.7071067812 0.0
  outer loop
    vertex 0.5523004264 0.5523004264 0.0
    vertex 0.281411123 0.281411123 0.0
    vertex 0.281411123 0.281411123 0.1
  endloop
endfacet
facet normal -0.7071067812 0.7071067812 0.0
  outer loop
    vertex 0.5523004264 0.5523004264 0.0
    vertex 0.281411123 0.281411123 0.1
    vertex 0.5523004264 0.5523004264 0.1
  endloop
endfacet
facet normal 0.0 0.0 1.0
  outer loop
    vertex 0.886810066 0.0697824862 0.1
    vertex 0.6947153611 0.1640000502 0.1
    vertex 0.6947153611 -0.1640000502 0.1
  endloop
endfacet
facet normal 0.0 0.0 1.0
  outer loop
    vertex 0.886810066 0.0697824862 0.1
    vertex 0.6947153611 -0.1640000502 0.1
    vertex 0.886810066 -0.0697824862 0.1
  endloop
endfacet
facet normal -0.0 0.0 -1.0
  outer loop
    vertex 0.886810066 0.0697824862 0.0
    vertex 0.6947153611 -0.1640000502 0.0
    vertex 0.6947153611 0.1640000502 0.0
  endloop
endfacet
facet normal 0.0 -0.0 -1.0
  outer loop
    vertex 0.886810066 0.0697824862 0.0
    vertex 0.886810066 -0.0697824862 0.0
    vertex 0.6947153611 -0.1640000502 0.0
  endloop
endfacet
facet normal 0.4403587861 0.8978218863 0.0
  outer loop
    vertex 0.886810066 0.0697824862 0.0
    vertex 0.6947153611 0.1640000502 0.0
    vertex 0.6947153611 0.1640000502 0.1
  endloop
endfacet
facet normal 0.4403587861 0.8978218863 -0.0
  outer loop
    vertex 0.886810066 0.0697824862 0.0
    vertex 0.6947153611 0.1640000502 0.1
    vertex 0.886810066 0.0697824862 0.1
  endloop
endfacet
facet normal -1.0 -0.0 0.0
  outer loop
    vertex 0.6947153611 0.1640000502 0.0
    vertex 0.6947153611 -0.1640000502 0.0
    vertex 0.6947153611 -0.1640000502 0.1
  endloop
endfacet
facet normal -1.0 -0.0 0.0
  outer loop
    vertex 0.6947153611 0.1640000502 0.0
    vertex 0.6947153611 -0.1640000502 0.1
    vertex 0.6947153611 0.1640000502 0.1
  endloop
endfacet
facet normal 0.4403587861 -0.8978218863 0.0
  outer loop
    vertex 0.6947153611 -0.1640000502 0.0
    vertex 0.886810066 -0.0697824862 0.0
    vertex 0.886810066 -0.0697824862 0.1
  endloop
endfacet
facet normal 0.4403587861 -0.8978218863 0.0
  outer loop
    vertex 0.6947153611 -0.1640000502 0.0
    vertex 0.886810066 -0.0697824862 0.1
    vertex 0.6947153611 -0.1640000502 0.1
  endloop
endfacet
facet normal 1.0 0.0 0.0
  outer loop
    vertex 0.886810066 -0.0697824862 0.0
    vertex 0.886810066 0.0697824862 0.0
    vertex 0.886810066 0.0697824862 0.1
  endloop
endfacet
facet normal 1.0 0.0 0.0
  outer loop
    vertex 0.886810066 -0.0697824862 0.0
    vertex 0.886810066 0.0697824862 0.1
    vertex 0.886810066 -0.0697824862 0.1
  endloop
endfacet
facet normal 0.0 0.0 1.0
  outer loop
    vertex 0.5523004264 -0.5523004264 0.1
    vertex 0.7315653281 -0.414735556 0.1
    vertex 0.6947153611 -0.1640000502 0.1
  endloop
endfacet
facet normal 0.0 -0.0 1.0
  outer loop
    vertex 0.5523004264 -0.5523004264 0.1
    vertex 0.6947153611 -0.1640000502 0.1
    vertex 0.281411123 -0.281411123 0.1
  endloop
endfacet
facet normal 0.0 0.0 -1.0
  outer loop
    vertex 0.5523004264 -0.5523004264 0.0
    vertex 0.6947153611 -0.1640000502 0.0
    vertex 0.7315653281 -0.414735556 0.0
  endloop
endfacet
facet normal 0.0 0.0 -1.0
  outer loop
    vertex 0.5523004264 -0.5523004264 0.0
    vertex 0.281411123 -0.281411123 0.0
    vertex 0.6947153611 -0.1640000502 0.0
  endloop
endfacet
facet normal 0.6087894872 -0.7933318097 0.0
  outer loop
    vertex 0.5523004264 -0.5523004264 0.0
    vertex 0.7315653281 -0.414735556 0.0
    vertex 0.7315653281 -0.414735556 0.1
  endloop
endfacet
facet normal 0.6087894872 -0.7933318097 0.0
  outer loop
    vertex 0.5523004264 -0.5523004264 0.0
    vertex 0.7315653281 -0.414735556 0.1
    vertex 0.5523004264 -0.5523004264 0.1
  endloop
endfacet
facet normal 0.9893721393 0.1454055362 0.0
  outer loop
    vertex 0.7315653281 -0.414735556 0.0
    vertex 0.6947153611 -0.1640000502 0.0
    vertex 0.6947153611 -0.1640000502 0.1
  endloop
endfacet
facet normal 0.9893721393 0.1454055362 -0.0
  outer loop
    vertex 0.7315653281 -0.414735556 0.0
    vertex 0.6947153611 -0.1640000502 0.1
    vertex 0.7315653281 -0.414735556 0.1
  endloop
endfacet
facet normal -0.2732665289 0.9619383578 0.0
  outer loop
    vertex 0.6947153611 -0.1640000502 0.0
    vertex 0.281411123 -0.281411123 0.0
    vertex 0.281411123 -0.281411123 0.1
  endloop
endfacet
facet normal -0.2732665289 0.9619383578 0.0
  outer loop
    vertex 0.6947153611 -0.1640000502 0.0
    vertex 0.281411123 -0.281411123 0.1
    vertex 0.6947153611 -0.1640000502 0.1
  endloop
endfacet
facet normal -0.7071067812 -0.7071067812 0.0
  outer loop
    vertex 0.281411123 -0.281411123 0.0
    vertex 0.5523004264 -0.5523004264 0.0
    vertex 0.5523004264 -0.5523004264 0.1
  endloop
endfacet
facet normal -0.7071067812 -0.7071067812 0.0
  outer loop
    vertex 0.281411123 -0.281411123 0.0
    vertex 0.5523004264 -0.5523004264 0.1
    vertex 0.281411123 -0.281411123 0.1
  endloop
endfacet
facet normal 0.0 -0.0 -1.0
  outer loop
    vertex -0.5523004264 0.5523004264 0.1
    vertex -0.281411123 0.281411123 0.1
    vertex -0.6947153611 0.1640000502 0.1
  endloop
endfacet
facet normal 0.0 0.0 -1.0
  outer loop
    vertex -0.5523004264 0.5523004264 0.1
    vertex -0.6947153611 0.1640000502 0.1
    vertex -0.7315653281 0.414735556 0.1
  endloop
endfacet
facet normal 0.0 0.0 1.0
  outer loop
    vertex -0.5523004264 0.5523004264 0.0
    vertex -0.6947153611 0.1640000502 0.0
    vertex -0.281411123 0.281411123 0.0
  endloop
endfacet
facet normal 0.0 0.0 1.0
  outer loop
    vertex -0.5523004264 0.5523004264 0.0
    vertex -0.7315653281 0.414735556 0.0
    vertex -0.6947153611 0.1640000502 0.0
  endloop
endfacet
facet normal -0.7071067812 -0.7071067812 0.0
  outer loop
    vertex -0.5523004264 0.5523004264 0.0
    vertex -0.281411123 0.281411123 0.0
    vertex -0.281411123 0.281411123 0.1
  endloop
endfacet
facet normal -0.7071067812 -0.7071067812 0.0
  outer loop
    vertex -0.5523004264 0.5523004264 0.0
    vertex -0.281411123 0.281411123 0.1
    vertex -0.5523004264 0.5523004264 0.1
  endloop
endfacet
facet normal -0.2732665289 0.9619383578 0.0
  outer loop
    vertex -0.281411123 0.281411123 0.0
    vertex -0.6947153611 0.1640000502 0.0
    vertex -0.6947153611 0.1640000502 0.1
  endloop
endfacet
facet normal -0.2732665289 0.9619383578 0.0
  outer loop
    vertex -0.281411123 0.281411123 0.0
    vertex -0.6947153611 0.1640000502 0.1
    vertex -0.281411123 0.281411123 0.1
  endloop
endfacet
facet normal 0.9893721393 0.1454055362 0.0
  outer loop
    vertex -0.6947153611 0.1640000502 0.0
    vertex -0.7315653281 0.414735556 0.0
    vertex -0.7315653281 0.414735556 0.1
  endloop
endfacet
facet normal 0.9893721393 0.1454055362 -0.0
  outer loop
    vertex -0.6947153611 0.1640000502 0.0
    vertex -0.7315653281 0.414735556 0.1
    vertex -0.6947153611 0.1640000502 0.1
  endloop
endfacet
facet normal 0.6087894872 -0.7933318097 0.0
  outer loop
    vertex -0.7315653281 0.414735556 0.0
    vertex -0.5523004264 0.5523004264 0.0
    vertex -0.5523004264 0.5523004264 0.1
  endloop
endfacet
facet normal 0.6087894872 -0.7933318097 0.0
  outer loop
    vertex -0.7315653281 0.414735556 0.0
    vertex -0.5523004264 0.5523004264 0.1
    vertex -0.7315653281 0.414735556 0.1
  endloop
endfacet
facet normal 0.0 0.0 -1.0
  outer loop
    vertex -0.3559749225 0.8548707948 0.1
    vertex -0.251036924 0.8716343299 0.1
    vertex -0.1640000502 0.6947153611 0.1
  endloop
endfacet
facet normal 0.0 -0.0 -1.0
  outer loop
    vertex -0.3559749225 0.8548707948 0.1
    vertex -0.1640000502 0.6947153611 0.1
    vertex -0.414735556 0.7315653281 0.1
  endloop
endfacet
facet normal -0.0 0.0 1.0
  outer loop
    vertex -0.3559749225 0.8548707948 0.0
    vertex -0.1640000502 0.6947153611 0.0
    vertex -0.251036924 0.8716343299 0.0
  endloop
endfacet
facet normal 0.0 0.0 1.0
  outer loop
    vertex -0.3559749225 0.8548707948 0.0
    vertex -0.414735556 0.7315653281 0.0
    vertex -0.1640000502 0.6947153611 0.0
  endloop
endfacet
facet normal 0.1577469423 -0.9874795705 0.0
  outer loop
    vertex -0.3559749225 0.8548707948 0.0
    vertex -0.251036924 0.8716343299 0.0
    vertex -0.251036924 0.8716343299 0.1
  endloop
endfacet
facet normal 0.1577469423 -0.9874795705 0.0
  outer loop
    vertex -0.3559749225 0.8548707948 0.0
    vertex -0.251036924 0.8716343299 0.1
    vertex -0.3559749225 0.8548707948 0.1
  endloop
endfacet
facet normal -0.8972946347 -0.4414321449 0.0
  outer loop
    vertex -0.251036924 0.8716343299 0.0
    vertex -0.1640000502 0.6947153611 0.0
    vertex -0.1640000502 0.6947153611 0.1
  endloop
endfacet
facet normal -0.8972946347 -0.4414321449 0.0
  outer loop
    vertex -0.251036924 0.8716343299 0.0
    vertex -0.1640000502 0.6947153611 0.1
    vertex -0.251036924 0.8716343299 0.1
  endloop
endfacet
facet normal 0.1454055362 0.9893721393 0.0
  outer loop
    vertex -0.1640000502 0.6947153611 0.0
    vertex -0.414735556 0.7315653281 0.0
    vertex -0.414735556 0.7315653281 0.1
  endloop
endfacet
facet normal 0.1454055362 0.9893721393 -0.0
  outer loop
    vertex -0.1640000502 0.6947153611 0.0
    vertex -0.414735556 0.7315653281 0.1
    vertex -0.1640000502 0.6947153611 0.1
  endloop
endfacet
facet normal 0.9027361657 -0.4301946247 0.0
  outer loop
    vertex -0.414735556 0.7315653281 0.0
    vertex -0.3559749225 0.8548707948 0.0
    vertex -0.3559749225 0.8548707948 0.1
  endloop
endfacet
facet normal 0.9027361657 -0.4301946247 0.0
  outer loop
    vertex -0.414735556 0.7315653281 0.0
    vertex -0.3559749225 0.8548707948 0.1
    vertex -0.414735556 0.7315653281 0.1
  endloop
endfacet
facet normal 0.0 0.0 -1.0
  outer loop
    vertex -0.5523004264 0.5523004264 0.1
    vertex -0.6054228587 0.7007034919 0.1
    vertex -0.5399781362 0.7624613638 0.1
  endloop
endfacet
facet normal 0.0 0.0 -1.0
  outer loop
    vertex -0.5523004264 0.5523004264 0.1
    vertex -0.5399781362 0.7624613638 0.1
    vertex -0.414735556 0.7315653281 0.1
  endloop
endfacet
facet normal 0.0 -0.0 1.0
  outer loop
    vertex -0.5523004264 0.5523004264 0.0
    vertex -0.5399781362 0.7624613638 0.0
    vertex -0.6054228587 0.7007034919 0.0
  endloop
endfacet
facet normal 0.0 0.0 1.0
  outer loop
    vertex -0.5523004264 0.5523004264 0.0
    vertex -0.414735556 0.7315653281 0.0
    vertex -0.5399781362 0.7624613638 0.0
  endloop
endfacet
facet normal 0.9414978398 0.3370190168 0.0
  outer loop
    vertex -0.5523004264 0.5523004264 0.0
    vertex -0.6054228587 0.7007034919 0.0
    vertex -0.6054228587 0.7007034919 0.1
  endloop
endfacet
facet normal 0.9414978398 0.3370190168 -0.0
  outer loop
    vertex -0.5523004264 0.5523004264 0.0
    vertex -0.6054228587 0.7007034919 0.1
    vertex -0.5523004264 0.5523004264 0.1
  endloop
endfacet
facet normal 0.6863237179 -0.7272961943 0.0
  outer loop
    vertex -0.6054228587 0.7007034919 0.0
    vertex -0.5399781362 0.7624613638 0.0
    vertex -0.5399781362 0.7624613638 0.1
  endloop
endfacet
facet normal 0.6863237179 -0.7272961943 0.0
  outer loop
    vertex -0.6054228587 0.7007034919 0.0
    vertex -0.5399781362 0.7624613638 0.1
    vertex -0.6054228587 0.7007034919 0.1
  endloop
endfacet
facet normal -0.2395094137 -0.970894042 0.0
  outer loop
    vertex -0.5399781362 0.7624613638 0.0
    vertex -0.414735556 0.7315653281 0.0
    vertex -0.414735556 0.7315653281 0.1
  endloop
endfacet
facet normal -0.2395094137 -0.970894042 0.0
  outer loop
    vertex -0.5399781362 0.7624613638 0.0
    vertex -0.414735556 0.7315653281 0.1
    vertex -0.5399781362 0.7624613638 0.1
  endloop
endfacet
facet normal -0.7933318097 0.6087894872 0.0
  outer loop
    vertex -0.414735556 0.7315653281 0.0
    vertex -0.5523004264 0.5523004264 0.0
    vertex -0.5523004264 0.5523004264 0.1
  endloop
endfacet
facet normal -0.7933318097 0.6087894872 0.0
  outer loop
    vertex -0.414735556 0.7315653281 0.0
    vertex -0.5523004264 0.5523004264 0.1
    vertex -0.414735556 0.7315653281 0.1
  endloop
endfacet
facet normal -0.0 0.0 -1.0
  outer loop
    vertex 0.0697824862 0.886810066 0.1
    vertex -0.0697824862 0.886810066 0.1
    vertex -0.0260228751 0.9599459677 0.1
  endloop
endfacet
facet normal 0.0 0.0 -1.0
  outer loop
    vertex 0.0697824862 0.886810066 0.1
    vertex -0.0260228751 0.9599459677 0.1
    vertex 0.0260228751 0.9599459677 0.1
  endloop
endfacet
facet normal 0.0 0.0 1.0
  outer loop
    vertex 0.0697824862 0.886810066 0.0
    vertex -0.0260228751 0.9599459677 0.0
    vertex -0.0697824862 0.886810066 0.0
  endloop
endfacet
facet normal 0.0 0.0 1.0
  outer loop
    vertex 0.0697824862 0.886810066 0.0
    vertex 0.0260228751 0.9599459677 0.0
    vertex -0.0260228751 0.9599459677 0.0
  endloop
endfacet
facet normal -0.0 1.0 0.0
  outer loop
    vertex 0.0697824862 0.886810066 0.0
    vertex -0.0697824862 0.886810066 0.0
    vertex -0.0697824862 0.886810066 0.1
  endloop
endfacet
facet normal -0.0 1.0 0.0
  outer loop
    vertex 0.0697824862 0.886810066 0.0
    vertex -0.0697824862 0.886810066 0.1
    vertex 0.0697824862 0.886810066 0.1
  endloop
endfacet
facet normal 0.8581234436 -0.5134434297 0.0
  outer loop
    vertex -0.0697824862 0.886810066 0.0
    vertex -0.0260228751 0.9599459677 0.0
    vertex -0.0260228751 0.9599459677 0.1
  endloop
endfacet
facet normal 0.8581234436 -0.5134434297 0.0
  outer loop
    vertex -0.0697824862 0.886810066 0.0
    vertex -0.0260228751 0.9599459677 0.1
    vertex -0.0697824862 0.886810066 0.1
  endloop
endfacet
facet normal 0.0 -1.0 0.0
  outer loop
    vertex -0.0260228751 0.9599459677 0.0
    vertex 0.0260228751 0.9599459677 0.0
    vertex 0.0260228751 0.9599459677 0.1
  endloop
endfacet
facet normal 0.0 -1.0 0.0
  outer loop
    vertex -0.0260228751 0.9599459677 0.0
    vertex 0.0260228751 0.9599459677 0.1
    vertex -0.0260228751 0.9599459677 0.1
  endloop
endfacet
facet normal -0.8581234436 -0.5134434297 0.0
  outer loop
    vertex 0.0260228751 0.9599459677 0.0
    vertex 0.0697824862 0.886810066 0.0
    vertex 0.0697824862 0.886810066 0.1
  endloop
endfacet
facet normal -0.8581234436 -0.5134434297 0.0
  outer loop
    vertex 0.0260228751 0.9599459677 0.0
    vertex 0.0697824862 0.886810066 0.1
    vertex 0.0260228751 0.9599459677 0.1
  endloop
endfacet
facet normal 0.0 0.0 -1.0
  outer loop
    vertex -0.1687208192 0.9232632613 0.1
    vertex -0.0697824862 0.886810066 0.1
    vertex -0.1640000502 0.6947153611 0.1
  endloop
endfacet
facet normal 0.0 -0.0 -1.0
  outer loop
    vertex -0.1687208192 0.9232632613 0.1
    vertex -0.1640000502 0.6947153611 0.1
    vertex -0.251036924 0.8716343299 0.1
  endloop
endfacet
facet normal 0.0 0.0 1.0
  outer loop
    vertex -0.1687208192 0.9232632613 0.0
    vertex -0.1640000502 0.6947153611 0.0
    vertex -0.0697824862 0.886810066 0.0
  endloop
endfacet
facet normal 0.0 0.0 1.0
  outer loop
    vertex -0.1687208192 0.9232632613 0.0
    vertex -0.251036924 0.8716343299 0.0
    vertex -0.1640000502 0.6947153611 0.0
  endloop
endfacet
facet normal -0.345723985 -0.9383362543 0.0
  outer loop
    vertex -0.1687208192 0.9232632613 0.0
    vertex -0.0697824862 0.886810066 0.0
    vertex -0.0697824862 0.886810066 0.1
  endloop
endfacet
facet normal -0.345723985 -0.9383362543 0.0
  outer loop
    vertex -0.1687208192 0.9232632613 0.0
    vertex -0.0697824862 0.886810066 0.1
    vertex -0.1687208192 0.9232632613 0.1
  endloop
endfacet
facet normal -0.8978218863 0.4403587861 0.0
  outer loop
    vertex -0.0697824862 0.886810066 0.0
    vertex -0.1640000502 0.6947153611 0.0
    vertex -0.1640000502 0.6947153611 0.1
  endloop
endfacet
facet normal -0.8978218863 0.4403587861 0.0
  outer loop
    vertex -0.0697824862 0.886810066 0.0
    vertex -0.1640000502 0.6947153611 0.1
    vertex -0.0697824862 0.886810066 0.1
  endloop
endfacet
facet normal 0.8972946347 0.4414321449 0.0
  outer loop
    vertex -0.1640000502 0.6947153611 0.0
    vertex -0.251036924 0.8716343299 0.0
    vertex -0.251036924 0.8716343299 0.1
  endloop
endfacet
facet normal 0.8972946347 0.4414321449 -0.0
  outer loop
    vertex -0.1640000502 0.6947153611 0.0
    vertex -0.251036924 0.8716343299 0.1
    vertex -0.1640000502 0.6947153611 0.1
  endloop
endfacet
facet normal 0.5313405018 -0.8471583507 0.0
  outer loop
    vertex -0.251036924 0.8716343299 0.0
    vertex -0.1687208192 0.9232632613 0.0
    vertex -0.1687208192 0.9232632613 0.1
  endloop
endfacet
facet normal 0.5313405018 -0.8471583507 0.0
  outer loop
    vertex -0.251036924 0.8716343299 0.0
    vertex -0.1687208192 0.9232632613 0.1
    vertex -0.251036924 0.8716343299 0.1
  endloop
endfacet
facet normal 0.0 0.0 -1.0
  outer loop
    vertex 0.0697824862 0.886810066 0.1
    vertex 0.1687208192 0.9232632613 0.1
    vertex 0.251036924 0.8716343299 0.1
  endloop
endfacet
facet normal 0.0 0.0 -1.0
  outer loop
    vertex 0.0697824862 0.886810066 0.1
    vertex 0.251036924 0.8716343299 0.1
    vertex 0.1640000502 0.6947153611 0.1
  endloop
endfacet
facet normal -0.0 0.0 1.0
  outer loop
    vertex 0.0697824862 0.886810066 0.0
    vertex 0.251036924 0.8716343299 0.0
    vertex 0.1687208192 0.9232632613 0.0
  endloop
endfacet
facet normal 0.0 0.0 1.0
  outer loop
    vertex 0.0697824862 0.886810066 0.0
    vertex 0.1640000502 0.6947153611 0.0
    vertex 0.251036924 0.8716343299 0.0
  endloop
endfacet
facet normal 0.345723985 -0.9383362543 0.0
  outer loop
    vertex 0.0697824862 0.886810066 0.0
    vertex 0.1687208192 0.9232632613 0.0
    vertex 0.1687208192 0.9232632613 0.1
  endloop
endfacet
facet normal 0.345723985 -0.9383362543 0.0
  outer loop
    vertex 0.0697824862 0.886810066 0.0
    vertex 0.1687208192 0.9232632613 0.1
    vertex 0.0697824862 0.886810066 0.1
  endloop
endfacet
facet normal -0.5313405018 -0.8471583507 0.0
  outer loop
    vertex 0.1687208192 0.9232632613 0.0
    vertex 0.251036924 0.8716343299 0.0
    vertex 0.251036924 0.8716343299 0.1
  endloop
endfacet
facet normal -0.5313405018 -0.8471583507 0.0
  outer loop
    vertex 0.1687208192 0.9232632613 0.0
    vertex 0.251036924 0.8716343299 0.1
    vertex 0.1687208192 0.9232632613 0.1
  endloop
endfacet
facet normal -0.8972946347 0.4414321449 0.0
  outer loop
    vertex 0.251036924 0.8716343299 0.0
    vertex 0.1640000502 0.6947153611 0.0
    vertex 0.1640000502 0.6947153611 0.1
  endloop
endfacet
facet normal -0.8972946347 0.4414321449 0.0
  outer loop
    vertex 0.251036924 0.8716343299 0.0
    vertex 0.1640000502 0.6947153611 0.1
    vertex 0.251036924 0.8716343299 0.1
  endloop
endfacet
facet normal 0.8978218863 0.4403587861 0.0
  outer loop
    vertex 0.1640000502 0.6947153611 0.0
    vertex 0.0697824862 0.886810066 0.0
    vertex 0.0697824862 0.886810066 0.1
  endloop
endfacet
facet normal 0.8978218863 0.4403587861 -0.0
  outer loop
    vertex 0.1640000502 0.6947153611 0.0
    vertex 0.0697824862 0.886810066 0.1
    vertex 0.1640000502 0.6947153611 0.1
  endloop
endfacet
facet normal 0.0 0.0 -1.0
  outer loop
    vertex 0.281411123 0.281411123 0.1
    vertex 0.5523004264 0.5523004264 0.1
    vertex 0.7315653281 0.414735556 0.1
  endloop
endfacet
facet normal 0.0 0.0 -1.0
  outer loop
    vertex 0.281411123 0.281411123 0.1
    vertex 0.7315653281 0.414735556 0.1
    vertex 0.6947153611 0.1640000502 0.1
  endloop
endfacet
facet normal 0.0 0.0 1.0
  outer loop
    vertex 0.281411123 0.281411123 0.0
    vertex 0.7315653281 0.414735556 0.0
    vertex 0.5523004264 0.5523004264 0.0
  endloop
endfacet
facet normal -0.0 0.0 1.0
  outer loop
    vertex 0.281411123 0.281411123 0.0
    vertex 0.6947153611 0.1640000502 0.0
    vertex 0.7315653281 0.414735556 0.0
  endloop
endfacet
facet normal 0.7071067812 -0.7071067812 0.0
  outer loop
    vertex 0.281411123 0.281411123 0.0
    vertex 0.5523004264 0.5523004264 0.0
    vertex 0.5523004264 0.5523004264 0.1
  endloop
endfacet
facet normal 0.7071067812 -0.7071067812 0.0
  outer loop
    vertex 0.281411123 0.281411123 0.0
    vertex 0.5523004264 0.5523004264 0.1
    vertex 0.281411123 0.281411123 0.1
  endloop
endfacet
facet normal -0.6087894872 -0.7933318097 0.0
  outer loop
    vertex 0.5523004264 0.5523004264 0.0
    vertex 0.7315653281 0.414735556 0.0
    vertex 0.7315653281 0.414735556 0.1
  endloop
endfacet
facet normal -0.6087894872 -0.7933318097 0.0
  outer loop
    vertex 0.5523004264 0.5523004264 0.0
    vertex 0.7315653281 0.414735556 0.1
    vertex 0.5523004264 0.5523004264 0.1
  endloop
endfacet
facet normal -0.9893721393 0.1454055362 0.0
  outer loop
    vertex 0.7315653281 0.414735556 0.0
    vertex 0.6947153611 0.1640000502 0.0
    vertex 0.6947153611 0.1640000502 0.1
  endloop
endfacet
facet normal -0.9893721393 0.1454055362 0.0
  outer loop
    vertex 0.7315653281 0.414735556 0.0
    vertex 0.6947153611 0.1640000502 0.1
    vertex 0.7315653281 0.414735556 0.1
  endloop
endfacet
facet normal 0.2732665289 0.9619383578 0.0
  outer loop
    vertex 0.6947153611 0.1640000502 0.0
    vertex 0.281411123 0.281411123 0.0
    vertex 0.281411123 0.281411123 0.1
  endloop
endfacet
facet normal 0.2732665289 0.9619383578 -0.0
  outer loop
    vertex 0.6947153611 0.1640000502 0.0
    vertex 0.281411123 0.281411123 0.1
    vertex 0.6947153611 0.1640000502 0.1
  endloop
endfacet
facet normal -0.0 0.0 -1.0
  outer loop
    vertex 0.6054228587 0.7007034919 0.1
    vertex 0.5523004264 0.5523004264 0.1
    vertex 0.414735556 0.7315653281 0.1
  endloop
endfacet
facet normal 0.0 0.0 -1.0
  outer loop
    vertex 0.6054228587 0.7007034919 0.1
    vertex 0.414735556 0.7315653281 0.1
    vertex 0.5399781362 0.7624613638 0.1
  endloop
endfacet
facet normal 0.0 0.0 1.0
  outer loop
    vertex 0.6054228587 0.7007034919 0.0
    vertex 0.414735556 0.7315653281 0.0
    vertex 0.5523004264 0.5523004264 0.0
  endloop
endfacet
facet normal 0.0 0.0 1.0
  outer loop
    vertex 0.6054228587 0.7007034919 0.0
    vertex 0.5399781362 0.7624613638 0.0
    vertex 0.414735556 0.7315653281 0.0
  endloop
endfacet
facet normal -0.9414978398 0.3370190168 0.0
  outer loop
    vertex 0.6054228587 0.7007034919 0.0
    vertex 0.5523004264 0.5523004264 0.0
    vertex 0.5523004264 0.5523004264 0.1
  endloop
endfacet
facet normal -0.9414978398 0.3370190168 0.0
  outer loop
    vertex 0.6054228587 0.7007034919 0.0
    vertex 0.5523004264 0.5523004264 0.1
    vertex 0.6054228587 0.7007034919 0.1
  endloop
endfacet
facet normal 0.7933318097 0.6087894872 0.0
  outer loop
    vertex 0.5523004264 0.5523004264 0.0
    vertex 0.414735556 0.7315653281 0.0
    vertex 0.414735556 0.7315653281 0.1
  endloop
endfacet
facet normal 0.7933318097 0.6087894872 -0.0
  outer loop
    vertex 0.5523004264 0.5523004264 0.0
    vertex 0.414735556 0.7315653281 0.1
    vertex 0.5523004264 0.5523004264 0.1
  endloop
endfacet
facet normal 0.2395094137 -0.970894042 0.0
  outer loop
    vertex 0.414735556 0.7315653281 0.0
    vertex 0.5399781362 0.7624613638 0.0
    vertex 0.5399781362 0.7624613638 0.1
  endloop
endfacet
facet normal 0.2395094137 -0.970894042 0.0
  outer loop
    vertex 0.414735556 0.7315653281 0.0
    vertex 0.5399781362 0.7624613638 0.1
    vertex 0.414735556 0.7315653281 0.1
  endloop
endfacet
facet normal -0.6863237179 -0.7272961943 0.0
  outer loop
    vertex 0.5399781362 0.7624613638 0.0
    vertex 0.6054228587 0.7007034919 0.0
    vertex 0.6054228587 0.7007034919 0.1
  endloop
endfacet
facet normal -0.6863237179 -0.7272961943 0.0
  outer loop
    vertex 0.5399781362 0.7624613638 0.0
    vertex 0.6054228587 0.7007034919 0.1
    vertex 0.5399781362 0.7624613638 0.1
  endloop
endfacet
facet normal 0.0 0.0 -1.0
  outer loop
    vertex 0.251036924 0.8716343299 0.1
    vertex 0.3559749225 0.8548707948 0.1
    vertex 0.414735556 0.7315653281 0.1
  endloop
endfacet
facet normal 0.0 -0.0 -1.0
  outer loop
    vertex 0.251036924 0.8716343299 0.1
    vertex 0.414735556 0.7315653281 0.1
    vertex 0.1640000502 0.6947153611 0.1
  endloop
endfacet
facet normal 0.0 0.0 1.0
  outer loop
    vertex 0.251036924 0.8716343299 0.0
    vertex 0.414735556 0.7315653281 0.0
    vertex 0.3559749225 0.8548707948 0.0
  endloop
endfacet
facet normal 0.0 0.0 1.0
  outer loop
    vertex 0.251036924 0.8716343299 0.0
    vertex 0.1640000502 0.6947153611 0.0
    vertex 0.414735556 0.7315653281 0.0
  endloop
endfacet
facet normal -0.1577469423 -0.9874795705 0.0
  outer loop
    vertex 0.251036924 0.8716343299 0.0
    vertex 0.3559749225 0.8548707948 0.0
    vertex 0.3559749225 0.8548707948 0.1
  endloop
endfacet
facet normal -0.1577469423 -0.9874795705 0.0
  outer loop
    vertex 0.251036924 0.8716343299 0.0
    vertex 0.3559749225 0.8548707948 0.1
    vertex 0.251036924 0.8716343299 0.1
  endloop
endfacet
facet normal -0.9027361657 -0.4301946247 0.0
  outer loop
    vertex 0.3559749225 0.8548707948 0.0
    vertex 0.414735556 0.7315653281 0.0
    vertex 0.414735556 0.7315653281 0.1
  endloop
endfacet
facet normal -0.9027361657 -0.4301946247 0.0
  outer loop
    vertex 0.3559749225 0.8548707948 0.0
    vertex 0.414735556 0.7315653281 0.1
    vertex 0.3559749225 0.8548707948 0.1
  endloop
endfacet
facet normal -0.1454055362 0.9893721393 0.0
  outer loop
    vertex 0.414735556 0.7315653281 0.0
    vertex 0.1640000502 0.6947153611 0.0
    vertex 0.1640000502 0.6947153611 0.1
  endloop
endfacet
facet normal -0.1454055362 0.9893721393 0.0
  outer loop
    vertex 0.414735556 0.7315653281 0.0
    vertex 0.1640000502 0.6947153611 0.1
    vertex 0.414735556 0.7315653281 0.1
  endloop
endfacet
facet normal 0.8972946347 -0.4414321449 0.0
  outer loop
    vertex 0.1640000502 0.6947153611 0.0
    vertex 0.251036924 0.8716343299 0.0
    vertex 0.251036924 0.8716343299 0.1
  endloop
endfacet
facet normal 0.8972946347 -0.4414321449 0.0
  outer loop
    vertex 0.1640000502 0.6947153611 0.0
    vertex 0.251036924 0.8716343299 0.1
    vertex 0.1640000502 0.6947153611 0.1
  endloop
endfacet
facet normal 0.0 0.0 -1.0
  outer loop
    vertex -0.1640000502 0.6947153611 0.1
    vertex -0.281411123 0.281411123 0.1
    vertex -0.5523004264 0.5523004264 0.1
  endloop
endfacet
facet normal -0.0 0.0 -1.0
  outer loop
    vertex -0.1640000502 0.6947153611 0.1
    vertex -0.5523004264 0.5523004264 0.1
    vertex -0.414735556 0.7315653281 0.1
  endloop
endfacet
facet normal 0.0 0.0 1.0
  outer loop
    vertex -0.1640000502 0.6947153611 0.0
    vertex -0.5523004264 0.5523004264 0.0
    vertex -0.281411123 0.281411123 0.0
  endloop
endfacet
facet normal 0.0 0.0 1.0
  outer loop
    vertex -0.1640000502 0.6947153611 0.0
    vertex -0.414735556 0.7315653281 0.0
    vertex -0.5523004264 0.5523004264 0.0
  endloop
endfacet
facet normal -0.9619383578 0.2732665289 0.0
  outer loop
    vertex -0.1640000502 0.6947153611 0.0
    vertex -0.281411123 0.281411123 0.0
    vertex -0.281411123 0.281411123 0.1
  endloop
endfacet
facet normal -0.9619383578 0.2732665289 0.0
  outer loop
    vertex -0.1640000502 0.6947153611 0.0
    vertex -0.281411123 0.281411123 0.1
    vertex -0.1640000502 0.6947153611 0.1
  endloop
endfacet
facet normal 0.7071067812 0.7071067812 0.0
  outer loop
    vertex -0.281411123 0.281411123 0.0
    vertex -0.5523004264 0.5523004264 0.0
    vertex -0.5523004264 0.5523004264 0.1
  endloop
endfacet
facet normal 0.7071067812 0.7071067812 -0.0
  outer loop
    vertex -0.281411123 0.281411123 0.0
    vertex -0.5523004264 0.5523004264 0.1
    vertex -0.281411123 0.281411123 0.1
  endloop
endfacet
facet normal 0.7933318097 -0.6087894872 0.0
  outer loop
    vertex -0.5523004264 0.5523004264 0.0
    vertex -0.414735556 0.7315653281 0.0
    vertex -0.414735556 0.7315653281 0.1
  endloop
endfacet
facet normal 0.7933318097 -0.6087894872 0.0
  outer loop
    vertex -0.5523004264 0.5523004264 0.0
    vertex -0.414735556 0.7315653281 0.1
    vertex -0.5523004264 0.5523004264 0.1
  endloop
endfacet
facet normal -0.1454055362 -0.9893721393 0.0
  outer loop
    vertex -0.414735556 0.7315653281 0.0
    vertex -0.1640000502 0.6947153611 0.0
    vertex -0.1640000502 0.6947153611 0.1
  endloop
endfacet
facet normal -0.1454055362 -0.9893721393 0.0
  outer loop
    vertex -0.414735556 0.7315653281 0.0
    vertex -0.1640000502 0.6947153611 0.1
    vertex -0.414735556 0.7315653281 0.1
  endloop
endfacet
facet normal 0.0 0.0 -1.0
  outer loop
    vertex -0.7624613638 0.5399781362 0.1
    vertex -0.7007034919 0.6054228587 0.1
    vertex -0.5523004264 0.5523004264 0.1
  endloop
endfacet
facet normal 0.0 0.0 -1.0
  outer loop
    vertex -0.7624613638 0.5399781362 0.1
    vertex -0.5523004264 0.5523004264 0.1
    vertex -0.7315653281 0.414735556 0.1
  endloop
endfacet
facet normal 0.0 0.0 1.0
  outer loop
    vertex -0.7624613638 0.5399781362 0.0
    vertex -0.5523004264 0.5523004264 0.0
    vertex -0.7007034919 0.6054228587 0.0
  endloop
endfacet
facet normal -0.0 0.0 1.0
  outer loop
    vertex -0.7624613638 0.5399781362 0.0
    vertex -0.7315653281 0.414735556 0.0
    vertex -0.5523004264 0.5523004264 0.0
  endloop
endfacet
facet normal 0.7272961943 -0.6863237179 0.0
  outer loop
    vertex -0.7624613638 0.5399781362 0.0
    vertex -0.7007034919 0.6054228587 0.0
    vertex -0.7007034919 0.6054228587 0.1
  endloop
endfacet
facet normal 0.7272961943 -0.6863237179 0.0
  outer loop
    vertex -0.7624613638 0.5399781362 0.0
    vertex -0.7007034919 0.6054228587 0.1
    vertex -0.7624613638 0.5399781362 0.1
  endloop
endfacet
facet normal -0.3370190168 -0.9414978398 0.0
  outer loop
    vertex -0.7007034919 0.6054228587 0.0
    vertex -0.5523004264 0.5523004264 0.0
    vertex -0.5523004264 0.5523004264 0.1
  endloop
endfacet
facet normal -0.3370190168 -0.9414978398 0.0
  outer loop
    vertex -0.7007034919 0.6054228587 0.0
    vertex -0.5523004264 0.5523004264 0.1
    vertex -0.7007034919 0.6054228587 0.1
  endloop
endfacet
facet normal -0.6087894872 0.7933318097 0.0
  outer loop
    vertex -0.5523004264 0.5523004264 0.0
    vertex -0.7315653281 0.414735556 0.0
    vertex -0.7315653281 0.414735556 0.1
  endloop
endfacet
facet normal -0.6087894872 0.7933318097 0.0
  outer loop
    vertex -0.5523004264 0.5523004264 0.0
    vertex -0.7315653281 0.414735556 0.1
    vertex -0.5523004264 0.5523004264 0.1
  endloop
endfacet
facet normal 0.970894042 0.2395094137 0.0
  outer loop
    vertex -0.7315653281 0.414735556 0.0
    vertex -0.7624613638 0.5399781362 0.0
    vertex -0.7624613638 0.5399781362 0.1
  endloop
endfacet
facet normal 0.970894042 0.2395094137 -0.0
  outer loop
    vertex -0.7315653281 0.414735556 0.0
    vertex -0.7624613638 0.5399781362 0.1
    vertex -0.7315653281 0.414735556 0.1
  endloop
endfacet
facet normal 0.0 0.0 -1.0
  outer loop
    vertex -0.6947153611 0.1640000502 0.1
    vertex -0.8716343299 0.251036924 0.1
    vertex -0.8548707948 0.3559749225 0.1
  endloop
endfacet
facet normal 0.0 0.0 -1.0
  outer loop
    vertex -0.6947153611 0.1640000502 0.1
    vertex -0.8548707948 0.3559749225 0.1
    vertex -0.7315653281 0.414735556 0.1
  endloop
endfacet
facet normal 0.0 0.0 1.0
  outer loop
    vertex -0.6947153611 0.1640000502 0.0
    vertex -0.8548707948 0.3559749225 0.0
    vertex -0.8716343299 0.251036924 0.0
  endloop
endfacet
facet normal 0.0 0.0 1.0
  outer loop
    vertex -0.6947153611 0.1640000502 0.0
    vertex -0.7315653281 0.414735556 0.0
    vertex -0.8548707948 0.3559749225 0.0
  endloop
endfacet
facet normal 0.4414321449 0.8972946347 0.0
  outer loop
    vertex -0.6947153611 0.1640000502 0.0
    vertex -0.8716343299 0.251036924 0.0
    vertex -0.8716343299 0.251036924 0.1
  endloop
endfacet
facet normal 0.4414321449 0.8972946347 -0.0
  outer loop
    vertex -0.6947153611 0.1640000502 0.0
    vertex -0.8716343299 0.251036924 0.1
    vertex -0.6947153611 0.1640000502 0.1
  endloop
endfacet
facet normal 0.9874795705 -0.1577469423 0.0
  outer loop
    vertex -0.8716343299 0.251036924 0.0
    vertex -0.8548707948 0.3559749225 0.0
    vertex -0.8548707948 0.3559749225 0.1
  endloop
endfacet
facet normal 0.9874795705 -0.1577469423 0.0
  outer loop
    vertex -0.8716343299 0.251036924 0.0
    vertex -0.8548707948 0.3559749225 0.1
    vertex -0.8716343299 0.251036924 0.1
  endloop
endfacet
facet normal 0.4301946247 -0.9027361657 0.0
  outer loop
    vertex -0.8548707948 0.3559749225 0.0
    vertex -0.7315653281 0.414735556 0.0
    vertex -0.7315653281 0.414735556 0.1
  endloop
endfacet
facet normal 0.4301946247 -0.9027361657 0.0
  outer loop
    vertex -0.8548707948 0.3559749225 0.0
    vertex -0.7315653281 0.414735556 0.1
    vertex -0.8548707948 0.3559749225 0.1
  endloop
endfacet
facet normal -0.9893721393 -0.1454055362 0.0
  outer loop
    vertex -0.7315653281 0.414735556 0.0
    vertex -0.6947153611 0.1640000502 0.0
    vertex -0.6947153611 0.1640000502 0.1
  endloop
endfacet
facet normal -0.9893721393 -0.1454055362 0.0
  outer loop
    vertex -0.7315653281 0.414735556 0.0
    vertex -0.6947153611 0.1640000502 0.1
    vertex -0.7315653281 0.414735556 0.1
  endloop
endfacet
facet normal 0.0 0.0 -1.0
  outer loop
    vertex -0.7315653281 -0.414735556 0.1
    vertex -0.5523004264 -0.5523004264 0.1
    vertex -0.7007034919 -0.6054228587 0.1
  endloop
endfacet
facet normal 0.0 -0.0 -1.0
  outer loop
    vertex -0.7315653281 -0.414735556 0.1
    vertex -0.7007034919 -0.6054228587 0.1
    vertex -0.7624613638 -0.5399781362 0.1
  endloop
endfacet
facet normal 0.0 0.0 1.0
  outer loop
    vertex -0.7315653281 -0.414735556 0.0
    vertex -0.7007034919 -0.6054228587 0.0
    vertex -0.5523004264 -0.5523004264 0.0
  endloop
endfacet
facet normal 0.0 0.0 1.0
  outer loop
    vertex -0.7315653281 -0.414735556 0.0
    vertex -0.7624613638 -0.5399781362 0.0
    vertex -0.7007034919 -0.6054228587 0.0
  endloop
endfacet
facet normal -0.6087894872 -0.7933318097 0.0
  outer loop
    vertex -0.7315653281 -0.414735556 0.0
    vertex -0.5523004264 -0.5523004264 0.0
    vertex -0.5523004264 -0.5523004264 0.1
  endloop
endfacet
facet normal -0.6087894872 -0.7933318097 0.0
  outer loop
    vertex -0.7315653281 -0.414735556 0.0
    vertex -0.5523004264 -0.5523004264 0.1
    vertex -0.7315653281 -0.414735556 0.1
  endloop
endfacet
facet normal -0.3370190168 0.9414978398 0.0
  outer loop
    vertex -0.5523004264 -0.5523004264 0.0
    vertex -0.7007034919 -0.6054228587 0.0
    vertex -0.7007034919 -0.6054228587 0.1
  endloop
endfacet
facet normal -0.3370190168 0.9414978398 0.0
  outer loop
    vertex -0.5523004264 -0.5523004264 0.0
    vertex -0.7007034919 -0.6054228587 0.1
    vertex -0.5523004264 -0.5523004264 0.1
  endloop
endfacet
facet normal 0.7272961943 0.6863237179 0.0
  outer loop
    vertex -0.7007034919 -0.6054228587 0.0
    vertex -0.7624613638 -0.5399781362 0.0
    vertex -0.7624613638 -0.5399781362 0.1
  endloop
endfacet
facet normal 0.7272961943 0.6863237179 -0.0
  outer loop
    vertex -0.7007034919 -0.6054228587 0.0
    vertex -0.7624613638 -0.5399781362 0.1
    vertex -0.7007034919 -0.6054228587 0.1
  endloop
endfacet
facet normal 0.970894042 -0.2395094137 0.0
  outer loop
    vertex -0.7624613638 -0.5399781362 0.0
    vertex -0.7315653281 -0.414735556 0.0
    vertex -0.7315653281 -0.414735556 0.1
  endloop
endfacet
facet normal 0.970894042 -0.2395094137 0.0
  outer loop
    vertex -0.7624613638 -0.5399781362 0.0
    vertex -0.7315653281 -0.414735556 0.1
    vertex -0.7624613638 -0.5399781362 0.1
  endloop
endfacet
facet normal 0.0 0.0 -1.0
  outer loop
    vertex -0.414735556 -0.7315653281 0.1
    vertex -0.5523004264 -0.5523004264 0.1
    vertex -0.281411123 -0.281411123 0.1
  endloop
endfacet
facet normal 0.0 0.0 -1.0
  outer loop
    vertex -0.414735556 -0.7315653281 0.1
    vertex -0.281411123 -0.281411123 0.1
    vertex -0.1640000502 -0.6947153611 0.1
  endloop
endfacet
facet normal 0.0 -0.0 1.0
  outer loop
    vertex -0.414735556 -0.7315653281 0.0
    vertex -0.281411123 -0.281411123 0.0
    vertex -0.5523004264 -0.5523004264 0.0
  endloop
endfacet
facet normal 0.0 0.0 1.0
  outer loop
    vertex -0.414735556 -0.7315653281 0.0
    vertex -0.1640000502 -0.6947153611 0.0
    vertex -0.281411123 -0.281411123 0.0
  endloop
endfacet
facet normal 0.7933318097 0.6087894872 0.0
  outer loop
    vertex -0.414735556 -0.7315653281 0.0
    vertex -0.5523004264 -0.5523004264 0.0
    vertex -0.5523004264 -0.5523004264 0.1
  endloop
endfacet
facet normal 0.7933318097 0.6087894872 -0.0
  outer loop
    vertex -0.414735556 -0.7315653281 0.0
    vertex -0.5523004264 -0.5523004264 0.1
    vertex -0.414735556 -0.7315653281 0.1
  endloop
endfacet
facet normal 0.7071067812 -0.7071067812 0.0
  outer loop
    vertex -0.5523004264 -0.5523004264 0.0
    vertex -0.281411123 -0.281411123 0.0
    vertex -0.281411123 -0.281411123 0.1
  endloop
endfacet
facet normal 0.7071067812 -0.7071067812 0.0
  outer loop
    vertex -0.5523004264 -0.5523004264 0.0
    vertex -0.281411123 -0.281411123 0.1
    vertex -0.5523004264 -0.5523004264 0.1
  endloop
endfacet
facet normal -0.9619383578 -0.2732665289 0.0
  outer loop
    vertex -0.281411123 -0.281411123 0.0
    vertex -0.1640000502 -0.6947153611 0.0
    vertex -0.1640000502 -0.6947153611 0.1
  endloop
endfacet
facet normal -0.9619383578 -0.2732665289 0.0
  outer loop
    vertex -0.281411123 -0.281411123 0.0
    vertex -0.1640000502 -0.6947153611 0.1
    vertex -0.281411123 -0.281411123 0.1
  endloop
endfacet
facet normal -0.1454055362 0.9893721393 0.0
  outer loop
    vertex -0.1640000502 -0.6947153611 0.0
    vertex -0.414735556 -0.7315653281 0.0
    vertex -0.414735556 -0.7315653281 0.1
  endloop
endfacet
facet normal -0.1454055362 0.9893721393 0.0
  outer loop
    vertex -0.1640000502 -0.6947153611 0.0
    vertex -0.414735556 -0.7315653281 0.1
    vertex -0.1640000502 -0.6947153611 0.1
  endloop
endfacet
facet normal 0.0 0.0 -1.0
  outer loop
    vertex -0.7315653281 -0.414735556 0.1
    vertex -0.8548707948 -0.3559749225 0.1
    vertex -0.8716343299 -0.251036924 0.1
  endloop
endfacet
facet normal 0.0 0.0 -1.0
  outer loop
    vertex -0.7315653281 -0.414735556 0.1
    vertex -0.8716343299 -0.251036924 0.1
    vertex -0.6947153611 -0.1640000502 0.1
  endloop
endfacet
facet normal 0.0 0.0 1.0
  outer loop
    vertex -0.7315653281 -0.414735556 0.0
    vertex -0.8716343299 -0.251036924 0.0
    vertex -0.8548707948 -0.3559749225 0.0
  endloop
endfacet
facet normal 0.0 -0.0 1.0
  outer loop
    vertex -0.7315653281 -0.414735556 0.0
    vertex -0.6947153611 -0.1640000502 0.0
    vertex -0.8716343299 -0.251036924 0.0
  endloop
endfacet
facet normal 0.4301946247 0.9027361657 0.0
  outer loop
    vertex -0.7315653281 -0.414735556 0.0
    vertex -0.8548707948 -0.3559749225 0.0
    vertex -0.8548707948 -0.3559749225 0.1
  endloop
endfacet
facet normal 0.4301946247 0.9027361657 -0.0
  outer loop
    vertex -0.7315653281 -0.414735556 0.0
    vertex -0.8548707948 -0.3559749225 0.1
    vertex -0.7315653281 -0.414735556 0.1
  endloop
endfacet
facet normal 0.9874795705 0.1577469423 0.0
  outer loop
    vertex -0.8548707948 -0.3559749225 0.0
    vertex -0.8716343299 -0.251036924 0.0
    vertex -0.8716343299 -0.251036924 0.1
  endloop
endfacet
facet normal 0.9874795705 0.1577469423 -0.0
  outer loop
    vertex -0.8548707948 -0.3559749225 0.0
    vertex -0.8716343299 -0.251036924 0.1
    vertex -0.8548707948 -0.3559749225 0.1
  endloop
endfacet
facet normal 0.4414321449 -0.8972946347 0.0
  outer loop
    vertex -0.8716343299 -0.251036924 0.0
    vertex -0.6947153611 -0.1640000502 0.0
    vertex -0.6947153611 -0.1640000502 0.1
  endloop
endfacet
facet normal 0.4414321449 -0.8972946347 0.0
  outer loop
    vertex -0.8716343299 -0.251036924 0.0
    vertex -0.6947153611 -0.1640000502 0.1
    vertex -0.8716343299 -0.251036924 0.1
  endloop
endfacet
facet normal -0.9893721393 0.1454055362 0.0
  outer loop
    vertex -0.6947153611 -0.1640000502 0.0
    vertex -0.7315653281 -0.414735556 0.0
    vertex -0.7315653281 -0.414735556 0.1
  endloop
endfacet
facet normal -0.9893721393 0.1454055362 0.0
  outer loop
    vertex -0.6947153611 -0.1640000502 0.0
    vertex -0.7315653281 -0.414735556 0.1
    vertex -0.6947153611 -0.1640000502 0.1
  endloop
endfacet
facet normal -0.0 0.0 -1.0
  outer loop
    vertex -0.6947153611 0.1640000502 0.1
    vertex -0.886810066 0.0697824862 0.1
    vertex -0.9232632613 0.1687208192 0.1
  endloop
endfacet
facet normal 0.0 0.0 -1.0
  outer loop
    vertex -0.6947153611 0.1640000502 0.1
    vertex -0.9232632613 0.1687208192 0.1
    vertex -0.8716343299 0.251036924 0.1
  endloop
endfacet
facet normal 0.0 0.0 1.0
  outer loop
    vertex -0.6947153611 0.1640000502 0.0
    vertex -0.9232632613 0.1687208192 0.0
    vertex -0.886810066 0.0697824862 0.0
  endloop
endfacet
facet normal 0.0 0.0 1.0
  outer loop
    vertex -0.6947153611 0.1640000502 0.0
    vertex -0.8716343299 0.251036924 0.0
    vertex -0.9232632613 0.1687208192 0.0
  endloop
endfacet
facet normal -0.4403587861 0.8978218863 0.0
  outer loop
    vertex -0.6947153611 0.1640000502 0.0
    vertex -0.886810066 0.0697824862 0.0
    vertex -0.886810066 0.0697824862 0.1
  endloop
endfacet
facet normal -0.4403587861 0.8978218863 0.0
  outer loop
    vertex -0.6947153611 0.1640000502 0.0
    vertex -0.886810066 0.0697824862 0.1
    vertex -0.6947153611 0.1640000502 0.1
  endloop
endfacet
facet normal 0.9383362543 0.345723985 0.0
  outer loop
    vertex -0.886810066 0.0697824862 0.0
    vertex -0.9232632613 0.1687208192 0.0
    vertex -0.9232632613 0.1687208192 0.1
  endloop
endfacet
facet normal 0.9383362543 0.345723985 -0.0
  outer loop
    vertex -0.886810066 0.0697824862 0.0
    vertex -0.9232632613 0.1687208192 0.1
    vertex -0.886810066 0.0697824862 0.1
  endloop
endfacet
facet normal 0.8471583507 -0.5313405018 0.0
  outer loop
    vertex -0.9232632613 0.1687208192 0.0
    vertex -0.8716343299 0.251036924 0.0
    vertex -0.8716343299 0.251036924 0.1
  endloop
endfacet
facet normal 0.8471583507 -0.5313405018 0.0
  outer loop
    vertex -0.9232632613 0.1687208192 0.0
    vertex -0.8716343299 0.251036924 0.1
    vertex -0.9232632613 0.1687208192 0.1
  endloop
endfacet
facet normal -0.4414321449 -0.8972946347 0.0
  outer loop
    vertex -0.8716343299 0.251036924 0.0
    vertex -0.6947153611 0.1640000502 0.0
    vertex -0.6947153611 0.1640000502 0.1
  endloop
endfacet
facet normal -0.4414321449 -0.8972946347 0.0
  outer loop
    vertex -0.8716343299 0.251036924 0.0
    vertex -0.6947153611 0.1640000502 0.1
    vertex -0.8716343299 0.251036924 0.1
  endloop
endfacet
facet normal 0.0 0.0 -1.0
  outer loop
    vertex -0.9599459677 0.0260228751 0.1
    vertex -0.886810066 0.0697824862 0.1
    vertex -0.886810066 -0.0697824862 0.1
  endloop
endfacet
facet normal 0.0 0.0 -1.0
  outer loop
    vertex -0.9599459677 0.0260228751 0.1
    vertex -0.886810066 -0.0697824862 0.1
    vertex -0.9599459677 -0.0260228751 0.1
  endloop
endfacet
facet normal -0.0 0.0 1.0
  outer loop
    vertex -0.9599459677 0.0260228751 0.0
    vertex -0.886810066 -0.0697824862 0.0
    vertex -0.886810066 0.0697824862 0.0
  endloop
endfacet
facet normal 0.0 0.0 1.0
  outer loop
    vertex -0.9599459677 0.0260228751 0.0
    vertex -0.9599459677 -0.0260228751 0.0
    vertex -0.886810066 -0.0697824862 0.0
  endloop
endfacet
facet normal 0.5134434297 -0.8581234436 0.0
  outer loop
    vertex -0.9599459677 0.0260228751 0.0
    vertex -0.886810066 0.0697824862 0.0
    vertex -0.886810066 0.0697824862 0.1
  endloop
endfacet
facet normal 0.5134434297 -0.8581234436 0.0
  outer loop
    vertex -0.9599459677 0.0260228751 0.0
    vertex -0.886810066 0.0697824862 0.1
    vertex -0.9599459677 0.0260228751 0.1
  endloop
endfacet
facet normal -1.0 -0.0 0.0
  outer loop
    vertex -0.886810066 0.0697824862 0.0
    vertex -0.886810066 -0.0697824862 0.0
    vertex -0.886810066 -0.0697824862 0.1
  endloop
endfacet
facet normal -1.0 -0.0 0.0
  outer loop
    vertex -0.886810066 0.0697824862 0.0
    vertex -0.886810066 -0.0697824862 0.1
    vertex -0.886810066 0.0697824862 0.1
  endloop
endfacet
facet normal 0.5134434297 0.8581234436 0.0
  outer loop
    vertex -0.886810066 -0.0697824862 0.0
    vertex -0.9599459677 -0.0260228751 0.0
    vertex -0.9599459677 -0.0260228751 0.1
  endloop
endfacet
facet normal 0.5134434297 0.8581234436 -0.0
  outer loop
    vertex -0.886810066 -0.0697824862 0.0
    vertex -0.9599459677 -0.0260228751 0.1
    vertex -0.886810066 -0.0697824862 0.1
  endloop
endfacet
facet normal 1.0 0.0 0.0
  outer loop
    vertex -0.9599459677 -0.0260228751 0.0
    vertex -0.9599459677 0.0260228751 0.0
    vertex -0.9599459677 0.0260228751 0.1
  endloop
endfacet
facet normal 1.0 0.0 -0.0
  outer loop
    vertex -0.9599459677 -0.0260228751 0.0
    vertex -0.9599459677 0.0260228751 0.1
    vertex -0.9599459677 -0.0260228751 0.1
  endloop
endfacet
facet normal 0.0 0.0 -1.0
  outer loop
    vertex -0.8716343299 -0.251036924 0.1
    vertex -0.9232632613 -0.1687208192 0.1
    vertex -0.886810066 -0.0697824862 0.1
  endloop
endfacet
facet normal 0.0 0.0 -1.0
  outer loop
    vertex -0.8716343299 -0.251036924 0.1
    vertex -0.886810066 -0.0697824862 0.1
    vertex -0.6947153611 -0.1640000502 0.1
  endloop
endfacet
facet normal 0.0 0.0 1.0
  outer loop
    vertex -0.8716343299 -0.251036924 0.0
    vertex -0.886810066 -0.0697824862 0.0
    vertex -0.9232632613 -0.1687208192 0.0
  endloop
endfacet
facet normal 0.0 -0.0 1.0
  outer loop
    vertex -0.8716343299 -0.251036924 0.0
    vertex -0.6947153611 -0.1640000502 0.0
    vertex -0.886810066 -0.0697824862 0.0
  endloop
endfacet
facet normal 0.8471583507 0.5313405018 0.0
  outer loop
    vertex -0.8716343299 -0.251036924 0.0
    vertex -0.9232632613 -0.1687208192 0.0
    vertex -0.9232632613 -0.1687208192 0.1
  endloop
endfacet
facet normal 0.8471583507 0.5313405018 -0.0
  outer loop
    vertex -0.8716343299 -0.251036924 0.0
    vertex -0.9232632613 -0.1687208192 0.1
    vertex -0.8716343299 -0.251036924 0.1
  endloop
endfacet
facet normal 0.9383362543 -0.345723985 0.0
  outer loop
    vertex -0.9232632613 -0.1687208192 0.0
    vertex -0.886810066 -0.0697824862 0.0
    vertex -0.886810066 -0.0697824862 0.1
  endloop
endfacet
facet normal 0.9383362543 -0.345723985 0.0
  outer loop
    vertex -0.9232632613 -0.1687208192 0.0
    vertex -0.886810066 -0.0697824862 0.1
    vertex -0.9232632613 -0.1687208192 0.1
  endloop
endfacet
facet normal -0.4403587861 -0.8978218863 0.0
  outer loop
    vertex -0.886810066 -0.0697824862 0.0
    vertex -0.6947153611 -0.1640000502 0.0
    vertex -0.6947153611 -0.1640000502 0.1
  endloop
endfacet
facet normal -0.4403587861 -0.8978218863 0.0
  outer loop
    vertex -0.886810066 -0.0697824862 0.0
    vertex -0.6947153611 -0.1640000502 0.1
    vertex -0.886810066 -0.0697824862 0.1
  endloop
endfacet
facet normal -0.4414321449 0.8972946347 0.0
  outer loop
    vertex -0.6947153611 -0.1640000502 0.0
    vertex -0.8716343299 -0.251036924 0.0
    vertex -0.8716343299 -0.251036924 0.1
  endloop
endfacet
facet normal -0.4414321449 0.8972946347 0.0
  outer loop
    vertex -0.6947153611 -0.1640000502 0.0
    vertex -0.8716343299 -0.251036924 0.1
    vertex -0.6947153611 -0.1640000502 0.1
  endloop
endfacet
facet normal 0.0 0.0 -1.0
  outer loop
    vertex -0.251036924 -0.8716343299 0.1
    vertex -0.1640000502 -0.6947153611 0.1
    vertex -0.0697824862 -0.886810066 0.1
  endloop
endfacet
facet normal 0.0 0.0 -1.0
  outer loop
    vertex -0.251036924 -0.8716343299 0.1
    vertex -0.0697824862 -0.886810066 0.1
    vertex -0.1687208192 -0.9232632613 0.1
  endloop
endfacet
facet normal -0.0 0.0 1.0
  outer loop
    vertex -0.251036924 -0.8716343299 0.0
    vertex -0.0697824862 -0.886810066 0.0
    vertex -0.1640000502 -0.6947153611 0.0
  endloop
endfacet
facet normal 0.0 0.0 1.0
  outer loop
    vertex -0.251036924 -0.8716343299 0.0
    vertex -0.1687208192 -0.9232632613 0.0
    vertex -0.0697824862 -0.886810066 0.0
  endloop
endfacet
facet normal 0.8972946347 -0.4414321449 0.0
  outer loop
    vertex -0.251036924 -0.8716343299 0.0
    vertex -0.1640000502 -0.6947153611 0.0
    vertex -0.1640000502 -0.6947153611 0.1
  endloop
endfacet
facet normal 0.8972946347 -0.4414321449 0.0
  outer loop
    vertex -0.251036924 -0.8716343299 0.0
    vertex -0.1640000502 -0.6947153611 0.1
    vertex -0.251036924 -0.8716343299 0.1
  endloop
endfacet
facet normal -0.8978218863 -0.4403587861 0.0
  outer loop
    vertex -0.1640000502 -0.6947153611 0.0
    vertex -0.0697824862 -0.886810066 0.0
    vertex -0.0697824862 -0.886810066 0.1
  endloop
endfacet
facet normal -0.8978218863 -0.4403587861 0.0
  outer loop
    vertex -0.1640000502 -0.6947153611 0.0
    vertex -0.0697824862 -0.886810066 0.1
    vertex -0.1640000502 -0.6947153611 0.1
  endloop
endfacet
facet normal -0.345723985 0.9383362543 0.0
  outer loop
    vertex -0.0697824862 -0.886810066 0.0
    vertex -0.1687208192 -0.9232632613 0.0
    vertex -0.1687208192 -0.9232632613 0.1
  endloop
endfacet
facet normal -0.345723985 0.9383362543 0.0
  outer loop
    vertex -0.0697824862 -0.886810066 0.0
    vertex -0.1687208192 -0.9232632613 0.1
    vertex -0.0697824862 -0.886810066 0.1
  endloop
endfacet
facet normal 0.5313405018 0.8471583507 0.0
  outer loop
    vertex -0.1687208192 -0.9232632613 0.0
    vertex -0.251036924 -0.8716343299 0.0
    vertex -0.251036924 -0.8716343299 0.1
  endloop
endfacet
facet normal 0.5313405018 0.8471583507 -0.0
  outer loop
    vertex -0.1687208192 -0.9232632613 0.0
    vertex -0.251036924 -0.8716343299 0.1
    vertex -0.1687208192 -0.9232632613 0.1
  endloop
endfacet
facet normal 0.0 0.0 -1.0
  outer loop
    vertex 0.0260228751 -0.9599459677 0.1
    vertex -0.0260228751 -0.9599459677 0.1
    vertex -0.0697824862 -0.886810066 0.1
  endloop
endfacet
facet normal 0.0 0.0 -1.0
  outer loop
    vertex 0.0260228751 -0.9599459677 0.1
    vertex -0.0697824862 -0.886810066 0.1
    vertex 0.0697824862 -0.886810066 0.1
  endloop
endfacet
facet normal 0.0 0.0 1.0
  outer loop
    vertex 0.0260228751 -0.9599459677 0.0
    vertex -0.0697824862 -0.886810066 0.0
    vertex -0.0260228751 -0.9599459677 0.0
  endloop
endfacet
facet normal 0.0 -0.0 1.0
  outer loop
    vertex 0.0260228751 -0.9599459677 0.0
    vertex 0.0697824862 -0.886810066 0.0
    vertex -0.0697824862 -0.886810066 0.0
  endloop
endfacet
facet normal 0.0 1.0 0.0
  outer loop
    vertex 0.0260228751 -0.9599459677 0.0
    vertex -0.0260228751 -0.9599459677 0.0
    vertex -0.0260228751 -0.9599459677 0.1
  endloop
endfacet
facet normal 0.0 1.0 -0.0
  outer loop
    vertex 0.0260228751 -0.9599459677 0.0
    vertex -0.0260228751 -0.9599459677 0.1
    vertex 0.0260228751 -0.9599459677 0.1
  endloop
endfacet
facet normal 0.8581234436 0.5134434297 0.0
  outer loop
    vertex -0.0260228751 -0.9599459677 0.0
    vertex -0.0697824862 -0.886810066 0.0
    vertex -0.0697824862 -0.886810066 0.1
  endloop
endfacet
facet normal 0.8581234436 0.5134434297 -0.0
  outer loop
    vertex -0.0260228751 -0.9599459677 0.0
    vertex -0.0697824862 -0.886810066 0.1
    vertex -0.0260228751 -0.9599459677 0.1
  endloop
endfacet
facet normal 0.0 -1.0 0.0
  outer loop
    vertex -0.0697824862 -0.886810066 0.0
    vertex 0.0697824862 -0.886810066 0.0
    vertex 0.0697824862 -0.886810066 0.1
  endloop
endfacet
facet normal 0.0 -1.0 0.0
  outer loop
    vertex -0.0697824862 -0.886810066 0.0
    vertex 0.0697824862 -0.886810066 0.1
    vertex -0.0697824862 -0.886810066 0.1
  endloop
endfacet
facet normal -0.8581234436 0.5134434297 0.0
  outer loop
    vertex 0.0697824862 -0.886810066 0.0
    vertex 0.0260228751 -0.9599459677 0.0
    vertex 0.0260228751 -0.9599459677 0.1
  endloop
endfacet
facet normal -0.8581234436 0.5134434297 0.0
  outer loop
    vertex 0.0697824862 -0.886810066 0.0
    vertex 0.0260228751 -0.9599459677 0.1
    vertex 0.0697824862 -0.886810066 0.1
  endloop
endfacet
facet normal 0.0 0.0 -1.0
  outer loop
    vertex 0.1640000502 -0.6947153611 0.1
    vertex 0.251036924 -0.8716343299 0.1
    vertex 0.1687208192 -0.9232632613 0.1
  endloop
endfacet
facet normal 0.0 -0.0 -1.0
  outer loop
    vertex 0.1640000502 -0.6947153611 0.1
    vertex 0.1687208192 -0.9232632613 0.1
    vertex 0.0697824862 -0.886810066 0.1
  endloop
endfacet
facet normal 0.0 0.0 1.0
  outer loop
    vertex 0.1640000502 -0.6947153611 0.0
    vertex 0.1687208192 -0.9232632613 0.0
    vertex 0.251036924 -0.8716343299 0.0
  endloop
endfacet
facet normal 0.0 0.0 1.0
  outer loop
    vertex 0.1640000502 -0.6947153611 0.0
    vertex 0.0697824862 -0.886810066 0.0
    vertex 0.1687208192 -0.9232632613 0.0
  endloop
endfacet
facet normal -0.8972946347 -0.4414321449 0.0
  outer loop
    vertex 0.1640000502 -0.6947153611 0.0
    vertex 0.251036924 -0.8716343299 0.0
    vertex 0.251036924 -0.8716343299 0.1
  endloop
endfacet
facet normal -0.8972946347 -0.4414321449 0.0
  outer loop
    vertex 0.1640000502 -0.6947153611 0.0
    vertex 0.251036924 -0.8716343299 0.1
    vertex 0.1640000502 -0.6947153611 0.1
  endloop
endfacet
facet normal -0.5313405018 0.8471583507 0.0
  outer loop
    vertex 0.251036924 -0.8716343299 0.0
    vertex 0.1687208192 -0.9232632613 0.0
    vertex 0.1687208192 -0.9232632613 0.1
  endloop
endfacet
facet normal -0.5313405018 0.8471583507 0.0
  outer loop
    vertex 0.251036924 -0.8716343299 0.0
    vertex 0.1687208192 -0.9232632613 0.1
    vertex 0.251036924 -0.8716343299 0.1
  endloop
endfacet
facet normal 0.345723985 0.9383362543 0.0
  outer loop
    vertex 0.1687208192 -0.9232632613 0.0
    vertex 0.0697824862 -0.886810066 0.0
    vertex 0.0697824862 -0.886810066 0.1
  endloop
endfacet
facet normal 0.345723985 0.9383362543 -0.0
  outer loop
    vertex 0.1687208192 -0.9232632613 0.0
    vertex 0.0697824862 -0.886810066 0.1
    vertex 0.1687208192 -0.9232632613 0.1
  endloop
endfacet
facet normal 0.8978218863 -0.4403587861 0.0
  outer loop
    vertex 0.0697824862 -0.886810066 0.0
    vertex 0.1640000502 -0.6947153611 0.0
    vertex 0.1640000502 -0.6947153611 0.1
  endloop
endfacet
facet normal 0.8978218863 -0.4403587861 0.0
  outer loop
    vertex 0.0697824862 -0.886810066 0.0
    vertex 0.1640000502 -0.6947153611 0.1
    vertex 0.0697824862 -0.886810066 0.1
  endloop
endfacet
facet normal 0.0 0.0 -1.0
  outer loop
    vertex -0.414735556 -0.7315653281 0.1
    vertex -0.1640000502 -0.6947153611 0.1
    vertex -0.251036924 -0.8716343299 0.1
  endloop
endfacet
facet normal 0.0 0.0 -1.0
  outer loop
    vertex -0.414735556 -0.7315653281 0.1
    vertex -0.251036924 -0.8716343299 0.1
    vertex -0.3559749225 -0.8548707948 0.1
  endloop
endfacet
facet normal -0.0 0.0 1.0
  outer loop
    vertex -0.414735556 -0.7315653281 0.0
    vertex -0.251036924 -0.8716343299 0.0
    vertex -0.1640000502 -0.6947153611 0.0
  endloop
endfacet
facet normal 0.0 0.0 1.0
  outer loop
    vertex -0.414735556 -0.7315653281 0.0
    vertex -0.3559749225 -0.8548707948 0.0
    vertex -0.251036924 -0.8716343299 0.0
  endloop
endfacet
facet normal 0.1454055362 -0.9893721393 0.0
  outer loop
    vertex -0.414735556 -0.7315653281 0.0
    vertex -0.1640000502 -0.6947153611 0.0
    vertex -0.1640000502 -0.6947153611 0.1
  endloop
endfacet
facet normal 0.1454055362 -0.9893721393 0.0
  outer loop
    vertex -0.414735556 -0.7315653281 0.0
    vertex -0.1640000502 -0.6947153611 0.1
    vertex -0.414735556 -0.7315653281 0.1
  endloop
endfacet
facet normal -0.8972946347 0.4414321449 0.0
  outer loop
    vertex -0.1640000502 -0.6947153611 0.0
    vertex -0.251036924 -0.8716343299 0.0
    vertex -0.251036924 -0.8716343299 0.1
  endloop
endfacet
facet normal -0.8972946347 0.4414321449 0.0
  outer loop
    vertex -0.1640000502 -0.6947153611 0.0
    vertex -0.251036924 -0.8716343299 0.1
    vertex -0.1640000502 -0.6947153611 0.1
  endloop
endfacet
facet normal 0.1577469423 0.9874795705 0.0
  outer loop
    vertex -0.251036924 -0.8716343299 0.0
    vertex -0.3559749225 -0.8548707948 0.0
    vertex -0.3559749225 -0.8548707948 0.1
  endloop
endfacet
facet normal 0.1577469423 0.9874795705 -0.0
  outer loop
    vertex -0.251036924 -0.8716343299 0.0
    vertex -0.3559749225 -0.8548707948 0.1
    vertex -0.251036924 -0.8716343299 0.1
  endloop
endfacet
facet normal 0.9027361657 0.4301946247 0.0
  outer loop
    vertex -0.3559749225 -0.8548707948 0.0
    vertex -0.414735556 -0.7315653281 0.0
    vertex -0.414735556 -0.7315653281 0.1
  endloop
endfacet
facet normal 0.9027361657 0.4301946247 -0.0
  outer loop
    vertex -0.3559749225 -0.8548707948 0.0
    vertex -0.414735556 -0.7315653281 0.1
    vertex -0.3559749225 -0.8548707948 0.1
  endloop
endfacet
facet normal 0.0 0.0 -1.0
  outer loop
    vertex -0.7315653281 -0.414735556 0.1
    vertex -0.6947153611 -0.1640000502 0.1
    vertex -0.281411123 -0.281411123 0.1
  endloop
endfacet
facet normal 0.0 0.0 -1.0
  outer loop
    vertex -0.7315653281 -0.414735556 0.1
    vertex -0.281411123 -0.281411123 0.1
    vertex -0.5523004264 -0.5523004264 0.1
  endloop
endfacet
facet normal 0.0 0.0 1.0
  outer loop
    vertex -0.7315653281 -0.414735556 0.0
    vertex -0.281411123 -0.281411123 0.0
    vertex -0.6947153611 -0.1640000502 0.0
  endloop
endfacet
facet normal -0.0 0.0 1.0
  outer loop
    vertex -0.7315653281 -0.414735556 0.0
    vertex -0.5523004264 -0.5523004264 0.0
    vertex -0.281411123 -0.281411123 0.0
  endloop
endfacet
facet normal 0.9893721393 -0.1454055362 0.0
  outer loop
    vertex -0.7315653281 -0.414735556 0.0
    vertex -0.6947153611 -0.1640000502 0.0
    vertex -0.6947153611 -0.1640000502 0.1
  endloop
endfacet
facet normal 0.9893721393 -0.1454055362 0.0
  outer loop
    vertex -0.7315653281 -0.414735556 0.0
    vertex -0.6947153611 -0.1640000502 0.1
    vertex -0.7315653281 -0.414735556 0.1
  endloop
endfacet
facet normal -0.2732665289 -0.9619383578 0.0
  outer loop
    vertex -0.6947153611 -0.1640000502 0.0
    vertex -0.281411123 -0.281411123 0.0
    vertex -0.281411123 -0.281411123 0.1
  endloop
endfacet
facet normal -0.2732665289 -0.9619383578 0.0
  outer loop
    vertex -0.6947153611 -0.1640000502 0.0
    vertex -0.281411123 -0.281411123 0.1
    vertex -0.6947153611 -0.1640000502 0.1
  endloop
endfacet
facet normal -0.7071067812 0.7071067812 0.0
  outer loop
    vertex -0.281411123 -0.281411123 0.0
    vertex -0.5523004264 -0.5523004264 0.0
    vertex -0.5523004264 -0.5523004264 0.1
  endloop
endfacet
facet normal -0.7071067812 0.7071067812 0.0
  outer loop
    vertex -0.281411123 -0.281411123 0.0
    vertex -0.5523004264 -0.5523004264 0.1
    vertex -0.281411123 -0.281411123 0.1
  endloop
endfacet
facet normal 0.6087894872 0.7933318097 0.0
  outer loop
    vertex -0.5523004264 -0.5523004264 0.0
    vertex -0.7315653281 -0.414735556 0.0
    vertex -0.7315653281 -0.414735556 0.1
  endloop
endfacet
facet normal 0.6087894872 0.7933318097 -0.0
  outer loop
    vertex -0.5523004264 -0.5523004264 0.0
    vertex -0.7315653281 -0.414735556 0.1
    vertex -0.5523004264 -0.5523004264 0.1
  endloop
endfacet
facet normal -0.0 0.0 -1.0
  outer loop
    vertex -0.414735556 -0.7315653281 0.1
    vertex -0.5399781362 -0.7624613638 0.1
    vertex -0.6054228587 -0.7007034919 0.1
  endloop
endfacet
facet normal 0.0 0.0 -1.0
  outer loop
    vertex -0.414735556 -0.7315653281 0.1
    vertex -0.6054228587 -0.7007034919 0.1
    vertex -0.5523004264 -0.5523004264 0.1
  endloop
endfacet
facet normal 0.0 0.0 1.0
  outer loop
    vertex -0.414735556 -0.7315653281 0.0
    vertex -0.6054228587 -0.7007034919 0.0
    vertex -0.5399781362 -0.7624613638 0.0
  endloop
endfacet
facet normal 0.0 0.0 1.0
  outer loop
    vertex -0.414735556 -0.7315653281 0.0
    vertex -0.5523004264 -0.5523004264 0.0
    vertex -0.6054228587 -0.7007034919 0.0
  endloop
endfacet
facet normal -0.2395094137 0.970894042 0.0
  outer loop
    vertex -0.414735556 -0.7315653281 0.0
    vertex -0.5399781362 -0.7624613638 0.0
    vertex -0.5399781362 -0.7624613638 0.1
  endloop
endfacet
facet normal -0.2395094137 0.970894042 0.0
  outer loop
    vertex -0.414735556 -0.7315653281 0.0
    vertex -0.5399781362 -0.7624613638 0.1
    vertex -0.414735556 -0.7315653281 0.1
  endloop
endfacet
facet normal 0.6863237179 0.7272961943 0.0
  outer loop
    vertex -0.5399781362 -0.7624613638 0.0
    vertex -0.6054228587 -0.7007034919 0.0
    vertex -0.6054228587 -0.7007034919 0.1
  endloop
endfacet
facet normal 0.6863237179 0.7272961943 -0.0
  outer loop
    vertex -0.5399781362 -0.7624613638 0.0
    vertex -0.6054228587 -0.7007034919 0.1
    vertex -0.5399781362 -0.7624613638 0.1
  endloop
endfacet
facet normal 0.9414978398 -0.3370190168 0.0
  outer loop
    vertex -0.6054228587 -0.7007034919 0.0
    vertex -0.5523004264 -0.5523004264 0.0
    vertex -0.5523004264 -0.5523004264 0.1
  endloop
endfacet
facet normal 0.9414978398 -0.3370190168 0.0
  outer loop
    vertex -0.6054228587 -0.7007034919 0.0
    vertex -0.5523004264 -0.5523004264 0.1
    vertex -0.6054228587 -0.7007034919 0.1
  endloop
endfacet
facet normal -0.7933318097 -0.6087894872 0.0
  outer loop
    vertex -0.5523004264 -0.5523004264 0.0
    vertex -0.414735556 -0.7315653281 0.0
    vertex -0.414735556 -0.7315653281 0.1
  endloop
endfacet
facet normal -0.7933318097 -0.6087894872 0.0
  outer loop
    vertex -0.5523004264 -0.5523004264 0.0
    vertex -0.414735556 -0.7315653281 0.1
    vertex -0.5523004264 -0.5523004264 0.1
  endloop
endfacet
facet normal 0.0 0.0 -1.0
  outer loop
    vertex 0.1640000502 -0.6947153611 0.1
    vertex 0.414735556 -0.7315653281 0.1
    vertex 0.3559749225 -0.8548707948 0.1
  endloop
endfacet
facet normal 0.0 0.0 -1.0
  outer loop
    vertex 0.1640000502 -0.6947153611 0.1
    vertex 0.3559749225 -0.8548707948 0.1
    vertex 0.251036924 -0.8716343299 0.1
  endloop
endfacet
facet normal 0.0 0.0 1.0
  outer loop
    vertex 0.1640000502 -0.6947153611 0.0
    vertex 0.3559749225 -0.8548707948 0.0
    vertex 0.414735556 -0.7315653281 0.0
  endloop
endfacet
facet normal 0.0 0.0 1.0
  outer loop
    vertex 0.1640000502 -0.6947153611 0.0
    vertex 0.251036924 -0.8716343299 0.0
    vertex 0.3559749225 -0.8548707948 0.0
  endloop
endfacet
facet normal -0.1454055362 -0.9893721393 0.0
  outer loop
    vertex 0.1640000502 -0.6947153611 0.0
    vertex 0.414735556 -0.7315653281 0.0
    vertex 0.414735556 -0.7315653281 0.1
  endloop
endfacet
facet normal -0.1454055362 -0.9893721393 0.0
  outer loop
    vertex 0.1640000502 -0.6947153611 0.0
    vertex 0.414735556 -0.7315653281 0.1
    vertex 0.1640000502 -0.6947153611 0.1
  endloop
endfacet
facet normal -0.9027361657 0.4301946247 0.0
  outer loop
    vertex 0.414735556 -0.7315653281 0.0
    vertex 0.3559749225 -0.8548707948 0.0
    vertex 0.3559749225 -0.8548707948 0.1
  endloop
endfacet
facet normal -0.9027361657 0.4301946247 0.0
  outer loop
    vertex 0.414735556 -0.7315653281 0.0
    vertex 0.3559749225 -0.8548707948 0.1
    vertex 0.414735556 -0.7315653281 0.1
  endloop
endfacet
facet normal -0.1577469423 0.9874795705 0.0
  outer loop
    vertex 0.3559749225 -0.8548707948 0.0
    vertex 0.251036924 -0.8716343299 0.0
    vertex 0.251036924 -0.8716343299 0.1
  endloop
endfacet
facet normal -0.1577469423 0.9874795705 0.0
  outer loop
    vertex 0.3559749225 -0.8548707948 0.0
    vertex 0.251036924 -0.8716343299 0.1
    vertex 0.3559749225 -0.8548707948 0.1
  endloop
endfacet
facet normal 0.8972946347 0.4414321449 0.0
  outer loop
    vertex 0.251036924 -0.8716343299 0.0
    vertex 0.1640000502 -0.6947153611 0.0
    vertex 0.1640000502 -0.6947153611 0.1
  endloop
endfacet
facet normal 0.8972946347 0.4414321449 -0.0
  outer loop
    vertex 0.251036924 -0.8716343299 0.0
    vertex 0.1640000502 -0.6947153611 0.1
    vertex 0.251036924 -0.8716343299 0.1
  endloop
endfacet
facet normal 0.0 0.0 -1.0
  outer loop
    vertex 0.5399781362 -0.7624613638 0.1
    vertex 0.414735556 -0.7315653281 0.1
    vertex 0.5523004264 -0.5523004264 0.1
  endloop
endfacet
facet normal 0.0 0.0 -1.0
  outer loop
    vertex 0.5399781362 -0.7624613638 0.1
    vertex 0.5523004264 -0.5523004264 0.1
    vertex 0.6054228587 -0.7007034919 0.1
  endloop
endfacet
facet normal 0.0 -0.0 1.0
  outer loop
    vertex 0.5399781362 -0.7624613638 0.0
    vertex 0.5523004264 -0.5523004264 0.0
    vertex 0.414735556 -0.7315653281 0.0
  endloop
endfacet
facet normal 0.0 0.0 1.0
  outer loop
    vertex 0.5399781362 -0.7624613638 0.0
    vertex 0.6054228587 -0.7007034919 0.0
    vertex 0.5523004264 -0.5523004264 0.0
  endloop
endfacet
facet normal 0.2395094137 0.970894042 0.0
  outer loop
    vertex 0.5399781362 -0.7624613638 0.0
    vertex 0.414735556 -0.7315653281 0.0
    vertex 0.414735556 -0.7315653281 0.1
  endloop
endfacet
facet normal 0.2395094137 0.970894042 -0.0
  outer loop
    vertex 0.5399781362 -0.7624613638 0.0
    vertex 0.414735556 -0.7315653281 0.1
    vertex 0.5399781362 -0.7624613638 0.1
  endloop
endfacet
facet normal 0.7933318097 -0.6087894872 0.0
  outer loop
    vertex 0.414735556 -0.7315653281 0.0
    vertex 0.5523004264 -0.5523004264 0.0
    vertex 0.5523004264 -0.5523004264 0.1
  endloop
endfacet
facet normal 0.7933318097 -0.6087894872 0.0
  outer loop
    vertex 0.414735556 -0.7315653281 0.0
    vertex 0.5523004264 -0.5523004264 0.1
    vertex 0.414735556 -0.7315653281 0.1
  endloop
endfacet
facet normal -0.9414978398 -0.3370190168 0.0
  outer loop
    vertex 0.5523004264 -0.5523004264 0.0
    vertex 0.6054228587 -0.7007034919 0.0
    vertex 0.6054228587 -0.7007034919 0.1
  endloop
endfacet
facet normal -0.9414978398 -0.3370190168 0.0
  outer loop
    vertex 0.5523004264 -0.5523004264 0.0
    vertex 0.6054228587 -0.7007034919 0.1
    vertex 0.5523004264 -0.5523004264 0.1
  endloop
endfacet
facet normal -0.6863237179 0.7272961943 0.0
  outer loop
    vertex 0.6054228587 -0.7007034919 0.0
    vertex 0.5399781362 -0.7624613638 0.0
    vertex 0.5399781362 -0.7624613638 0.1
  endloop
endfacet
facet normal -0.6863237179 0.7272961943 0.0
  outer loop
    vertex 0.6054228587 -0.7007034919 0.0
    vertex 0.5399781362 -0.7624613638 0.1
    vertex 0.6054228587 -0.7007034919 0.1
  endloop
endfacet
facet normal 0.0 -0.0 -1.0
  outer loop
    vertex 0.6947153611 -0.1640000502 0.1
    vertex 0.7315653281 -0.414735556 0.1
    vertex 0.5523004264 -0.5523004264 0.1
  endloop
endfacet
facet normal 0.0 0.0 -1.0
  outer loop
    vertex 0.6947153611 -0.1640000502 0.1
    vertex 0.5523004264 -0.5523004264 0.1
    vertex 0.281411123 -0.281411123 0.1
  endloop
endfacet
facet normal 0.0 0.0 1.0
  outer loop
    vertex 0.6947153611 -0.1640000502 0.0
    vertex 0.5523004264 -0.5523004264 0.0
    vertex 0.7315653281 -0.414735556 0.0
  endloop
endfacet
facet normal 0.0 0.0 1.0
  outer loop
    vertex 0.6947153611 -0.1640000502 0.0
    vertex 0.281411123 -0.281411123 0.0
    vertex 0.5523004264 -0.5523004264 0.0
  endloop
endfacet
facet normal -0.9893721393 -0.1454055362 0.0
  outer loop
    vertex 0.6947153611 -0.1640000502 0.0
    vertex 0.7315653281 -0.414735556 0.0
    vertex 0.7315653281 -0.414735556 0.1
  endloop
endfacet
facet normal -0.9893721393 -0.1454055362 0.0
  outer loop
    vertex 0.6947153611 -0.1640000502 0.0
    vertex 0.7315653281 -0.414735556 0.1
    vertex 0.6947153611 -0.1640000502 0.1
  endloop
endfacet
facet normal -0.6087894872 0.7933318097 0.0
  outer loop
    vertex 0.7315653281 -0.414735556 0.0
    vertex 0.5523004264 -0.5523004264 0.0
    vertex 0.5523004264 -0.5523004264 0.1
  endloop
endfacet
facet normal -0.6087894872 0.7933318097 0.0
  outer loop
    vertex 0.7315653281 -0.414735556 0.0
    vertex 0.5523004264 -0.5523004264 0.1
    vertex 0.7315653281 -0.414735556 0.1
  endloop
endfacet
facet normal 0.7071067812 0.7071067812 0.0
  outer loop
    vertex 0.5523004264 -0.5523004264 0.0
    vertex 0.281411123 -0.281411123 0.0
    vertex 0.281411123 -0.281411123 0.1
  endloop
endfacet
facet normal 0.7071067812 0.7071067812 -0.0
  outer loop
    vertex 0.5523004264 -0.5523004264 0.0
    vertex 0.281411123 -0.281411123 0.1
    vertex 0.5523004264 -0.5523004264 0.1
  endloop
endfacet
facet normal 0.2732665289 -0.9619383578 0.0
  outer loop
    vertex 0.281411123 -0.281411123 0.0
    vertex 0.6947153611 -0.1640000502 0.0
    vertex 0.6947153611 -0.1640000502 0.1
  endloop
endfacet
facet normal 0.2732665289 -0.9619383578 0.0
  outer loop
    vertex 0.281411123 -0.281411123 0.0
    vertex 0.6947153611 -0.1640000502 0.1
    vertex 0.281411123 -0.281411123 0.1
  endloop
endfacet
facet normal -0.0 0.0 -1.0
  outer loop
    vertex 0.8716343299 0.251036924 0.1
    vertex 0.6947153611 0.1640000502 0.1
    vertex 0.7315653281 0.414735556 0.1
  endloop
endfacet
facet normal 0.0 0.0 -1.0
  outer loop
    vertex 0.8716343299 0.251036924 0.1
    vertex 0.7315653281 0.414735556 0.1
    vertex 0.8548707948 0.3559749225 0.1
  endloop
endfacet
facet normal 0.0 0.0 1.0
  outer loop
    vertex 0.8716343299 0.251036924 0.0
    vertex 0.7315653281 0.414735556 0.0
    vertex 0.6947153611 0.1640000502 0.0
  endloop
endfacet
facet normal 0.0 0.0 1.0
  outer loop
    vertex 0.8716343299 0.251036924 0.0
    vertex 0.8548707948 0.3559749225 0.0
    vertex 0.7315653281 0.414735556 0.0
  endloop
endfacet
facet normal -0.4414321449 0.8972946347 0.0
  outer loop
    vertex 0.8716343299 0.251036924 0.0
    vertex 0.6947153611 0.1640000502 0.0
    vertex 0.6947153611 0.1640000502 0.1
  endloop
endfacet
facet normal -0.4414321449 0.8972946347 0.0
  outer loop
    vertex 0.8716343299 0.251036924 0.0
    vertex 0.6947153611 0.1640000502 0.1
    vertex 0.8716343299 0.251036924 0.1
  endloop
endfacet
facet normal 0.9893721393 -0.1454055362 0.0
  outer loop
    vertex 0.6947153611 0.1640000502 0.0
    vertex 0.7315653281 0.414735556 0.0
    vertex 0.7315653281 0.414735556 0.1
  endloop
endfacet
facet normal 0.9893721393 -0.1454055362 0.0
  outer loop
    vertex 0.6947153611 0.1640000502 0.0
    vertex 0.7315653281 0.414735556 0.1
    vertex 0.6947153611 0.1640000502 0.1
  endloop
endfacet
facet normal -0.4301946247 -0.9027361657 0.0
  outer loop
    vertex 0.7315653281 0.414735556 0.0
    vertex 0.8548707948 0.3559749225 0.0
    vertex 0.8548707948 0.3559749225 0.1
  endloop
endfacet
facet normal -0.4301946247 -0.9027361657 0.0
  outer loop
    vertex 0.7315653281 0.414735556 0.0
    vertex 0.8548707948 0.3559749225 0.1
    vertex 0.7315653281 0.414735556 0.1
  endloop
endfacet
facet normal -0.9874795705 -0.1577469423 0.0
  outer loop
    vertex 0.8548707948 0.3559749225 0.0
    vertex 0.8716343299 0.251036924 0.0
    vertex 0.8716343299 0.251036924 0.1
  endloop
endfacet
facet normal -0.9874795705 -0.1577469423 0.0
  outer loop
    vertex 0.8548707948 0.3559749225 0.0
    vertex 0.8716343299 0.251036924 0.1
    vertex 0.8548707948 0.3559749225 0.1
  endloop
endfacet
facet normal 0.0 0.0 -1.0
  outer loop
    vertex 0.7007034919 0.6054228587 0.1
    vertex 0.7624613638 0.5399781362 0.1
    vertex 0.7315653281 0.414735556 0.1
  endloop
endfacet
facet normal 0.0 -0.0 -1.0
  outer loop
    vertex 0.7007034919 0.6054228587 0.1
    vertex 0.7315653281 0.414735556 0.1
    vertex 0.5523004264 0.5523004264 0.1
  endloop
endfacet
facet normal 0.0 0.0 1.0
  outer loop
    vertex 0.7007034919 0.6054228587 0.0
    vertex 0.7315653281 0.414735556 0.0
    vertex 0.7624613638 0.5399781362 0.0
  endloop
endfacet
facet normal 0.0 0.0 1.0
  outer loop
    vertex 0.7007034919 0.6054228587 0.0
    vertex 0.5523004264 0.5523004264 0.0
    vertex 0.7315653281 0.414735556 0.0
  endloop
endfacet
facet normal -0.7272961943 -0.6863237179 0.0
  outer loop
    vertex 0.7007034919 0.6054228587 0.0
    vertex 0.7624613638 0.5399781362 0.0
    vertex 0.7624613638 0.5399781362 0.1
  endloop
endfacet
facet normal -0.7272961943 -0.6863237179 0.0
  outer loop
    vertex 0.7007034919 0.6054228587 0.0
    vertex 0.7624613638 0.5399781362 0.1
    vertex 0.7007034919 0.6054228587 0.1
  endloop
endfacet
facet normal -0.970894042 0.2395094137 0.0
  outer loop
    vertex 0.7624613638 0.5399781362 0.0
    vertex 0.7315653281 0.414735556 0.0
    vertex 0.7315653281 0.414735556 0.1
  endloop
endfacet
facet normal -0.970894042 0.2395094137 0.0
  outer loop
    vertex 0.7624613638 0.5399781362 0.0
    vertex 0.7315653281 0.414735556 0.1
    vertex 0.7624613638 0.5399781362 0.1
  endloop
endfacet
facet normal 0.6087894872 0.7933318097 0.0
  outer loop
    vertex 0.7315653281 0.414735556 0.0
    vertex 0.5523004264 0.5523004264 0.0
    vertex 0.5523004264 0.5523004264 0.1
  endloop
endfacet
facet normal 0.6087894872 0.7933318097 -0.0
  outer loop
    vertex 0.7315653281 0.414735556 0.0
    vertex 0.5523004264 0.5523004264 0.1
    vertex 0.7315653281 0.414735556 0.1
  endloop
endfacet
facet normal 0.3370190168 -0.9414978398 0.0
  outer loop
    vertex 0.5523004264 0.5523004264 0.0
    vertex 0.7007034919 0.6054228587 0.0
    vertex 0.7007034919 0.6054228587 0.1
  endloop
endfacet
facet normal 0.3370190168 -0.9414978398 0.0
  outer loop
    vertex 0.5523004264 0.5523004264 0.0
    vertex 0.7007034919 0.6054228587 0.1
    vertex 0.5523004264 0.5523004264 0.1
  endloop
endfacet
facet normal 0.0 0.0 -1.0
  outer loop
    vertex 0.281411123 0.281411123 0.1
    vertex 0.1640000502 0.6947153611 0.1
    vertex 0.414735556 0.7315653281 0.1
  endloop
endfacet
facet normal 0.0 0.0 -1.0
  outer loop
    vertex 0.281411123 0.281411123 0.1
    vertex 0.414735556 0.7315653281 0.1
    vertex 0.5523004264 0.5523004264 0.1
  endloop
endfacet
facet normal 0.0 -0.0 1.0
  outer loop
    vertex 0.281411123 0.281411123 0.0
    vertex 0.414735556 0.7315653281 0.0
    vertex 0.1640000502 0.6947153611 0.0
  endloop
endfacet
facet normal 0.0 0.0 1.0
  outer loop
    vertex 0.281411123 0.281411123 0.0
    vertex 0.5523004264 0.5523004264 0.0
    vertex 0.414735556 0.7315653281 0.0
  endloop
endfacet
facet normal 0.9619383578 0.2732665289 0.0
  outer loop
    vertex 0.281411123 0.281411123 0.0
    vertex 0.1640000502 0.6947153611 0.0
    vertex 0.1640000502 0.6947153611 0.1
  endloop
endfacet
facet normal 0.9619383578 0.2732665289 -0.0
  outer loop
    vertex 0.281411123 0.281411123 0.0
    vertex 0.1640000502 0.6947153611 0.1
    vertex 0.281411123 0.281411123 0.1
  endloop
endfacet
facet normal 0.1454055362 -0.9893721393 0.0
  outer loop
    vertex 0.1640000502 0.6947153611 0.0
    vertex 0.414735556 0.7315653281 0.0
    vertex 0.414735556 0.7315653281 0.1
  endloop
endfacet
facet normal 0.1454055362 -0.9893721393 0.0
  outer loop
    vertex 0.1640000502 0.6947153611 0.0
    vertex 0.414735556 0.7315653281 0.1
    vertex 0.1640000502 0.6947153611 0.1
  endloop
endfacet
facet normal -0.7933318097 -0.6087894872 0.0
  outer loop
    vertex 0.414735556 0.7315653281 0.0
    vertex 0.5523004264 0.5523004264 0.0
    vertex 0.5523004264 0.5523004264 0.1
  endloop
endfacet
facet normal -0.7933318097 -0.6087894872 0.0
  outer loop
    vertex 0.414735556 0.7315653281 0.0
    vertex 0.5523004264 0.5523004264 0.1
    vertex 0.414735556 0.7315653281 0.1
  endloop
endfacet
facet normal -0.7071067812 0.7071067812 0.0
  outer loop
    vertex 0.5523004264 0.5523004264 0.0
    vertex 0.281411123 0.281411123 0.0
    vertex 0.281411123 0.281411123 0.1
  endloop
endfacet
facet normal -0.7071067812 0.7071067812 0.0
  outer loop
    vertex 0.5523004264 0.5523004264 0.0
    vertex 0.281411123 0.281411123 0.1
    vertex 0.5523004264 0.5523004264 0.1
  endloop
endfacet
facet normal 0.0 0.0 -1.0
  outer loop
    vertex 0.886810066 0.0697824862 0.1
    vertex 0.6947153611 0.1640000502 0.1
    vertex 0.8716343299 0.251036924 0.1
  endloop
endfacet
facet normal 0.0 0.0 -1.0
  outer loop
    vertex 0.886810066 0.0697824862 0.1
    vertex 0.8716343299 0.251036924 0.1
    vertex 0.9232632613 0.1687208192 0.1
  endloop
endfacet
facet normal 0.0 0.0 1.0
  outer loop
    vertex 0.886810066 0.0697824862 0.0
    vertex 0.8716343299 0.251036924 0.0
    vertex 0.6947153611 0.1640000502 0.0
  endloop
endfacet
facet normal 0.0 -0.0 1.0
  outer loop
    vertex 0.886810066 0.0697824862 0.0
    vertex 0.9232632613 0.1687208192 0.0
    vertex 0.8716343299 0.251036924 0.0
  endloop
endfacet
facet normal 0.4403587861 0.8978218863 0.0
  outer loop
    vertex 0.886810066 0.0697824862 0.0
    vertex 0.6947153611 0.1640000502 0.0
    vertex 0.6947153611 0.1640000502 0.1
  endloop
endfacet
facet normal 0.4403587861 0.8978218863 -0.0
  outer loop
    vertex 0.886810066 0.0697824862 0.0
    vertex 0.6947153611 0.1640000502 0.1
    vertex 0.886810066 0.0697824862 0.1
  endloop
endfacet
facet normal 0.4414321449 -0.8972946347 0.0
  outer loop
    vertex 0.6947153611 0.1640000502 0.0
    vertex 0.8716343299 0.251036924 0.0
    vertex 0.8716343299 0.251036924 0.1
  endloop
endfacet
facet normal 0.4414321449 -0.8972946347 0.0
  outer loop
    vertex 0.6947153611 0.1640000502 0.0
    vertex 0.8716343299 0.251036924 0.1
    vertex 0.6947153611 0.1640000502 0.1
  endloop
endfacet
facet normal -0.8471583507 -0.5313405018 0.0
  outer loop
    vertex 0.8716343299 0.251036924 0.0
    vertex 0.9232632613 0.1687208192 0.0
    vertex 0.9232632613 0.1687208192 0.1
  endloop
endfacet
facet normal -0.8471583507 -0.5313405018 0.0
  outer loop
    vertex 0.8716343299 0.251036924 0.0
    vertex 0.9232632613 0.1687208192 0.1
    vertex 0.8716343299 0.251036924 0.1
  endloop
endfacet
facet normal -0.9383362543 0.345723985 0.0
  outer loop
    vertex 0.9232632613 0.1687208192 0.0
    vertex 0.886810066 0.0697824862 0.0
    vertex 0.886810066 0.0697824862 0.1
  endloop
endfacet
facet normal -0.9383362543 0.345723985 0.0
  outer loop
    vertex 0.9232632613 0.1687208192 0.0
    vertex 0.886810066 0.0697824862 0.1
    vertex 0.9232632613 0.1687208192 0.1
  endloop
endfacet
facet normal -0.0 0.0 -1.0
  outer loop
    vertex 0.9232632613 -0.1687208192 0.1
    vertex 0.8716343299 -0.251036924 0.1
    vertex 0.6947153611 -0.1640000502 0.1
  endloop
endfacet
facet normal 0.0 0.0 -1.0
  outer loop
    vertex 0.9232632613 -0.1687208192 0.1
    vertex 0.6947153611 -0.1640000502 0.1
    vertex 0.886810066 -0.0697824862 0.1
  endloop
endfacet
facet normal 0.0 0.0 1.0
  outer loop
    vertex 0.9232632613 -0.1687208192 0.0
    vertex 0.6947153611 -0.1640000502 0.0
    vertex 0.8716343299 -0.251036924 0.0
  endloop
endfacet
facet normal 0.0 0.0 1.0
  outer loop
    vertex 0.9232632613 -0.1687208192 0.0
    vertex 0.886810066 -0.0697824862 0.0
    vertex 0.6947153611 -0.1640000502 0.0
  endloop
endfacet
facet normal -0.8471583507 0.5313405018 0.0
  outer loop
    vertex 0.9232632613 -0.1687208192 0.0
    vertex 0.8716343299 -0.251036924 0.0
    vertex 0.8716343299 -0.251036924 0.1
  endloop
endfacet
facet normal -0.8471583507 0.5313405018 0.0
  outer loop
    vertex 0.9232632613 -0.1687208192 0.0
    vertex 0.8716343299 -0.251036924 0.1
    vertex 0.9232632613 -0.1687208192 0.1
  endloop
endfacet
facet normal 0.4414321449 0.8972946347 0.0
  outer loop
    vertex 0.8716343299 -0.251036924 0.0
    vertex 0.6947153611 -0.1640000502 0.0
    vertex 0.6947153611 -0.1640000502 0.1
  endloop
endfacet
facet normal 0.4414321449 0.8972946347 -0.0
  outer loop
    vertex 0.8716343299 -0.251036924 0.0
    vertex 0.6947153611 -0.1640000502 0.1
    vertex 0.8716343299 -0.251036924 0.1
  endloop
endfacet
facet normal 0.4403587861 -0.8978218863 0.0
  outer loop
    vertex 0.6947153611 -0.1640000502 0.0
    vertex 0.886810066 -0.0697824862 0.0
    vertex 0.886810066 -0.0697824862 0.1
  endloop
endfacet
facet normal 0.4403587861 -0.8978218863 0.0
  outer loop
    vertex 0.6947153611 -0.1640000502 0.0
    vertex 0.886810066 -0.0697824862 0.1
    vertex 0.6947153611 -0.1640000502 0.1
  endloop
endfacet
facet normal -0.9383362543 -0.345723985 0.0
  outer loop
    vertex 0.886810066 -0.0697824862 0.0
    vertex 0.9232632613 -0.1687208192 0.0
    vertex 0.9232632613 -0.1687208192 0.1
  endloop
endfacet
facet normal -0.9383362543 -0.345723985 0.0
  outer loop
    vertex 0.886810066 -0.0697824862 0.0
    vertex 0.9232632613 -0.1687208192 0.1
    vertex 0.886810066 -0.0697824862 0.1
  endloop
endfacet
facet normal 0.0 0.0 -1.0
  outer loop
    vertex 0.886810066 0.0697824862 0.1
    vertex 0.9599459677 0.0260228751 0.1
    vertex 0.9599459677 -0.0260228751 0.1
  endloop
endfacet
facet normal 0.0 0.0 -1.0
  outer loop
    vertex 0.886810066 0.0697824862 0.1
    vertex 0.9599459677 -0.0260228751 0.1
    vertex 0.886810066 -0.0697824862 0.1
  endloop
endfacet
facet normal 0.0 0.0 1.0
  outer loop
    vertex 0.886810066 0.0697824862 0.0
    vertex 0.9599459677 -0.0260228751 0.0
    vertex 0.9599459677 0.0260228751 0.0
  endloop
endfacet
facet normal 0.0 0.0 1.0
  outer loop
    vertex 0.886810066 0.0697824862 0.0
    vertex 0.886810066 -0.0697824862 0.0
    vertex 0.9599459677 -0.0260228751 0.0
  endloop
endfacet
facet normal -0.5134434297 -0.8581234436 0.0
  outer loop
    vertex 0.886810066 0.0697824862 0.0
    vertex 0.9599459677 0.0260228751 0.0
    vertex 0.9599459677 0.0260228751 0.1
  endloop
endfacet
facet normal -0.5134434297 -0.8581234436 0.0
  outer loop
    vertex 0.886810066 0.0697824862 0.0
    vertex 0.9599459677 0.0260228751 0.1
    vertex 0.886810066 0.0697824862 0.1
  endloop
endfacet
facet normal -1.0 0.0 0.0
  outer loop
    vertex 0.9599459677 0.0260228751 0.0
    vertex 0.9599459677 -0.0260228751 0.0
    vertex 0.9599459677 -0.0260228751 0.1
  endloop
endfacet
facet normal -1.0 0.0 0.0
  outer loop
    vertex 0.9599459677 0.0260228751 0.0
    vertex 0.9599459677 -0.0260228751 0.1
    vertex 0.9599459677 0.0260228751 0.1
  endloop
endfacet
facet normal -0.5134434297 0.8581234436 0.0
  outer loop
    vertex 0.9599459677 -0.0260228751 0.0
    vertex 0.886810066 -0.0697824862 0.0
    vertex 0.886810066 -0.0697824862 0.1
  endloop
endfacet
facet normal -0.5134434297 0.8581234436 0.0
  outer loop
    vertex 0.9599459677 -0.0260228751 0.0
    vertex 0.886810066 -0.0697824862 0.1
    vertex 0.9599459677 -0.0260228751 0.1
  endloop
endfacet
facet normal 1.0 0.0 0.0
  outer loop
    vertex 0.886810066 -0.0697824862 0.0
    vertex 0.886810066 0.0697824862 0.0
    vertex 0.886810066 0.0697824862 0.1
  endloop
endfacet
facet normal 1.0 0.0 0.0
  outer loop
    vertex 0.886810066 -0.0697824862 0.0
    vertex 0.886810066 0.0697824862 0.1
    vertex 0.886810066 -0.0697824862 0.1
  endloop
endfacet
facet normal 0.0 0.0 -1.0
  outer loop
    vertex 0.5523004264 -0.5523004264 0.1
    vertex 0.7315653281 -0.414735556 0.1
    vertex 0.7624613638 -0.5399781362 0.1
  endloop
endfacet
facet normal 0.0 0.0 -1.0
  outer loop
    vertex 0.5523004264 -0.5523004264 0.1
    vertex 0.7624613638 -0.5399781362 0.1
    vertex 0.7007034919 -0.6054228587 0.1
  endloop
endfacet
facet normal 0.0 0.0 1.0
  outer loop
    vertex 0.5523004264 -0.5523004264 0.0
    vertex 0.7624613638 -0.5399781362 0.0
    vertex 0.7315653281 -0.414735556 0.0
  endloop
endfacet
facet normal -0.0 0.0 1.0
  outer loop
    vertex 0.5523004264 -0.5523004264 0.0
    vertex 0.7007034919 -0.6054228587 0.0
    vertex 0.7624613638 -0.5399781362 0.0
  endloop
endfacet
facet normal 0.6087894872 -0.7933318097 0.0
  outer loop
    vertex 0.5523004264 -0.5523004264 0.0
    vertex 0.7315653281 -0.414735556 0.0
    vertex 0.7315653281 -0.414735556 0.1
  endloop
endfacet
facet normal 0.6087894872 -0.7933318097 0.0
  outer loop
    vertex 0.5523004264 -0.5523004264 0.0
    vertex 0.7315653281 -0.414735556 0.1
    vertex 0.5523004264 -0.5523004264 0.1
  endloop
endfacet
facet normal -0.970894042 -0.2395094137 0.0
  outer loop
    vertex 0.7315653281 -0.414735556 0.0
    vertex 0.7624613638 -0.5399781362 0.0
    vertex 0.7624613638 -0.5399781362 0.1
  endloop
endfacet
facet normal -0.970894042 -0.2395094137 0.0
  outer loop
    vertex 0.7315653281 -0.414735556 0.0
    vertex 0.7624613638 -0.5399781362 0.1
    vertex 0.7315653281 -0.414735556 0.1
  endloop
endfacet
facet normal -0.7272961943 0.6863237179 0.0
  outer loop
    vertex 0.7624613638 -0.5399781362 0.0
    vertex 0.7007034919 -0.6054228587 0.0
    vertex 0.7007034919 -0.6054228587 0.1
  endloop
endfacet
facet normal -0.7272961943 0.6863237179 0.0
  outer loop
    vertex 0.7624613638 -0.5399781362 0.0
    vertex 0.7007034919 -0.6054228587 0.1
    vertex 0.7624613638 -0.5399781362 0.1
  endloop
endfacet
facet normal 0.3370190168 0.9414978398 0.0
  outer loop
    vertex 0.7007034919 -0.6054228587 0.0
    vertex 0.5523004264 -0.5523004264 0.0
    vertex 0.5523004264 -0.5523004264 0.1
  endloop
endfacet
facet normal 0.3370190168 0.9414978398 -0.0
  outer loop
    vertex 0.7007034919 -0.6054228587 0.0
    vertex 0.5523004264 -0.5523004264 0.1
    vertex 0.7007034919 -0.6054228587 0.1
  endloop
endfacet
facet normal -0.0 0.0 -1.0
  outer loop
    vertex 0.8548707948 -0.3559749225 0.1
    vertex 0.7315653281 -0.414735556 0.1
    vertex 0.6947153611 -0.1640000502 0.1
  endloop
endfacet
facet normal 0.0 0.0 -1.0
  outer loop
    vertex 0.8548707948 -0.3559749225 0.1
    vertex 0.6947153611 -0.1640000502 0.1
    vertex 0.8716343299 -0.251036924 0.1
  endloop
endfacet
facet normal 0.0 0.0 1.0
  outer loop
    vertex 0.8548707948 -0.3559749225 0.0
    vertex 0.6947153611 -0.1640000502 0.0
    vertex 0.7315653281 -0.414735556 0.0
  endloop
endfacet
facet normal 0.0 -0.0 1.0
  outer loop
    vertex 0.8548707948 -0.3559749225 0.0
    vertex 0.8716343299 -0.251036924 0.0
    vertex 0.6947153611 -0.1640000502 0.0
  endloop
endfacet
facet normal -0.4301946247 0.9027361657 0.0
  outer loop
    vertex 0.8548707948 -0.3559749225 0.0
    vertex 0.7315653281 -0.414735556 0.0
    vertex 0.7315653281 -0.414735556 0.1
  endloop
endfacet
facet normal -0.4301946247 0.9027361657 0.0
  outer loop
    vertex 0.8548707948 -0.3559749225 0.0
    vertex 0.7315653281 -0.414735556 0.1
    vertex 0.8548707948 -0.3559749225 0.1
  endloop
endfacet
facet normal 0.9893721393 0.1454055362 0.0
  outer loop
    vertex 0.7315653281 -0.414735556 0.0
    vertex 0.6947153611 -0.1640000502 0.0
    vertex 0.6947153611 -0.1640000502 0.1
  endloop
endfacet
facet normal 0.9893721393 0.1454055362 -0.0
  outer loop
    vertex 0.7315653281 -0.414735556 0.0
    vertex 0.6947153611 -0.1640000502 0.1
    vertex 0.7315653281 -0.414735556 0.1
  endloop
endfacet
facet normal -0.4414321449 -0.8972946347 0.0
  outer loop
    vertex 0.6947153611 -0.1640000502 0.0
    vertex 0.8716343299 -0.251036924 0.0
    vertex 0.8716343299 -0.251036924 0.1
  endloop
endfacet
facet normal -0.4414321449 -0.8972946347 0.0
  outer loop
    vertex 0.6947153611 -0.1640000502 0.0
    vertex 0.8716343299 -0.251036924 0.1
    vertex 0.6947153611 -0.1640000502 0.1
  endloop
endfacet
facet normal -0.9874795705 0.1577469423 0.0
  outer loop
    vertex 0.8716343299 -0.251036924 0.0
    vertex 0.8548707948 -0.3559749225 0.0
    vertex 0.8548707948 -0.3559749225 0.1
  endloop
endfacet
facet normal -0.9874795705 0.1577469423 0.0
  outer loop
    vertex 0.8716343299 -0.251036924 0.0
    vertex 0.8548707948 -0.3559749225 0.1
    vertex 0.8716343299 -0.251036924 0.1
  endloop
endfacet
facet normal 0.0 0.0 -1.0
  outer loop
    vertex 0.5523004264 -0.5523004264 0.1
    vertex 0.414735556 -0.7315653281 0.1
    vertex 0.1640000502 -0.6947153611 0.1
  endloop
endfacet
facet normal -0.0 0.0 -1.0
  outer loop
    vertex 0.5523004264 -0.5523004264 0.1
    vertex 0.1640000502 -0.6947153611 0.1
    vertex 0.281411123 -0.281411123 0.1
  endloop
endfacet
facet normal 0.0 0.0 1.0
  outer loop
    vertex 0.5523004264 -0.5523004264 0.0
    vertex 0.1640000502 -0.6947153611 0.0
    vertex 0.414735556 -0.7315653281 0.0
  endloop
endfacet
facet normal 0.0 0.0 1.0
  outer loop
    vertex 0.5523004264 -0.5523004264 0.0
    vertex 0.281411123 -0.281411123 0.0
    vertex 0.1640000502 -0.6947153611 0.0
  endloop
endfacet
facet normal -0.7933318097 0.6087894872 0.0
  outer loop
    vertex 0.5523004264 -0.5523004264 0.0
    vertex 0.414735556 -0.7315653281 0.0
    vertex 0.414735556 -0.7315653281 0.1
  endloop
endfacet
facet normal -0.7933318097 0.6087894872 0.0
  outer loop
    vertex 0.5523004264 -0.5523004264 0.0
    vertex 0.414735556 -0.7315653281 0.1
    vertex 0.5523004264 -0.5523004264 0.1
  endloop
endfacet
facet normal 0.1454055362 0.9893721393 0.0
  outer loop
    vertex 0.414735556 -0.7315653281 0.0
    vertex 0.1640000502 -0.6947153611 0.0
    vertex 0.1640000502 -0.6947153611 0.1
  endloop
endfacet
facet normal 0.1454055362 0.9893721393 -0.0
  outer loop
    vertex 0.414735556 -0.7315653281 0.0
    vertex 0.1640000502 -0.6947153611 0.1
    vertex 0.414735556 -0.7315653281 0.1
  endloop
endfacet
facet normal 0.9619383578 -0.2732665289 0.0
  outer loop
    vertex 0.1640000502 -0.6947153611 0.0
    vertex 0.281411123 -0.281411123 0.0
    vertex 0.281411123 -0.281411123 0.1
  endloop
endfacet
facet normal 0.9619383578 -0.2732665289 0.0
  outer loop
    vertex 0.1640000502 -0.6947153611 0.0
    vertex 0.281411123 -0.281411123 0.1
    vertex 0.1640000502 -0.6947153611 0.1
  endloop
endfacet
facet normal -0.7071067812 -0.7071067812 0.0
  outer loop
    vertex 0.281411123 -0.281411123 0.0
    vertex 0.5523004264 -0.5523004264 0.0
    vertex 0.5523004264 -0.5523004264 0.1
  endloop
endfacet
facet normal -0.7071067812 -0.7071067812 0.0
  outer loop
    vertex 0.281411123 -0.281411123 0.0
    vertex 0.5523004264 -0.5523004264 0.1
    vertex 0.281411123 -0.281411123 0.1
  endloop
endfacet
facet normal 0.0 -0.0 1.0
  outer loop
    vertex -0.281411123 -0.281411123 0.1
    vertex -0.281411123 0.281411123 0.1
    vertex -0.6947153611 0.1640000502 0.1
  endloop
endfacet
facet normal 0.0 0.0 1.0
  outer loop
    vertex -0.281411123 -0.281411123 0.1
    vertex -0.6947153611 0.1640000502 0.1
    vertex -0.6947153611 -0.1640000502 0.1
  endloop
endfacet
facet normal 0.0 0.0 -1.0
  outer loop
    vertex -0.281411123 -0.281411123 0.0
    vertex -0.6947153611 0.1640000502 0.0
    vertex -0.281411123 0.281411123 0.0
  endloop
endfacet
facet normal 0.0 0.0 -1.0
  outer loop
    vertex -0.281411123 -0.281411123 0.0
    vertex -0.6947153611 -0.1640000502 0.0
    vertex -0.6947153611 0.1640000502 0.0
  endloop
endfacet
facet normal 1.0 -0.0 0.0
  outer loop
    vertex -0.281411123 -0.281411123 0.0
    vertex -0.281411123 0.281411123 0.0
    vertex -0.281411123 0.281411123 0.1
  endloop
endfacet
facet normal 1.0 -0.0 0.0
  outer loop
    vertex -0.281411123 -0.281411123 0.0
    vertex -0.281411123 0.281411123 0.1
    vertex -0.281411123 -0.281411123 0.1
  endloop
endfacet
facet normal -0.2732665289 0.9619383578 0.0
  outer loop
    vertex -0.281411123 0.281411123 0.0
    vertex -0.6947153611 0.1640000502 0.0
    vertex -0.6947153611 0.1640000502 0.1
  endloop
endfacet
facet normal -0.2732665289 0.9619383578 0.0
  outer loop
    vertex -0.281411123 0.281411123 0.0
    vertex -0.6947153611 0.1640000502 0.1
    vertex -0.281411123 0.281411123 0.1
  endloop
endfacet
facet normal -1.0 0.0 0.0
  outer loop
    vertex -0.6947153611 0.1640000502 0.0
    vertex -0.6947153611 -0.1640000502 0.0
    vertex -0.6947153611 -0.1640000502 0.1
  endloop
endfacet
facet normal -1.0 0.0 0.0
  outer loop
    vertex -0.6947153611 0.1640000502 0.0
    vertex -0.6947153611 -0.1640000502 0.1
    vertex -0.6947153611 0.1640000502 0.1
  endloop
endfacet
facet normal -0.2732665289 -0.9619383578 0.0
  outer loop
    vertex -0.6947153611 -0.1640000502 0.0
    vertex -0.281411123 -0.281411123 0.0
    vertex -0.281411123 -0.281411123 0.1
  endloop
endfacet
facet normal -0.2732665289 -0.9619383578 0.0
  outer loop
    vertex -0.6947153611 -0.1640000502 0.0
    vertex -0.281411123 -0.281411123 0.1
    vertex -0.6947153611 -0.1640000502 0.1
  endloop
endfacet
facet normal 0.0 0.0 1.0
  outer loop
    vertex -0.8548707948 0.3559749225 0.1
    vertex -0.8716343299 0.251036924 0.1
    vertex -0.6947153611 0.1640000502 0.1
  endloop
endfacet
facet normal -0.0 0.0 1.0
  outer loop
    vertex -0.8548707948 0.3559749225 0.1
    vertex -0.6947153611 0.1640000502 0.1
    vertex -0.7315653281 0.414735556 0.1
  endloop
endfacet
facet normal 0.0 -0.0 -1.0
  outer loop
    vertex -0.8548707948 0.3559749225 0.0
    vertex -0.6947153611 0.1640000502 0.0
    vertex -0.8716343299 0.251036924 0.0
  endloop
endfacet
facet normal 0.0 0.0 -1.0
  outer loop
    vertex -0.8548707948 0.3559749225 0.0
    vertex -0.7315653281 0.414735556 0.0
    vertex -0.6947153611 0.1640000502 0.0
  endloop
endfacet
facet normal -0.9874795705 0.1577469423 0.0
  outer loop
    vertex -0.8548707948 0.3559749225 0.0
    vertex -0.8716343299 0.251036924 0.0
    vertex -0.8716343299 0.251036924 0.1
  endloop
endfacet
facet normal -0.9874795705 0.1577469423 0.0
  outer loop
    vertex -0.8548707948 0.3559749225 0.0
    vertex -0.8716343299 0.251036924 0.1
    vertex -0.8548707948 0.3559749225 0.1
  endloop
endfacet
facet normal -0.4414321449 -0.8972946347 0.0
  outer loop
    vertex -0.8716343299 0.251036924 0.0
    vertex -0.6947153611 0.1640000502 0.0
    vertex -0.6947153611 0.1640000502 0.1
  endloop
endfacet
facet normal -0.4414321449 -0.8972946347 0.0
  outer loop
    vertex -0.8716343299 0.251036924 0.0
    vertex -0.6947153611 0.1640000502 0.1
    vertex -0.8716343299 0.251036924 0.1
  endloop
endfacet
facet normal 0.9893721393 0.1454055362 0.0
  outer loop
    vertex -0.6947153611 0.1640000502 0.0
    vertex -0.7315653281 0.414735556 0.0
    vertex -0.7315653281 0.414735556 0.1
  endloop
endfacet
facet normal 0.9893721393 0.1454055362 -0.0
  outer loop
    vertex -0.6947153611 0.1640000502 0.0
    vertex -0.7315653281 0.414735556 0.1
    vertex -0.6947153611 0.1640000502 0.1
  endloop
endfacet
facet normal -0.4301946247 0.9027361657 0.0
  outer loop
    vertex -0.7315653281 0.414735556 0.0
    vertex -0.8548707948 0.3559749225 0.0
    vertex -0.8548707948 0.3559749225 0.1
  endloop
endfacet
facet normal -0.4301946247 0.9027361657 0.0
  outer loop
    vertex -0.7315653281 0.414735556 0.0
    vertex -0.8548707948 0.3559749225 0.1
    vertex -0.7315653281 0.414735556 0.1
  endloop
endfacet
facet normal 0.0 0.0 1.0
  outer loop
    vertex -0.5523004264 0.5523004264 0.1
    vertex -0.7007034919 0.6054228587 0.1
    vertex -0.7624613638 0.5399781362 0.1
  endloop
endfacet
facet normal 0.0 0.0 1.0
  outer loop
    vertex -0.5523004264 0.5523004264 0.1
    vertex -0.7624613638 0.5399781362 0.1
    vertex -0.7315653281 0.414735556 0.1
  endloop
endfacet
facet normal -0.0 0.0 -1.0
  outer loop
    vertex -0.5523004264 0.5523004264 0.0
    vertex -0.7624613638 0.5399781362 0.0
    vertex -0.7007034919 0.6054228587 0.0
  endloop
endfacet
facet normal 0.0 0.0 -1.0
  outer loop
    vertex -0.5523004264 0.5523004264 0.0
    vertex -0.7315653281 0.414735556 0.0
    vertex -0.7624613638 0.5399781362 0.0
  endloop
endfacet
facet normal 0.3370190168 0.9414978398 0.0
  outer loop
    vertex -0.5523004264 0.5523004264 0.0
    vertex -0.7007034919 0.6054228587 0.0
    vertex -0.7007034919 0.6054228587 0.1
  endloop
endfacet
facet normal 0.3370190168 0.9414978398 -0.0
  outer loop
    vertex -0.5523004264 0.5523004264 0.0
    vertex -0.7007034919 0.6054228587 0.1
    vertex -0.5523004264 0.5523004264 0.1
  endloop
endfacet
facet normal -0.7272961943 0.6863237179 0.0
  outer loop
    vertex -0.7007034919 0.6054228587 0.0
    vertex -0.7624613638 0.5399781362 0.0
    vertex -0.7624613638 0.5399781362 0.1
  endloop
endfacet
facet normal -0.7272961943 0.6863237179 0.0
  outer loop
    vertex -0.7007034919 0.6054228587 0.0
    vertex -0.7624613638 0.5399781362 0.1
    vertex -0.7007034919 0.6054228587 0.1
  endloop
endfacet
facet normal -0.970894042 -0.2395094137 0.0
  outer loop
    vertex -0.7624613638 0.5399781362 0.0
    vertex -0.7315653281 0.414735556 0.0
    vertex -0.7315653281 0.414735556 0.1
  endloop
endfacet
facet normal -0.970894042 -0.2395094137 0.0
  outer loop
    vertex -0.7624613638 0.5399781362 0.0
    vertex -0.7315653281 0.414735556 0.1
    vertex -0.7624613638 0.5399781362 0.1
  endloop
endfacet
facet normal 0.6087894872 -0.7933318097 0.0
  outer loop
    vertex -0.7315653281 0.414735556 0.0
    vertex -0.5523004264 0.5523004264 0.0
    vertex -0.5523004264 0.5523004264 0.1
  endloop
endfacet
facet normal 0.6087894872 -0.7933318097 0.0
  outer loop
    vertex -0.7315653281 0.414735556 0.0
    vertex -0.5523004264 0.5523004264 0.1
    vertex -0.7315653281 0.414735556 0.1
  endloop
endfacet
facet normal 0.0 0.0 1.0
  outer loop
    vertex -0.3559749225 0.8548707948 0.1
    vertex -0.251036924 0.8716343299 0.1
    vertex -0.2989201813 0.9218816032 0.1
  endloop
endfacet
facet normal 0.0 0.0 1.0
  outer loop
    vertex -0.3559749225 0.8548707948 0.1
    vertex -0.2989201813 0.9218816032 0.1
    vertex -0.3365342167 0.9114032891 0.1
  endloop
endfacet
facet normal 0.0 0.0 -1.0
  outer loop
    vertex -0.3559749225 0.8548707948 0.0
    vertex -0.2989201813 0.9218816032 0.0
    vertex -0.251036924 0.8716343299 0.0
  endloop
endfacet
facet normal 0.0 0.0 -1.0
  outer loop
    vertex -0.3559749225 0.8548707948 0.0
    vertex -0.3365342167 0.9114032891 0.0
    vertex -0.2989201813 0.9218816032 0.0
  endloop
endfacet
facet normal 0.1577469423 -0.9874795705 0.0
  outer loop
    vertex -0.3559749225 0.8548707948 0.0
    vertex -0.251036924 0.8716343299 0.0
    vertex -0.251036924 0.8716343299 0.1
  endloop
endfacet
facet normal 0.1577469423 -0.9874795705 0.0
  outer loop
    vertex -0.3559749225 0.8548707948 0.0
    vertex -0.251036924 0.8716343299 0.1
    vertex -0.3559749225 0.8548707948 0.1
  endloop
endfacet
facet normal 0.7239313175 0.6898720516 0.0
  outer loop
    vertex -0.251036924 0.8716343299 0.0
    vertex -0.2989201813 0.9218816032 0.0
    vertex -0.2989201813 0.9218816032 0.1
  endloop
endfacet
facet normal 0.7239313175 0.6898720516 -0.0
  outer loop
    vertex -0.251036924 0.8716343299 0.0
    vertex -0.2989201813 0.9218816032 0.1
    vertex -0.251036924 0.8716343299 0.1
  endloop
endfacet
facet normal -0.268356381 0.9633197043 0.0
  outer loop
    vertex -0.2989201813 0.9218816032 0.0
    vertex -0.3365342167 0.9114032891 0.0
    vertex -0.3365342167 0.9114032891 0.1
  endloop
endfacet
facet normal -0.268356381 0.9633197043 0.0
  outer loop
    vertex -0.2989201813 0.9218816032 0.0
    vertex -0.3365342167 0.9114032891 0.1
    vertex -0.2989201813 0.9218816032 0.1
  endloop
endfacet
facet normal -0.9456471967 0.3251943718 0.0
  outer loop
    vertex -0.3365342167 0.9114032891 0.0
    vertex -0.3559749225 0.8548707948 0.0
    vertex -0.3559749225 0.8548707948 0.1
  endloop
endfacet
facet normal -0.9456471967 0.3251943718 0.0
  outer loop
    vertex -0.3365342167 0.9114032891 0.0
    vertex -0.3559749225 0.8548707948 0.1
    vertex -0.3365342167 0.9114032891 0.1
  endloop
endfacet
facet normal 0.0 0.0 1.0
  outer loop
    vertex -0.1687208192 0.9232632613 0.1
    vertex -0.251036924 0.8716343299 0.1
    vertex -0.1640000502 0.6947153611 0.1
  endloop
endfacet
facet normal 0.0 0.0 1.0
  outer loop
    vertex -0.1687208192 0.9232632613 0.1
    vertex -0.1640000502 0.6947153611 0.1
    vertex -0.0697824862 0.886810066 0.1
  endloop
endfacet
facet normal 0.0 -0.0 -1.0
  outer loop
    vertex -0.1687208192 0.9232632613 0.0
    vertex -0.1640000502 0.6947153611 0.0
    vertex -0.251036924 0.8716343299 0.0
  endloop
endfacet
facet normal 0.0 0.0 -1.0
  outer loop
    vertex -0.1687208192 0.9232632613 0.0
    vertex -0.0697824862 0.886810066 0.0
    vertex -0.1640000502 0.6947153611 0.0
  endloop
endfacet
facet normal -0.5313405018 0.8471583507 0.0
  outer loop
    vertex -0.1687208192 0.9232632613 0.0
    vertex -0.251036924 0.8716343299 0.0
    vertex -0.251036924 0.8716343299 0.1
  endloop
endfacet
facet normal -0.5313405018 0.8471583507 0.0
  outer loop
    vertex -0.1687208192 0.9232632613 0.0
    vertex -0.251036924 0.8716343299 0.1
    vertex -0.1687208192 0.9232632613 0.1
  endloop
endfacet
facet normal -0.8972946347 -0.4414321449 0.0
  outer loop
    vertex -0.251036924 0.8716343299 0.0
    vertex -0.1640000502 0.6947153611 0.0
    vertex -0.1640000502 0.6947153611 0.1
  endloop
endfacet
facet normal -0.8972946347 -0.4414321449 0.0
  outer loop
    vertex -0.251036924 0.8716343299 0.0
    vertex -0.1640000502 0.6947153611 0.1
    vertex -0.251036924 0.8716343299 0.1
  endloop
endfacet
facet normal 0.8978218863 -0.4403587861 0.0
  outer loop
    vertex -0.1640000502 0.6947153611 0.0
    vertex -0.0697824862 0.886810066 0.0
    vertex -0.0697824862 0.886810066 0.1
  endloop
endfacet
facet normal 0.8978218863 -0.4403587861 0.0
  outer loop
    vertex -0.1640000502 0.6947153611 0.0
    vertex -0.0697824862 0.886810066 0.1
    vertex -0.1640000502 0.6947153611 0.1
  endloop
endfacet
facet normal 0.345723985 0.9383362543 0.0
  outer loop
    vertex -0.0697824862 0.886810066 0.0
    vertex -0.1687208192 0.9232632613 0.0
    vertex -0.1687208192 0.9232632613 0.1
  endloop
endfacet
facet normal 0.345723985 0.9383362543 -0.0
  outer loop
    vertex -0.0697824862 0.886810066 0.0
    vertex -0.1687208192 0.9232632613 0.1
    vertex -0.0697824862 0.886810066 0.1
  endloop
endfacet
facet normal 0.0 0.0 1.0
  outer loop
    vertex -0.3559749225 0.8548707948 0.1
    vertex -0.421780787 0.8670666116 0.1
    vertex -0.4629975389 0.8315584884 0.1
  endloop
endfacet
facet normal 0.0 0.0 1.0
  outer loop
    vertex -0.3559749225 0.8548707948 0.1
    vertex -0.4629975389 0.8315584884 0.1
    vertex -0.414735556 0.7315653281 0.1
  endloop
endfacet
facet normal -0.0 0.0 -1.0
  outer loop
    vertex -0.3559749225 0.8548707948 0.0
    vertex -0.4629975389 0.8315584884 0.0
    vertex -0.421780787 0.8670666116 0.0
  endloop
endfacet
facet normal 0.0 0.0 -1.0
  outer loop
    vertex -0.3559749225 0.8548707948 0.0
    vertex -0.414735556 0.7315653281 0.0
    vertex -0.4629975389 0.8315584884 0.0
  endloop
endfacet
facet normal 0.1822271572 0.9832564585 0.0
  outer loop
    vertex -0.3559749225 0.8548707948 0.0
    vertex -0.421780787 0.8670666116 0.0
    vertex -0.421780787 0.8670666116 0.1
  endloop
endfacet
facet normal 0.1822271572 0.9832564585 -0.0
  outer loop
    vertex -0.3559749225 0.8548707948 0.0
    vertex -0.421780787 0.8670666116 0.1
    vertex -0.3559749225 0.8548707948 0.1
  endloop
endfacet
facet normal -0.6526911542 0.757624087 0.0
  outer loop
    vertex -0.421780787 0.8670666116 0.0
    vertex -0.4629975389 0.8315584884 0.0
    vertex -0.4629975389 0.8315584884 0.1
  endloop
endfacet
facet normal -0.6526911542 0.757624087 0.0
  outer loop
    vertex -0.421780787 0.8670666116 0.0
    vertex -0.4629975389 0.8315584884 0.1
    vertex -0.421780787 0.8670666116 0.1
  endloop
endfacet
facet normal -0.9005889301 -0.434671806 0.0
  outer loop
    vertex -0.4629975389 0.8315584884 0.0
    vertex -0.414735556 0.7315653281 0.0
    vertex -0.414735556 0.7315653281 0.1
  endloop
endfacet
facet normal -0.9005889301 -0.434671806 0.0
  outer loop
    vertex -0.4629975389 0.8315584884 0.0
    vertex -0.414735556 0.7315653281 0.1
    vertex -0.4629975389 0.8315584884 0.1
  endloop
endfacet
facet normal 0.9027361657 -0.4301946247 0.0
  outer loop
    vertex -0.414735556 0.7315653281 0.0
    vertex -0.3559749225 0.8548707948 0.0
    vertex -0.3559749225 0.8548707948 0.1
  endloop
endfacet
facet normal 0.9027361657 -0.4301946247 0.0
  outer loop
    vertex -0.414735556 0.7315653281 0.0
    vertex -0.3559749225 0.8548707948 0.1
    vertex -0.414735556 0.7315653281 0.1
  endloop
endfacet
facet normal 0.0 0.0 1.0
  outer loop
    vertex -0.5523004264 0.5523004264 0.1
    vertex -0.6054228587 0.7007034919 0.1
    vertex -0.6755873699 0.6755873699 0.1
  endloop
endfacet
facet normal 0.0 0.0 1.0
  outer loop
    vertex -0.5523004264 0.5523004264 0.1
    vertex -0.6755873699 0.6755873699 0.1
    vertex -0.7007034919 0.6054228587 0.1
  endloop
endfacet
facet normal 0.0 0.0 -1.0
  outer loop
    vertex -0.5523004264 0.5523004264 0.0
    vertex -0.6755873699 0.6755873699 0.0
    vertex -0.6054228587 0.7007034919 0.0
  endloop
endfacet
facet normal 0.0 0.0 -1.0
  outer loop
    vertex -0.5523004264 0.5523004264 0.0
    vertex -0.7007034919 0.6054228587 0.0
    vertex -0.6755873699 0.6755873699 0.0
  endloop
endfacet
facet normal 0.9414978398 0.3370190168 0.0
  outer loop
    vertex -0.5523004264 0.5523004264 0.0
    vertex -0.6054228587 0.7007034919 0.0
    vertex -0.6054228587 0.7007034919 0.1
  endloop
endfacet
facet normal 0.9414978398 0.3370190168 -0.0
  outer loop
    vertex -0.5523004264 0.5523004264 0.0
    vertex -0.6054228587 0.7007034919 0.1
    vertex -0.5523004264 0.5523004264 0.1
  endloop
endfacet
facet normal -0.3370190168 0.9414978398 0.0
  outer loop
    vertex -0.6054228587 0.7007034919 0.0
    vertex -0.6755873699 0.6755873699 0.0
    vertex -0.6755873699 0.6755873699 0.1
  endloop
endfacet
facet normal -0.3370190168 0.9414978398 0.0
  outer loop
    vertex -0.6054228587 0.7007034919 0.0
    vertex -0.6755873699 0.6755873699 0.1
    vertex -0.6054228587 0.7007034919 0.1
  endloop
endfacet
facet normal -0.9414978398 0.3370190168 0.0
  outer loop
    vertex -0.6755873699 0.6755873699 0.0
    vertex -0.7007034919 0.6054228587 0.0
    vertex -0.7007034919 0.6054228587 0.1
  endloop
endfacet
facet normal -0.9414978398 0.3370190168 0.0
  outer loop
    vertex -0.6755873699 0.6755873699 0.0
    vertex -0.7007034919 0.6054228587 0.1
    vertex -0.6755873699 0.6755873699 0.1
  endloop
endfacet
facet normal -0.3370190168 -0.9414978398 0.0
  outer loop
    vertex -0.7007034919 0.6054228587 0.0
    vertex -0.5523004264 0.5523004264 0.0
    vertex -0.5523004264 0.5523004264 0.1
  endloop
endfacet
facet normal -0.3370190168 -0.9414978398 0.0
  outer loop
    vertex -0.7007034919 0.6054228587 0.0
    vertex -0.5523004264 0.5523004264 0.1
    vertex -0.7007034919 0.6054228587 0.1
  endloop
endfacet
facet normal -0.0 0.0 1.0
  outer loop
    vertex -0.6150020088 0.7562485881 0.1
    vertex -0.6054228587 0.7007034919 0.1
    vertex -0.5399781362 0.7624613638 0.1
  endloop
endfacet
facet normal 0.0 0.0 1.0
  outer loop
    vertex -0.6150020088 0.7562485881 0.1
    vertex -0.5399781362 0.7624613638 0.1
    vertex -0.5899786759 0.777234391 0.1
  endloop
endfacet
facet normal 0.0 0.0 -1.0
  outer loop
    vertex -0.6150020088 0.7562485881 0.0
    vertex -0.5399781362 0.7624613638 0.0
    vertex -0.6054228587 0.7007034919 0.0
  endloop
endfacet
facet normal 0.0 0.0 -1.0
  outer loop
    vertex -0.6150020088 0.7562485881 0.0
    vertex -0.5899786759 0.777234391 0.0
    vertex -0.5399781362 0.7624613638 0.0
  endloop
endfacet
facet normal -0.9854529576 -0.1699484283 0.0
  outer loop
    vertex -0.6150020088 0.7562485881 0.0
    vertex -0.6054228587 0.7007034919 0.0
    vertex -0.6054228587 0.7007034919 0.1
  endloop
endfacet
facet normal -0.9854529576 -0.1699484283 0.0
  outer loop
    vertex -0.6150020088 0.7562485881 0.0
    vertex -0.6054228587 0.7007034919 0.1
    vertex -0.6150020088 0.7562485881 0.1
  endloop
endfacet
facet normal 0.6863237179 -0.7272961943 0.0
  outer loop
    vertex -0.6054228587 0.7007034919 0.0
    vertex -0.5399781362 0.7624613638 0.0
    vertex -0.5399781362 0.7624613638 0.1
  endloop
endfacet
facet normal 0.6863237179 -0.7272961943 0.0
  outer loop
    vertex -0.6054228587 0.7007034919 0.0
    vertex -0.5399781362 0.7624613638 0.1
    vertex -0.6054228587 0.7007034919 0.1
  endloop
endfacet
facet normal 0.2833486199 0.9590169757 0.0
  outer loop
    vertex -0.5399781362 0.7624613638 0.0
    vertex -0.5899786759 0.777234391 0.0
    vertex -0.5899786759 0.777234391 0.1
  endloop
endfacet
facet normal 0.2833486199 0.9590169757 -0.0
  outer loop
    vertex -0.5399781362 0.7624613638 0.0
    vertex -0.5899786759 0.777234391 0.1
    vertex -0.5399781362 0.7624613638 0.1
  endloop
endfacet
facet normal -0.6425851453 0.7662142853 0.0
  outer loop
    vertex -0.5899786759 0.777234391 0.0
    vertex -0.6150020088 0.7562485881 0.0
    vertex -0.6150020088 0.7562485881 0.1
  endloop
endfacet
facet normal -0.6425851453 0.7662142853 0.0
  outer loop
    vertex -0.5899786759 0.777234391 0.0
    vertex -0.6150020088 0.7562485881 0.1
    vertex -0.5899786759 0.777234391 0.1
  endloop
endfacet
facet normal 0.0 0.0 1.0
  outer loop
    vertex -0.4629975389 0.8315584884 0.1
    vertex -0.514112025 0.8181434808 0.1
    vertex -0.5399781362 0.7624613638 0.1
  endloop
endfacet
facet normal 0.0 0.0 1.0
  outer loop
    vertex -0.4629975389 0.8315584884 0.1
    vertex -0.5399781362 0.7624613638 0.1
    vertex -0.414735556 0.7315653281 0.1
  endloop
endfacet
facet normal 0.0 0.0 -1.0
  outer loop
    vertex -0.4629975389 0.8315584884 0.0
    vertex -0.5399781362 0.7624613638 0.0
    vertex -0.514112025 0.8181434808 0.0
  endloop
endfacet
facet normal 0.0 -0.0 -1.0
  outer loop
    vertex -0.4629975389 0.8315584884 0.0
    vertex -0.414735556 0.7315653281 0.0
    vertex -0.5399781362 0.7624613638 0.0
  endloop
endfacet
facet normal -0.2538530731 0.9672427913 0.0
  outer loop
    vertex -0.4629975389 0.8315584884 0.0
    vertex -0.514112025 0.8181434808 0.0
    vertex -0.514112025 0.8181434808 0.1
  endloop
endfacet
facet normal -0.2538530731 0.9672427913 0.0
  outer loop
    vertex -0.4629975389 0.8315584884 0.0
    vertex -0.514112025 0.8181434808 0.1
    vertex -0.4629975389 0.8315584884 0.1
  endloop
endfacet
facet normal -0.9069237224 0.4212948631 0.0
  outer loop
    vertex -0.514112025 0.8181434808 0.0
    vertex -0.5399781362 0.7624613638 0.0
    vertex -0.5399781362 0.7624613638 0.1
  endloop
endfacet
facet normal -0.9069237224 0.4212948631 0.0
  outer loop
    vertex -0.514112025 0.8181434808 0.0
    vertex -0.5399781362 0.7624613638 0.1
    vertex -0.514112025 0.8181434808 0.1
  endloop
endfacet
facet normal -0.2395094137 -0.970894042 0.0
  outer loop
    vertex -0.5399781362 0.7624613638 0.0
    vertex -0.414735556 0.7315653281 0.0
    vertex -0.414735556 0.7315653281 0.1
  endloop
endfacet
facet normal -0.2395094137 -0.970894042 0.0
  outer loop
    vertex -0.5399781362 0.7624613638 0.0
    vertex -0.414735556 0.7315653281 0.1
    vertex -0.5399781362 0.7624613638 0.1
  endloop
endfacet
facet normal 0.9005889301 0.434671806 0.0
  outer loop
    vertex -0.414735556 0.7315653281 0.0
    vertex -0.4629975389 0.8315584884 0.0
    vertex -0.4629975389 0.8315584884 0.1
  endloop
endfacet
facet normal 0.9005889301 0.434671806 -0.0
  outer loop
    vertex -0.414735556 0.7315653281 0.0
    vertex -0.4629975389 0.8315584884 0.1
    vertex -0.414735556 0.7315653281 0.1
  endloop
endfacet
facet normal 0.0 0.0 1.0
  outer loop
    vertex -0.0939508867 0.9616876626 0.1
    vertex -0.0697824862 0.886810066 0.1
    vertex -0.0260228751 0.9599459677 0.1
  endloop
endfacet
facet normal -0.0 0.0 1.0
  outer loop
    vertex -0.0939508867 0.9616876626 0.1
    vertex -0.0260228751 0.9599459677 0.1
    vertex -0.061227599 0.9762294869 0.1
  endloop
endfacet
facet normal 0.0 0.0 -1.0
  outer loop
    vertex -0.0939508867 0.9616876626 0.0
    vertex -0.0260228751 0.9599459677 0.0
    vertex -0.0697824862 0.886810066 0.0
  endloop
endfacet
facet normal 0.0 0.0 -1.0
  outer loop
    vertex -0.0939508867 0.9616876626 0.0
    vertex -0.061227599 0.9762294869 0.0
    vertex -0.0260228751 0.9599459677 0.0
  endloop
endfacet
facet normal -0.951655364 -0.3071678175 0.0
  outer loop
    vertex -0.0939508867 0.9616876626 0.0
    vertex -0.0697824862 0.886810066 0.0
    vertex -0.0697824862 0.886810066 0.1
  endloop
endfacet
facet normal -0.951655364 -0.3071678175 0.0
  outer loop
    vertex -0.0939508867 0.9616876626 0.0
    vertex -0.0697824862 0.886810066 0.1
    vertex -0.0939508867 0.9616876626 0.1
  endloop
endfacet
facet normal 0.8581234436 -0.5134434297 0.0
  outer loop
    vertex -0.0697824862 0.886810066 0.0
    vertex -0.0260228751 0.9599459677 0.0
    vertex -0.0260228751 0.9599459677 0.1
  endloop
endfacet
facet normal 0.8581234436 -0.5134434297 0.0
  outer loop
    vertex -0.0697824862 0.886810066 0.0
    vertex -0.0260228751 0.9599459677 0.1
    vertex -0.0697824862 0.886810066 0.1
  endloop
endfacet
facet normal 0.419805845 0.9076139336 0.0
  outer loop
    vertex -0.0260228751 0.9599459677 0.0
    vertex -0.061227599 0.9762294869 0.0
    vertex -0.061227599 0.9762294869 0.1
  endloop
endfacet
facet normal 0.419805845 0.9076139336 -0.0
  outer loop
    vertex -0.0260228751 0.9599459677 0.0
    vertex -0.061227599 0.9762294869 0.1
    vertex -0.0260228751 0.9599459677 0.1
  endloop
endfacet
facet normal -0.4060951113 0.9138308162 0.0
  outer loop
    vertex -0.061227599 0.9762294869 0.0
    vertex -0.0939508867 0.9616876626 0.0
    vertex -0.0939508867 0.9616876626 0.1
  endloop
endfacet
facet normal -0.4060951113 0.9138308162 0.0
  outer loop
    vertex -0.061227599 0.9762294869 0.0
    vertex -0.0939508867 0.9616876626 0.1
    vertex -0.061227599 0.9762294869 0.1
  endloop
endfacet
facet normal 0.0 0.0 1.0
  outer loop
    vertex 0.009244182 0.9860365067 0.1
    vertex -0.009244182 0.9860365067 0.1
    vertex -0.0260228751 0.9599459677 0.1
  endloop
endfacet
facet normal 0.0 0.0 1.0
  outer loop
    vertex 0.009244182 0.9860365067 0.1
    vertex -0.0260228751 0.9599459677 0.1
    vertex 0.0260228751 0.9599459677 0.1
  endloop
endfacet
facet normal -0.0 0.0 -1.0
  outer loop
    vertex 0.009244182 0.9860365067 0.0
    vertex -0.0260228751 0.9599459677 0.0
    vertex -0.009244182 0.9860365067 0.0
  endloop
endfacet
facet normal 0.0 -0.0 -1.0
  outer loop
    vertex 0.009244182 0.9860365067 0.0
    vertex 0.0260228751 0.9599459677 0.0
    vertex -0.0260228751 0.9599459677 0.0
  endloop
endfacet
facet normal 0.0 1.0 0.0
  outer loop
    vertex 0.009244182 0.9860365067 0.0
    vertex -0.009244182 0.9860365067 0.0
    vertex -0.009244182 0.9860365067 0.1
  endloop
endfacet
facet normal 0.0 1.0 -0.0
  outer loop
    vertex 0.009244182 0.9860365067 0.0
    vertex -0.009244182 0.9860365067 0.1
    vertex 0.009244182 0.9860365067 0.1
  endloop
endfacet
facet normal -0.8410874927 0.5408990937 0.0
  outer loop
    vertex -0.009244182 0.9860365067 0.0
    vertex -0.0260228751 0.9599459677 0.0
    vertex -0.0260228751 0.9599459677 0.1
  endloop
endfacet
facet normal -0.8410874927 0.5408990937 0.0
  outer loop
    vertex -0.009244182 0.9860365067 0.0
    vertex -0.0260228751 0.9599459677 0.1
    vertex -0.009244182 0.9860365067 0.1
  endloop
endfacet
facet normal 0.0 -1.0 0.0
  outer loop
    vertex -0.0260228751 0.9599459677 0.0
    vertex 0.0260228751 0.9599459677 0.0
    vertex 0.0260228751 0.9599459677 0.1
  endloop
endfacet
facet normal 0.0 -1.0 0.0
  outer loop
    vertex -0.0260228751 0.9599459677 0.0
    vertex 0.0260228751 0.9599459677 0.1
    vertex -0.0260228751 0.9599459677 0.1
  endloop
endfacet
facet normal 0.8410874927 0.5408990937 0.0
  outer loop
    vertex 0.0260228751 0.9599459677 0.0
    vertex 0.009244182 0.9860365067 0.0
    vertex 0.009244182 0.9860365067 0.1
  endloop
endfacet
facet normal 0.8410874927 0.5408990937 -0.0
  outer loop
    vertex 0.0260228751 0.9599459677 0.0
    vertex 0.009244182 0.9860365067 0.1
    vertex 0.0260228751 0.9599459677 0.1
  endloop
endfacet
facet normal 0.0 -0.0 1.0
  outer loop
    vertex 0.0697824862 0.886810066 0.1
    vertex 0.0939508867 0.9616876626 0.1
    vertex 0.061227599 0.9762294869 0.1
  endloop
endfacet
facet normal 0.0 0.0 1.0
  outer loop
    vertex 0.0697824862 0.886810066 0.1
    vertex 0.061227599 0.9762294869 0.1
    vertex 0.0260228751 0.9599459677 0.1
  endloop
endfacet
facet normal 0.0 0.0 -1.0
  outer loop
    vertex 0.0697824862 0.886810066 0.0
    vertex 0.061227599 0.9762294869 0.0
    vertex 0.0939508867 0.9616876626 0.0
  endloop
endfacet
facet normal 0.0 0.0 -1.0
  outer loop
    vertex 0.0697824862 0.886810066 0.0
    vertex 0.0260228751 0.9599459677 0.0
    vertex 0.061227599 0.9762294869 0.0
  endloop
endfacet
facet normal 0.951655364 -0.3071678175 0.0
  outer loop
    vertex 0.0697824862 0.886810066 0.0
    vertex 0.0939508867 0.9616876626 0.0
    vertex 0.0939508867 0.9616876626 0.1
  endloop
endfacet
facet normal 0.951655364 -0.3071678175 0.0
  outer loop
    vertex 0.0697824862 0.886810066 0.0
    vertex 0.0939508867 0.9616876626 0.1
    vertex 0.0697824862 0.886810066 0.1
  endloop
endfacet
facet normal 0.4060951113 0.9138308162 0.0
  outer loop
    vertex 0.0939508867 0.9616876626 0.0
    vertex 0.061227599 0.9762294869 0.0
    vertex 0.061227599 0.9762294869 0.1
  endloop
endfacet
facet normal 0.4060951113 0.9138308162 -0.0
  outer loop
    vertex 0.0939508867 0.9616876626 0.0
    vertex 0.061227599 0.9762294869 0.1
    vertex 0.0939508867 0.9616876626 0.1
  endloop
endfacet
facet normal -0.419805845 0.9076139336 0.0
  outer loop
    vertex 0.061227599 0.9762294869 0.0
    vertex 0.0260228751 0.9599459677 0.0
    vertex 0.0260228751 0.9599459677 0.1
  endloop
endfacet
facet normal -0.419805845 0.9076139336 0.0
  outer loop
    vertex 0.061227599 0.9762294869 0.0
    vertex 0.0260228751 0.9599459677 0.1
    vertex 0.061227599 0.9762294869 0.1
  endloop
endfacet
facet normal -0.8581234436 -0.5134434297 0.0
  outer loop
    vertex 0.0260228751 0.9599459677 0.0
    vertex 0.0697824862 0.886810066 0.0
    vertex 0.0697824862 0.886810066 0.1
  endloop
endfacet
facet normal -0.8581234436 -0.5134434297 0.0
  outer loop
    vertex 0.0260228751 0.9599459677 0.0
    vertex 0.0697824862 0.886810066 0.1
    vertex 0.0260228751 0.9599459677 0.1
  endloop
endfacet
facet normal -0.0 0.0 1.0
  outer loop
    vertex -0.1687208192 0.9232632613 0.1
    vertex -0.0697824862 0.886810066 0.1
    vertex -0.0939508867 0.9616876626 0.1
  endloop
endfacet
facet normal 0.0 0.0 1.0
  outer loop
    vertex -0.1687208192 0.9232632613 0.1
    vertex -0.0939508867 0.9616876626 0.1
    vertex -0.1337538377 0.9636261631 0.1
  endloop
endfacet
facet normal 0.0 0.0 -1.0
  outer loop
    vertex -0.1687208192 0.9232632613 0.0
    vertex -0.0939508867 0.9616876626 0.0
    vertex -0.0697824862 0.886810066 0.0
  endloop
endfacet
facet normal 0.0 0.0 -1.0
  outer loop
    vertex -0.1687208192 0.9232632613 0.0
    vertex -0.1337538377 0.9636261631 0.0
    vertex -0.0939508867 0.9616876626 0.0
  endloop
endfacet
facet normal -0.345723985 -0.9383362543 0.0
  outer loop
    vertex -0.1687208192 0.9232632613 0.0
    vertex -0.0697824862 0.886810066 0.0
    vertex -0.0697824862 0.886810066 0.1
  endloop
endfacet
facet normal -0.345723985 -0.9383362543 0.0
  outer loop
    vertex -0.1687208192 0.9232632613 0.0
    vertex -0.0697824862 0.886810066 0.1
    vertex -0.1687208192 0.9232632613 0.1
  endloop
endfacet
facet normal 0.951655364 0.3071678175 0.0
  outer loop
    vertex -0.0697824862 0.886810066 0.0
    vertex -0.0939508867 0.9616876626 0.0
    vertex -0.0939508867 0.9616876626 0.1
  endloop
endfacet
facet normal 0.951655364 0.3071678175 -0.0
  outer loop
    vertex -0.0697824862 0.886810066 0.0
    vertex -0.0939508867 0.9616876626 0.1
    vertex -0.0697824862 0.886810066 0.1
  endloop
endfacet
facet normal 0.0486447755 0.9988161421 0.0
  outer loop
    vertex -0.0939508867 0.9616876626 0.0
    vertex -0.1337538377 0.9636261631 0.0
    vertex -0.1337538377 0.9636261631 0.1
  endloop
endfacet
facet normal 0.0486447755 0.9988161421 -0.0
  outer loop
    vertex -0.0939508867 0.9616876626 0.0
    vertex -0.1337538377 0.9636261631 0.1
    vertex -0.0939508867 0.9616876626 0.1
  endloop
endfacet
facet normal -0.7558206703 0.6547786758 0.0
  outer loop
    vertex -0.1337538377 0.9636261631 0.0
    vertex -0.1687208192 0.9232632613 0.0
    vertex -0.1687208192 0.9232632613 0.1
  endloop
endfacet
facet normal -0.7558206703 0.6547786758 0.0
  outer loop
    vertex -0.1337538377 0.9636261631 0.0
    vertex -0.1687208192 0.9232632613 0.1
    vertex -0.1337538377 0.9636261631 0.1
  endloop
endfacet
facet normal 0.0 0.0 1.0
  outer loop
    vertex -0.3559749225 0.8548707948 0.1
    vertex -0.414735556 0.7315653281 0.1
    vertex -0.1640000502 0.6947153611 0.1
  endloop
endfacet
facet normal -0.0 0.0 1.0
  outer loop
    vertex -0.3559749225 0.8548707948 0.1
    vertex -0.1640000502 0.6947153611 0.1
    vertex -0.251036924 0.8716343299 0.1
  endloop
endfacet
facet normal 0.0 -0.0 -1.0
  outer loop
    vertex -0.3559749225 0.8548707948 0.0
    vertex -0.1640000502 0.6947153611 0.0
    vertex -0.414735556 0.7315653281 0.0
  endloop
endfacet
facet normal 0.0 0.0 -1.0
  outer loop
    vertex -0.3559749225 0.8548707948 0.0
    vertex -0.251036924 0.8716343299 0.0
    vertex -0.1640000502 0.6947153611 0.0
  endloop
endfacet
facet normal -0.9027361657 0.4301946247 0.0
  outer loop
    vertex -0.3559749225 0.8548707948 0.0
    vertex -0.414735556 0.7315653281 0.0
    vertex -0.414735556 0.7315653281 0.1
  endloop
endfacet
facet normal -0.9027361657 0.4301946247 0.0
  outer loop
    vertex -0.3559749225 0.8548707948 0.0
    vertex -0.414735556 0.7315653281 0.1
    vertex -0.3559749225 0.8548707948 0.1
  endloop
endfacet
facet normal -0.1454055362 -0.9893721393 0.0
  outer loop
    vertex -0.414735556 0.7315653281 0.0
    vertex -0.1640000502 0.6947153611 0.0
    vertex -0.1640000502 0.6947153611 0.1
  endloop
endfacet
facet normal -0.1454055362 -0.9893721393 0.0
  outer loop
    vertex -0.414735556 0.7315653281 0.0
    vertex -0.1640000502 0.6947153611 0.1
    vertex -0.414735556 0.7315653281 0.1
  endloop
endfacet
facet normal 0.8972946347 0.4414321449 0.0
  outer loop
    vertex -0.1640000502 0.6947153611 0.0
    vertex -0.251036924 0.8716343299 0.0
    vertex -0.251036924 0.8716343299 0.1
  endloop
endfacet
facet normal 0.8972946347 0.4414321449 -0.0
  outer loop
    vertex -0.1640000502 0.6947153611 0.0
    vertex -0.251036924 0.8716343299 0.1
    vertex -0.1640000502 0.6947153611 0.1
  endloop
endfacet
facet normal -0.1577469423 0.9874795705 0.0
  outer loop
    vertex -0.251036924 0.8716343299 0.0
    vertex -0.3559749225 0.8548707948 0.0
    vertex -0.3559749225 0.8548707948 0.1
  endloop
endfacet
facet normal -0.1577469423 0.9874795705 0.0
  outer loop
    vertex -0.251036924 0.8716343299 0.0
    vertex -0.3559749225 0.8548707948 0.1
    vertex -0.251036924 0.8716343299 0.1
  endloop
endfacet
facet normal 0.0 0.0 1.0
  outer loop
    vertex -0.1687208192 0.9232632613 0.1
    vertex -0.211869869 0.9514465599 0.1
    vertex -0.245576314 0.939094954 0.1
  endloop
endfacet
facet normal 0.0 0.0 1.0
  outer loop
    vertex -0.1687208192 0.9232632613 0.1
    vertex -0.245576314 0.939094954 0.1
    vertex -0.251036924 0.8716343299 0.1
  endloop
endfacet
facet normal 0.0 0.0 -1.0
  outer loop
    vertex -0.1687208192 0.9232632613 0.0
    vertex -0.245576314 0.939094954 0.0
    vertex -0.211869869 0.9514465599 0.0
  endloop
endfacet
facet normal -0.0 0.0 -1.0
  outer loop
    vertex -0.1687208192 0.9232632613 0.0
    vertex -0.251036924 0.8716343299 0.0
    vertex -0.245576314 0.939094954 0.0
  endloop
endfacet
facet normal 0.5468477609 0.8372320624 0.0
  outer loop
    vertex -0.1687208192 0.9232632613 0.0
    vertex -0.211869869 0.9514465599 0.0
    vertex -0.211869869 0.9514465599 0.1
  endloop
endfacet
facet normal 0.5468477609 0.8372320624 -0.0
  outer loop
    vertex -0.1687208192 0.9232632613 0.0
    vertex -0.211869869 0.9514465599 0.1
    vertex -0.1687208192 0.9232632613 0.1
  endloop
endfacet
facet normal -0.3440723465 0.9389431401 0.0
  outer loop
    vertex -0.211869869 0.9514465599 0.0
    vertex -0.245576314 0.939094954 0.0
    vertex -0.245576314 0.939094954 0.1
  endloop
endfacet
facet normal -0.3440723465 0.9389431401 0.0
  outer loop
    vertex -0.211869869 0.9514465599 0.0
    vertex -0.245576314 0.939094954 0.1
    vertex -0.211869869 0.9514465599 0.1
  endloop
endfacet
facet normal -0.9967399532 0.0806812593 0.0
  outer loop
    vertex -0.245576314 0.939094954 0.0
    vertex -0.251036924 0.8716343299 0.0
    vertex -0.251036924 0.8716343299 0.1
  endloop
endfacet
facet normal -0.9967399532 0.0806812593 0.0
  outer loop
    vertex -0.245576314 0.939094954 0.0
    vertex -0.251036924 0.8716343299 0.1
    vertex -0.245576314 0.939094954 0.1
  endloop
endfacet
facet normal 0.5313405018 -0.8471583507 0.0
  outer loop
    vertex -0.251036924 0.8716343299 0.0
    vertex -0.1687208192 0.9232632613 0.0
    vertex -0.1687208192 0.9232632613 0.1
  endloop
endfacet
facet normal 0.5313405018 -0.8471583507 0.0
  outer loop
    vertex -0.251036924 0.8716343299 0.0
    vertex -0.1687208192 0.9232632613 0.1
    vertex -0.251036924 0.8716343299 0.1
  endloop
endfacet
facet normal 0.0 0.0 1.0
  outer loop
    vertex 0.0697824862 0.886810066 0.1
    vertex 0.1687208192 0.9232632613 0.1
    vertex 0.1337538377 0.9636261631 0.1
  endloop
endfacet
facet normal 0.0 0.0 1.0
  outer loop
    vertex 0.0697824862 0.886810066 0.1
    vertex 0.1337538377 0.9636261631 0.1
    vertex 0.0939508867 0.9616876626 0.1
  endloop
endfacet
facet normal 0.0 0.0 -1.0
  outer loop
    vertex 0.0697824862 0.886810066 0.0
    vertex 0.1337538377 0.9636261631 0.0
    vertex 0.1687208192 0.9232632613 0.0
  endloop
endfacet
facet normal 0.0 0.0 -1.0
  outer loop
    vertex 0.0697824862 0.886810066 0.0
    vertex 0.0939508867 0.9616876626 0.0
    vertex 0.1337538377 0.9636261631 0.0
  endloop
endfacet
facet normal 0.345723985 -0.9383362543 0.0
  outer loop
    vertex 0.0697824862 0.886810066 0.0
    vertex 0.1687208192 0.9232632613 0.0
    vertex 0.1687208192 0.9232632613 0.1
  endloop
endfacet
facet normal 0.345723985 -0.9383362543 0.0
  outer loop
    vertex 0.0697824862 0.886810066 0.0
    vertex 0.1687208192 0.9232632613 0.1
    vertex 0.0697824862 0.886810066 0.1
  endloop
endfacet
facet normal 0.7558206703 0.6547786758 0.0
  outer loop
    vertex 0.1687208192 0.9232632613 0.0
    vertex 0.1337538377 0.9636261631 0.0
    vertex 0.1337538377 0.9636261631 0.1
  endloop
endfacet
facet normal 0.7558206703 0.6547786758 -0.0
  outer loop
    vertex 0.1687208192 0.9232632613 0.0
    vertex 0.1337538377 0.9636261631 0.1
    vertex 0.1687208192 0.9232632613 0.1
  endloop
endfacet
facet normal -0.0486447755 0.9988161421 0.0
  outer loop
    vertex 0.1337538377 0.9636261631 0.0
    vertex 0.0939508867 0.9616876626 0.0
    vertex 0.0939508867 0.9616876626 0.1
  endloop
endfacet
facet normal -0.0486447755 0.9988161421 0.0
  outer loop
    vertex 0.1337538377 0.9636261631 0.0
    vertex 0.0939508867 0.9616876626 0.1
    vertex 0.1337538377 0.9636261631 0.1
  endloop
endfacet
facet normal -0.951655364 0.3071678175 0.0
  outer loop
    vertex 0.0939508867 0.9616876626 0.0
    vertex 0.0697824862 0.886810066 0.0
    vertex 0.0697824862 0.886810066 0.1
  endloop
endfacet
facet normal -0.951655364 0.3071678175 0.0
  outer loop
    vertex 0.0939508867 0.9616876626 0.0
    vertex 0.0697824862 0.886810066 0.1
    vertex 0.0939508867 0.9616876626 0.1
  endloop
endfacet
facet normal 0.0 0.0 1.0
  outer loop
    vertex 0.211869869 0.9514465599 0.1
    vertex 0.1687208192 0.9232632613 0.1
    vertex 0.251036924 0.8716343299 0.1
  endloop
endfacet
facet normal 0.0 0.0 1.0
  outer loop
    vertex 0.211869869 0.9514465599 0.1
    vertex 0.251036924 0.8716343299 0.1
    vertex 0.245576314 0.939094954 0.1
  endloop
endfacet
facet normal 0.0 -0.0 -1.0
  outer loop
    vertex 0.211869869 0.9514465599 0.0
    vertex 0.251036924 0.8716343299 0.0
    vertex 0.1687208192 0.9232632613 0.0
  endloop
endfacet
facet normal 0.0 0.0 -1.0
  outer loop
    vertex 0.211869869 0.9514465599 0.0
    vertex 0.245576314 0.939094954 0.0
    vertex 0.251036924 0.8716343299 0.0
  endloop
endfacet
facet normal -0.5468477609 0.8372320624 0.0
  outer loop
    vertex 0.211869869 0.9514465599 0.0
    vertex 0.1687208192 0.9232632613 0.0
    vertex 0.1687208192 0.9232632613 0.1
  endloop
endfacet
facet normal -0.5468477609 0.8372320624 0.0
  outer loop
    vertex 0.211869869 0.9514465599 0.0
    vertex 0.1687208192 0.9232632613 0.1
    vertex 0.211869869 0.9514465599 0.1
  endloop
endfacet
facet normal -0.5313405018 -0.8471583507 0.0
  outer loop
    vertex 0.1687208192 0.9232632613 0.0
    vertex 0.251036924 0.8716343299 0.0
    vertex 0.251036924 0.8716343299 0.1
  endloop
endfacet
facet normal -0.5313405018 -0.8471583507 0.0
  outer loop
    vertex 0.1687208192 0.9232632613 0.0
    vertex 0.251036924 0.8716343299 0.1
    vertex 0.1687208192 0.9232632613 0.1
  endloop
endfacet
facet normal 0.9967399532 0.0806812593 0.0
  outer loop
    vertex 0.251036924 0.8716343299 0.0
    vertex 0.245576314 0.939094954 0.0
    vertex 0.245576314 0.939094954 0.1
  endloop
endfacet
facet normal 0.9967399532 0.0806812593 -0.0
  outer loop
    vertex 0.251036924 0.8716343299 0.0
    vertex 0.245576314 0.939094954 0.1
    vertex 0.251036924 0.8716343299 0.1
  endloop
endfacet
facet normal 0.3440723465 0.9389431401 0.0
  outer loop
    vertex 0.245576314 0.939094954 0.0
    vertex 0.211869869 0.9514465599 0.0
    vertex 0.211869869 0.9514465599 0.1
  endloop
endfacet
facet normal 0.3440723465 0.9389431401 -0.0
  outer loop
    vertex 0.245576314 0.939094954 0.0
    vertex 0.211869869 0.9514465599 0.1
    vertex 0.245576314 0.939094954 0.1
  endloop
endfacet
facet normal 0.0 0.0 1.0
  outer loop
    vertex 0.414735556 0.7315653281 0.1
    vertex 0.3559749225 0.8548707948 0.1
    vertex 0.251036924 0.8716343299 0.1
  endloop
endfacet
facet normal 0.0 0.0 1.0
  outer loop
    vertex 0.414735556 0.7315653281 0.1
    vertex 0.251036924 0.8716343299 0.1
    vertex 0.1640000502 0.6947153611 0.1
  endloop
endfacet
facet normal 0.0 0.0 -1.0
  outer loop
    vertex 0.414735556 0.7315653281 0.0
    vertex 0.251036924 0.8716343299 0.0
    vertex 0.3559749225 0.8548707948 0.0
  endloop
endfacet
facet normal -0.0 0.0 -1.0
  outer loop
    vertex 0.414735556 0.7315653281 0.0
    vertex 0.1640000502 0.6947153611 0.0
    vertex 0.251036924 0.8716343299 0.0
  endloop
endfacet
facet normal 0.9027361657 0.4301946247 0.0
  outer loop
    vertex 0.414735556 0.7315653281 0.0
    vertex 0.3559749225 0.8548707948 0.0
    vertex 0.3559749225 0.8548707948 0.1
  endloop
endfacet
facet normal 0.9027361657 0.4301946247 -0.0
  outer loop
    vertex 0.414735556 0.7315653281 0.0
    vertex 0.3559749225 0.8548707948 0.1
    vertex 0.414735556 0.7315653281 0.1
  endloop
endfacet
facet normal 0.1577469423 0.9874795705 0.0
  outer loop
    vertex 0.3559749225 0.8548707948 0.0
    vertex 0.251036924 0.8716343299 0.0
    vertex 0.251036924 0.8716343299 0.1
  endloop
endfacet
facet normal 0.1577469423 0.9874795705 -0.0
  outer loop
    vertex 0.3559749225 0.8548707948 0.0
    vertex 0.251036924 0.8716343299 0.1
    vertex 0.3559749225 0.8548707948 0.1
  endloop
endfacet
facet normal -0.8972946347 0.4414321449 0.0
  outer loop
    vertex 0.251036924 0.8716343299 0.0
    vertex 0.1640000502 0.6947153611 0.0
    vertex 0.1640000502 0.6947153611 0.1
  endloop
endfacet
facet normal -0.8972946347 0.4414321449 0.0
  outer loop
    vertex 0.251036924 0.8716343299 0.0
    vertex 0.1640000502 0.6947153611 0.1
    vertex 0.251036924 0.8716343299 0.1
  endloop
endfacet
facet normal 0.1454055362 -0.9893721393 0.0
  outer loop
    vertex 0.1640000502 0.6947153611 0.0
    vertex 0.414735556 0.7315653281 0.0
    vertex 0.414735556 0.7315653281 0.1
  endloop
endfacet
facet normal 0.1454055362 -0.9893721393 0.0
  outer loop
    vertex 0.1640000502 0.6947153611 0.0
    vertex 0.414735556 0.7315653281 0.1
    vertex 0.1640000502 0.6947153611 0.1
  endloop
endfacet
facet normal 0.0 0.0 1.0
  outer loop
    vertex 0.7007034919 0.6054228587 0.1
    vertex 0.5523004264 0.5523004264 0.1
    vertex 0.7315653281 0.414735556 0.1
  endloop
endfacet
facet normal 0.0 0.0 1.0
  outer loop
    vertex 0.7007034919 0.6054228587 0.1
    vertex 0.7315653281 0.414735556 0.1
    vertex 0.7624613638 0.5399781362 0.1
  endloop
endfacet
facet normal 0.0 -0.0 -1.0
  outer loop
    vertex 0.7007034919 0.6054228587 0.0
    vertex 0.7315653281 0.414735556 0.0
    vertex 0.5523004264 0.5523004264 0.0
  endloop
endfacet
facet normal 0.0 0.0 -1.0
  outer loop
    vertex 0.7007034919 0.6054228587 0.0
    vertex 0.7624613638 0.5399781362 0.0
    vertex 0.7315653281 0.414735556 0.0
  endloop
endfacet
facet normal -0.3370190168 0.9414978398 0.0
  outer loop
    vertex 0.7007034919 0.6054228587 0.0
    vertex 0.5523004264 0.5523004264 0.0
    vertex 0.5523004264 0.5523004264 0.1
  endloop
endfacet
facet normal -0.3370190168 0.9414978398 0.0
  outer loop
    vertex 0.7007034919 0.6054228587 0.0
    vertex 0.5523004264 0.5523004264 0.1
    vertex 0.7007034919 0.6054228587 0.1
  endloop
endfacet
facet normal -0.6087894872 -0.7933318097 0.0
  outer loop
    vertex 0.5523004264 0.5523004264 0.0
    vertex 0.7315653281 0.414735556 0.0
    vertex 0.7315653281 0.414735556 0.1
  endloop
endfacet
facet normal -0.6087894872 -0.7933318097 0.0
  outer loop
    vertex 0.5523004264 0.5523004264 0.0
    vertex 0.7315653281 0.414735556 0.1
    vertex 0.5523004264 0.5523004264 0.1
  endloop
endfacet
facet normal 0.970894042 -0.2395094137 0.0
  outer loop
    vertex 0.7315653281 0.414735556 0.0
    vertex 0.7624613638 0.5399781362 0.0
    vertex 0.7624613638 0.5399781362 0.1
  endloop
endfacet
facet normal 0.970894042 -0.2395094137 0.0
  outer loop
    vertex 0.7315653281 0.414735556 0.0
    vertex 0.7624613638 0.5399781362 0.1
    vertex 0.7315653281 0.414735556 0.1
  endloop
endfacet
facet normal 0.7272961943 0.6863237179 0.0
  outer loop
    vertex 0.7624613638 0.5399781362 0.0
    vertex 0.7007034919 0.6054228587 0.0
    vertex 0.7007034919 0.6054228587 0.1
  endloop
endfacet
facet normal 0.7272961943 0.6863237179 -0.0
  outer loop
    vertex 0.7624613638 0.5399781362 0.0
    vertex 0.7007034919 0.6054228587 0.1
    vertex 0.7624613638 0.5399781362 0.1
  endloop
endfacet
facet normal 0.0 0.0 1.0
  outer loop
    vertex 0.8716343299 0.251036924 0.1
    vertex 0.8548707948 0.3559749225 0.1
    vertex 0.7315653281 0.414735556 0.1
  endloop
endfacet
facet normal 0.0 0.0 1.0
  outer loop
    vertex 0.8716343299 0.251036924 0.1
    vertex 0.7315653281 0.414735556 0.1
    vertex 0.6947153611 0.1640000502 0.1
  endloop
endfacet
facet normal 0.0 0.0 -1.0
  outer loop
    vertex 0.8716343299 0.251036924 0.0
    vertex 0.7315653281 0.414735556 0.0
    vertex 0.8548707948 0.3559749225 0.0
  endloop
endfacet
facet normal -0.0 0.0 -1.0
  outer loop
    vertex 0.8716343299 0.251036924 0.0
    vertex 0.6947153611 0.1640000502 0.0
    vertex 0.7315653281 0.414735556 0.0
  endloop
endfacet
facet normal 0.9874795705 0.1577469423 0.0
  outer loop
    vertex 0.8716343299 0.251036924 0.0
    vertex 0.8548707948 0.3559749225 0.0
    vertex 0.8548707948 0.3559749225 0.1
  endloop
endfacet
facet normal 0.9874795705 0.1577469423 -0.0
  outer loop
    vertex 0.8716343299 0.251036924 0.0
    vertex 0.8548707948 0.3559749225 0.1
    vertex 0.8716343299 0.251036924 0.1
  endloop
endfacet
facet normal 0.4301946247 0.9027361657 0.0
  outer loop
    vertex 0.8548707948 0.3559749225 0.0
    vertex 0.7315653281 0.414735556 0.0
    vertex 0.7315653281 0.414735556 0.1
  endloop
endfacet
facet normal 0.4301946247 0.9027361657 -0.0
  outer loop
    vertex 0.8548707948 0.3559749225 0.0
    vertex 0.7315653281 0.414735556 0.1
    vertex 0.8548707948 0.3559749225 0.1
  endloop
endfacet
facet normal -0.9893721393 0.1454055362 0.0
  outer loop
    vertex 0.7315653281 0.414735556 0.0
    vertex 0.6947153611 0.1640000502 0.0
    vertex 0.6947153611 0.1640000502 0.1
  endloop
endfacet
facet normal -0.9893721393 0.1454055362 0.0
  outer loop
    vertex 0.7315653281 0.414735556 0.0
    vertex 0.6947153611 0.1640000502 0.1
    vertex 0.7315653281 0.414735556 0.1
  endloop
endfacet
facet normal 0.4414321449 -0.8972946347 0.0
  outer loop
    vertex 0.6947153611 0.1640000502 0.0
    vertex 0.8716343299 0.251036924 0.0
    vertex 0.8716343299 0.251036924 0.1
  endloop
endfacet
facet normal 0.4414321449 -0.8972946347 0.0
  outer loop
    vertex 0.6947153611 0.1640000502 0.0
    vertex 0.8716343299 0.251036924 0.1
    vertex 0.6947153611 0.1640000502 0.1
  endloop
endfacet
facet normal 0.0 0.0 1.0
  outer loop
    vertex 0.281411123 0.281411123 0.1
    vertex 0.281411123 -0.281411123 0.1
    vertex 0.6947153611 -0.1640000502 0.1
  endloop
endfacet
facet normal 0.0 0.0 1.0
  outer loop
    vertex 0.281411123 0.281411123 0.1
    vertex 0.6947153611 -0.1640000502 0.1
    vertex 0.6947153611 0.1640000502 0.1
  endloop
endfacet
facet normal 0.0 0.0 -1.0
  outer loop
    vertex 0.281411123 0.281411123 0.0
    vertex 0.6947153611 -0.1640000502 0.0
    vertex 0.281411123 -0.281411123 0.0
  endloop
endfacet
facet normal 0.0 0.0 -1.0
  outer loop
    vertex 0.281411123 0.281411123 0.0
    vertex 0.6947153611 0.1640000502 0.0
    vertex 0.6947153611 -0.1640000502 0.0
  endloop
endfacet
facet normal -1.0 -0.0 0.0
  outer loop
    vertex 0.281411123 0.281411123 0.0
    vertex 0.281411123 -0.281411123 0.0
    vertex 0.281411123 -0.281411123 0.1
  endloop
endfacet
facet normal -1.0 -0.0 0.0
  outer loop
    vertex 0.281411123 0.281411123 0.0
    vertex 0.281411123 -0.281411123 0.1
    vertex 0.281411123 0.281411123 0.1
  endloop
endfacet
facet normal 0.2732665289 -0.9619383578 0.0
  outer loop
    vertex 0.281411123 -0.281411123 0.0
    vertex 0.6947153611 -0.1640000502 0.0
    vertex 0.6947153611 -0.1640000502 0.1
  endloop
endfacet
facet normal 0.2732665289 -0.9619383578 0.0
  outer loop
    vertex 0.281411123 -0.281411123 0.0
    vertex 0.6947153611 -0.1640000502 0.1
    vertex 0.281411123 -0.281411123 0.1
  endloop
endfacet
facet normal 1.0 0.0 0.0
  outer loop
    vertex 0.6947153611 -0.1640000502 0.0
    vertex 0.6947153611 0.1640000502 0.0
    vertex 0.6947153611 0.1640000502 0.1
  endloop
endfacet
facet normal 1.0 0.0 -0.0
  outer loop
    vertex 0.6947153611 -0.1640000502 0.0
    vertex 0.6947153611 0.1640000502 0.1
    vertex 0.6947153611 -0.1640000502 0.1
  endloop
endfacet
facet normal 0.2732665289 0.9619383578 0.0
  outer loop
    vertex 0.6947153611 0.1640000502 0.0
    vertex 0.281411123 0.281411123 0.0
    vertex 0.281411123 0.281411123 0.1
  endloop
endfacet
facet normal 0.2732665289 0.9619383578 -0.0
  outer loop
    vertex 0.6947153611 0.1640000502 0.0
    vertex 0.281411123 0.281411123 0.1
    vertex 0.6947153611 0.1640000502 0.1
  endloop
endfacet
facet normal 0.0 0.0 1.0
  outer loop
    vertex 0.6054228587 0.7007034919 0.1
    vertex 0.5523004264 0.5523004264 0.1
    vertex 0.7007034919 0.6054228587 0.1
  endloop
endfacet
facet normal 0.0 0.0 1.0
  outer loop
    vertex 0.6054228587 0.7007034919 0.1
    vertex 0.7007034919 0.6054228587 0.1
    vertex 0.6755873699 0.6755873699 0.1
  endloop
endfacet
facet normal 0.0 -0.0 -1.0
  outer loop
    vertex 0.6054228587 0.7007034919 0.0
    vertex 0.7007034919 0.6054228587 0.0
    vertex 0.5523004264 0.5523004264 0.0
  endloop
endfacet
facet normal 0.0 0.0 -1.0
  outer loop
    vertex 0.6054228587 0.7007034919 0.0
    vertex 0.6755873699 0.6755873699 0.0
    vertex 0.7007034919 0.6054228587 0.0
  endloop
endfacet
facet normal -0.9414978398 0.3370190168 0.0
  outer loop
    vertex 0.6054228587 0.7007034919 0.0
    vertex 0.5523004264 0.5523004264 0.0
    vertex 0.5523004264 0.5523004264 0.1
  endloop
endfacet
facet normal -0.9414978398 0.3370190168 0.0
  outer loop
    vertex 0.6054228587 0.7007034919 0.0
    vertex 0.5523004264 0.5523004264 0.1
    vertex 0.6054228587 0.7007034919 0.1
  endloop
endfacet
facet normal 0.3370190168 -0.9414978398 0.0
  outer loop
    vertex 0.5523004264 0.5523004264 0.0
    vertex 0.7007034919 0.6054228587 0.0
    vertex 0.7007034919 0.6054228587 0.1
  endloop
endfacet
facet normal 0.3370190168 -0.9414978398 0.0
  outer loop
    vertex 0.5523004264 0.5523004264 0.0
    vertex 0.7007034919 0.6054228587 0.1
    vertex 0.5523004264 0.5523004264 0.1
  endloop
endfacet
facet normal 0.9414978398 0.3370190168 0.0
  outer loop
    vertex 0.7007034919 0.6054228587 0.0
    vertex 0.6755873699 0.6755873699 0.0
    vertex 0.6755873699 0.6755873699 0.1
  endloop
endfacet
facet normal 0.9414978398 0.3370190168 -0.0
  outer loop
    vertex 0.7007034919 0.6054228587 0.0
    vertex 0.6755873699 0.6755873699 0.1
    vertex 0.7007034919 0.6054228587 0.1
  endloop
endfacet
facet normal 0.3370190168 0.9414978398 0.0
  outer loop
    vertex 0.6755873699 0.6755873699 0.0
    vertex 0.6054228587 0.7007034919 0.0
    vertex 0.6054228587 0.7007034919 0.1
  endloop
endfacet
facet normal 0.3370190168 0.9414978398 -0.0
  outer loop
    vertex 0.6755873699 0.6755873699 0.0
    vertex 0.6054228587 0.7007034919 0.1
    vertex 0.6755873699 0.6755873699 0.1
  endloop
endfacet
facet normal 0.0 0.0 1.0
  outer loop
    vertex 0.514112025 0.8181434808 0.1
    vertex 0.4629975389 0.8315584884 0.1
    vertex 0.414735556 0.7315653281 0.1
  endloop
endfacet
facet normal 0.0 0.0 1.0
  outer loop
    vertex 0.514112025 0.8181434808 0.1
    vertex 0.414735556 0.7315653281 0.1
    vertex 0.5399781362 0.7624613638 0.1
  endloop
endfacet
facet normal -0.0 0.0 -1.0
  outer loop
    vertex 0.514112025 0.8181434808 0.0
    vertex 0.414735556 0.7315653281 0.0
    vertex 0.4629975389 0.8315584884 0.0
  endloop
endfacet
facet normal 0.0 -0.0 -1.0
  outer loop
    vertex 0.514112025 0.8181434808 0.0
    vertex 0.5399781362 0.7624613638 0.0
    vertex 0.414735556 0.7315653281 0.0
  endloop
endfacet
facet normal 0.2538530731 0.9672427913 0.0
  outer loop
    vertex 0.514112025 0.8181434808 0.0
    vertex 0.4629975389 0.8315584884 0.0
    vertex 0.4629975389 0.8315584884 0.1
  endloop
endfacet
facet normal 0.2538530731 0.9672427913 -0.0
  outer loop
    vertex 0.514112025 0.8181434808 0.0
    vertex 0.4629975389 0.8315584884 0.1
    vertex 0.514112025 0.8181434808 0.1
  endloop
endfacet
facet normal -0.9005889301 0.434671806 0.0
  outer loop
    vertex 0.4629975389 0.8315584884 0.0
    vertex 0.414735556 0.7315653281 0.0
    vertex 0.414735556 0.7315653281 0.1
  endloop
endfacet
facet normal -0.9005889301 0.434671806 0.0
  outer loop
    vertex 0.4629975389 0.8315584884 0.0
    vertex 0.414735556 0.7315653281 0.1
    vertex 0.4629975389 0.8315584884 0.1
  endloop
endfacet
facet normal 0.2395094137 -0.970894042 0.0
  outer loop
    vertex 0.414735556 0.7315653281 0.0
    vertex 0.5399781362 0.7624613638 0.0
    vertex 0.5399781362 0.7624613638 0.1
  endloop
endfacet
facet normal 0.2395094137 -0.970894042 0.0
  outer loop
    vertex 0.414735556 0.7315653281 0.0
    vertex 0.5399781362 0.7624613638 0.1
    vertex 0.414735556 0.7315653281 0.1
  endloop
endfacet
facet normal 0.9069237224 0.4212948631 0.0
  outer loop
    vertex 0.5399781362 0.7624613638 0.0
    vertex 0.514112025 0.8181434808 0.0
    vertex 0.514112025 0.8181434808 0.1
  endloop
endfacet
facet normal 0.9069237224 0.4212948631 -0.0
  outer loop
    vertex 0.5399781362 0.7624613638 0.0
    vertex 0.514112025 0.8181434808 0.1
    vertex 0.5399781362 0.7624613638 0.1
  endloop
endfacet
facet normal 0.0 -0.0 1.0
  outer loop
    vertex 0.6054228587 0.7007034919 0.1
    vertex 0.6150020088 0.7562485881 0.1
    vertex 0.5899786759 0.777234391 0.1
  endloop
endfacet
facet normal 0.0 0.0 1.0
  outer loop
    vertex 0.6054228587 0.7007034919 0.1
    vertex 0.5899786759 0.777234391 0.1
    vertex 0.5399781362 0.7624613638 0.1
  endloop
endfacet
facet normal 0.0 0.0 -1.0
  outer loop
    vertex 0.6054228587 0.7007034919 0.0
    vertex 0.5899786759 0.777234391 0.0
    vertex 0.6150020088 0.7562485881 0.0
  endloop
endfacet
facet normal 0.0 0.0 -1.0
  outer loop
    vertex 0.6054228587 0.7007034919 0.0
    vertex 0.5399781362 0.7624613638 0.0
    vertex 0.5899786759 0.777234391 0.0
  endloop
endfacet
facet normal 0.9854529576 -0.1699484283 0.0
  outer loop
    vertex 0.6054228587 0.7007034919 0.0
    vertex 0.6150020088 0.7562485881 0.0
    vertex 0.6150020088 0.7562485881 0.1
  endloop
endfacet
facet normal 0.9854529576 -0.1699484283 0.0
  outer loop
    vertex 0.6054228587 0.7007034919 0.0
    vertex 0.6150020088 0.7562485881 0.1
    vertex 0.6054228587 0.7007034919 0.1
  endloop
endfacet
facet normal 0.6425851453 0.7662142853 0.0
  outer loop
    vertex 0.6150020088 0.7562485881 0.0
    vertex 0.5899786759 0.777234391 0.0
    vertex 0.5899786759 0.777234391 0.1
  endloop
endfacet
facet normal 0.6425851453 0.7662142853 -0.0
  outer loop
    vertex 0.6150020088 0.7562485881 0.0
    vertex 0.5899786759 0.777234391 0.1
    vertex 0.6150020088 0.7562485881 0.1
  endloop
endfacet
facet normal -0.2833486199 0.9590169757 0.0
  outer loop
    vertex 0.5899786759 0.777234391 0.0
    vertex 0.5399781362 0.7624613638 0.0
    vertex 0.5399781362 0.7624613638 0.1
  endloop
endfacet
facet normal -0.2833486199 0.9590169757 0.0
  outer loop
    vertex 0.5899786759 0.777234391 0.0
    vertex 0.5399781362 0.7624613638 0.1
    vertex 0.5899786759 0.777234391 0.1
  endloop
endfacet
facet normal -0.6863237179 -0.7272961943 0.0
  outer loop
    vertex 0.5399781362 0.7624613638 0.0
    vertex 0.6054228587 0.7007034919 0.0
    vertex 0.6054228587 0.7007034919 0.1
  endloop
endfacet
facet normal -0.6863237179 -0.7272961943 0.0
  outer loop
    vertex 0.5399781362 0.7624613638 0.0
    vertex 0.6054228587 0.7007034919 0.1
    vertex 0.5399781362 0.7624613638 0.1
  endloop
endfacet
facet normal -0.0 0.0 1.0
  outer loop
    vertex 0.251036924 0.8716343299 0.1
    vertex 0.3559749225 0.8548707948 0.1
    vertex 0.3365342167 0.9114032891 0.1
  endloop
endfacet
facet normal 0.0 0.0 1.0
  outer loop
    vertex 0.251036924 0.8716343299 0.1
    vertex 0.3365342167 0.9114032891 0.1
    vertex 0.2989201813 0.9218816032 0.1
  endloop
endfacet
facet normal 0.0 0.0 -1.0
  outer loop
    vertex 0.251036924 0.8716343299 0.0
    vertex 0.3365342167 0.9114032891 0.0
    vertex 0.3559749225 0.8548707948 0.0
  endloop
endfacet
facet normal 0.0 0.0 -1.0
  outer loop
    vertex 0.251036924 0.8716343299 0.0
    vertex 0.2989201813 0.9218816032 0.0
    vertex 0.3365342167 0.9114032891 0.0
  endloop
endfacet
facet normal -0.1577469423 -0.9874795705 0.0
  outer loop
    vertex 0.251036924 0.8716343299 0.0
    vertex 0.3559749225 0.8548707948 0.0
    vertex 0.3559749225 0.8548707948 0.1
  endloop
endfacet
facet normal -0.1577469423 -0.9874795705 0.0
  outer loop
    vertex 0.251036924 0.8716343299 0.0
    vertex 0.3559749225 0.8548707948 0.1
    vertex 0.251036924 0.8716343299 0.1
  endloop
endfacet
facet normal 0.9456471967 0.3251943718 0.0
  outer loop
    vertex 0.3559749225 0.8548707948 0.0
    vertex 0.3365342167 0.9114032891 0.0
    vertex 0.3365342167 0.9114032891 0.1
  endloop
endfacet
facet normal 0.9456471967 0.3251943718 -0.0
  outer loop
    vertex 0.3559749225 0.8548707948 0.0
    vertex 0.3365342167 0.9114032891 0.1
    vertex 0.3559749225 0.8548707948 0.1
  endloop
endfacet
facet normal 0.268356381 0.9633197043 0.0
  outer loop
    vertex 0.3365342167 0.9114032891 0.0
    vertex 0.2989201813 0.9218816032 0.0
    vertex 0.2989201813 0.9218816032 0.1
  endloop
endfacet
facet normal 0.268356381 0.9633197043 -0.0
  outer loop
    vertex 0.3365342167 0.9114032891 0.0
    vertex 0.2989201813 0.9218816032 0.1
    vertex 0.3365342167 0.9114032891 0.1
  endloop
endfacet
facet normal -0.7239313175 0.6898720516 0.0
  outer loop
    vertex 0.2989201813 0.9218816032 0.0
    vertex 0.251036924 0.8716343299 0.0
    vertex 0.251036924 0.8716343299 0.1
  endloop
endfacet
facet normal -0.7239313175 0.6898720516 0.0
  outer loop
    vertex 0.2989201813 0.9218816032 0.0
    vertex 0.251036924 0.8716343299 0.1
    vertex 0.2989201813 0.9218816032 0.1
  endloop
endfacet
facet normal 0.0 0.0 1.0
  outer loop
    vertex 0.421780787 0.8670666116 0.1
    vertex 0.3559749225 0.8548707948 0.1
    vertex 0.414735556 0.7315653281 0.1
  endloop
endfacet
facet normal 0.0 0.0 1.0
  outer loop
    vertex 0.421780787 0.8670666116 0.1
    vertex 0.414735556 0.7315653281 0.1
    vertex 0.4629975389 0.8315584884 0.1
  endloop
endfacet
facet normal 0.0 0.0 -1.0
  outer loop
    vertex 0.421780787 0.8670666116 0.0
    vertex 0.414735556 0.7315653281 0.0
    vertex 0.3559749225 0.8548707948 0.0
  endloop
endfacet
facet normal 0.0 -0.0 -1.0
  outer loop
    vertex 0.421780787 0.8670666116 0.0
    vertex 0.4629975389 0.8315584884 0.0
    vertex 0.414735556 0.7315653281 0.0
  endloop
endfacet
facet normal -0.1822271572 0.9832564585 0.0
  outer loop
    vertex 0.421780787 0.8670666116 0.0
    vertex 0.3559749225 0.8548707948 0.0
    vertex 0.3559749225 0.8548707948 0.1
  endloop
endfacet
facet normal -0.1822271572 0.9832564585 0.0
  outer loop
    vertex 0.421780787 0.8670666116 0.0
    vertex 0.3559749225 0.8548707948 0.1
    vertex 0.421780787 0.8670666116 0.1
  endloop
endfacet
facet normal -0.9027361657 -0.4301946247 0.0
  outer loop
    vertex 0.3559749225 0.8548707948 0.0
    vertex 0.414735556 0.7315653281 0.0
    vertex 0.414735556 0.7315653281 0.1
  endloop
endfacet
facet normal -0.9027361657 -0.4301946247 0.0
  outer loop
    vertex 0.3559749225 0.8548707948 0.0
    vertex 0.414735556 0.7315653281 0.1
    vertex 0.3559749225 0.8548707948 0.1
  endloop
endfacet
facet normal 0.9005889301 -0.434671806 0.0
  outer loop
    vertex 0.414735556 0.7315653281 0.0
    vertex 0.4629975389 0.8315584884 0.0
    vertex 0.4629975389 0.8315584884 0.1
  endloop
endfacet
facet normal 0.9005889301 -0.434671806 0.0
  outer loop
    vertex 0.414735556 0.7315653281 0.0
    vertex 0.4629975389 0.8315584884 0.1
    vertex 0.414735556 0.7315653281 0.1
  endloop
endfacet
facet normal 0.6526911542 0.757624087 0.0
  outer loop
    vertex 0.4629975389 0.8315584884 0.0
    vertex 0.421780787 0.8670666116 0.0
    vertex 0.421780787 0.8670666116 0.1
  endloop
endfacet
facet normal 0.6526911542 0.757624087 -0.0
  outer loop
    vertex 0.4629975389 0.8315584884 0.0
    vertex 0.421780787 0.8670666116 0.1
    vertex 0.4629975389 0.8315584884 0.1
  endloop
endfacet
facet normal 0.0 0.0 1.0
  outer loop
    vertex 0.251036924 0.8716343299 0.1
    vertex 0.1687208192 0.9232632613 0.1
    vertex 0.0697824862 0.886810066 0.1
  endloop
endfacet
facet normal 0.0 0.0 1.0
  outer loop
    vertex 0.251036924 0.8716343299 0.1
    vertex 0.0697824862 0.886810066 0.1
    vertex 0.1640000502 0.6947153611 0.1
  endloop
endfacet
facet normal 0.0 0.0 -1.0
  outer loop
    vertex 0.251036924 0.8716343299 0.0
    vertex 0.0697824862 0.886810066 0.0
    vertex 0.1687208192 0.9232632613 0.0
  endloop
endfacet
facet normal -0.0 0.0 -1.0
  outer loop
    vertex 0.251036924 0.8716343299 0.0
    vertex 0.1640000502 0.6947153611 0.0
    vertex 0.0697824862 0.886810066 0.0
  endloop
endfacet
facet normal 0.5313405018 0.8471583507 0.0
  outer loop
    vertex 0.251036924 0.8716343299 0.0
    vertex 0.1687208192 0.9232632613 0.0
    vertex 0.1687208192 0.9232632613 0.1
  endloop
endfacet
facet normal 0.5313405018 0.8471583507 -0.0
  outer loop
    vertex 0.251036924 0.8716343299 0.0
    vertex 0.1687208192 0.9232632613 0.1
    vertex 0.251036924 0.8716343299 0.1
  endloop
endfacet
facet normal -0.345723985 0.9383362543 0.0
  outer loop
    vertex 0.1687208192 0.9232632613 0.0
    vertex 0.0697824862 0.886810066 0.0
    vertex 0.0697824862 0.886810066 0.1
  endloop
endfacet
facet normal -0.345723985 0.9383362543 0.0
  outer loop
    vertex 0.1687208192 0.9232632613 0.0
    vertex 0.0697824862 0.886810066 0.1
    vertex 0.1687208192 0.9232632613 0.1
  endloop
endfacet
facet normal -0.8978218863 -0.4403587861 0.0
  outer loop
    vertex 0.0697824862 0.886810066 0.0
    vertex 0.1640000502 0.6947153611 0.0
    vertex 0.1640000502 0.6947153611 0.1
  endloop
endfacet
facet normal -0.8978218863 -0.4403587861 0.0
  outer loop
    vertex 0.0697824862 0.886810066 0.0
    vertex 0.1640000502 0.6947153611 0.1
    vertex 0.0697824862 0.886810066 0.1
  endloop
endfacet
facet normal 0.8972946347 -0.4414321449 0.0
  outer loop
    vertex 0.1640000502 0.6947153611 0.0
    vertex 0.251036924 0.8716343299 0.0
    vertex 0.251036924 0.8716343299 0.1
  endloop
endfacet
facet normal 0.8972946347 -0.4414321449 0.0
  outer loop
    vertex 0.1640000502 0.6947153611 0.0
    vertex 0.251036924 0.8716343299 0.1
    vertex 0.1640000502 0.6947153611 0.1
  endloop
endfacet
facet normal 0.0 0.0 1.0
  outer loop
    vertex -0.1640000502 0.6947153611 0.1
    vertex -0.281411123 0.281411123 0.1
    vertex 0.281411123 0.281411123 0.1
  endloop
endfacet
facet normal -0.0 0.0 1.0
  outer loop
    vertex -0.1640000502 0.6947153611 0.1
    vertex 0.281411123 0.281411123 0.1
    vertex 0.1640000502 0.6947153611 0.1
  endloop
endfacet
facet normal 0.0 -0.0 -1.0
  outer loop
    vertex -0.1640000502 0.6947153611 0.0
    vertex 0.281411123 0.281411123 0.0
    vertex -0.281411123 0.281411123 0.0
  endloop
endfacet
facet normal 0.0 0.0 -1.0
  outer loop
    vertex -0.1640000502 0.6947153611 0.0
    vertex 0.1640000502 0.6947153611 0.0
    vertex 0.281411123 0.281411123 0.0
  endloop
endfacet
facet normal -0.9619383578 0.2732665289 0.0
  outer loop
    vertex -0.1640000502 0.6947153611 0.0
    vertex -0.281411123 0.281411123 0.0
    vertex -0.281411123 0.281411123 0.1
  endloop
endfacet
facet normal -0.9619383578 0.2732665289 0.0
  outer loop
    vertex -0.1640000502 0.6947153611 0.0
    vertex -0.281411123 0.281411123 0.1
    vertex -0.1640000502 0.6947153611 0.1
  endloop
endfacet
facet normal -0.0 -1.0 0.0
  outer loop
    vertex -0.281411123 0.281411123 0.0
    vertex 0.281411123 0.281411123 0.0
    vertex 0.281411123 0.281411123 0.1
  endloop
endfacet
facet normal -0.0 -1.0 0.0
  outer loop
    vertex -0.281411123 0.281411123 0.0
    vertex 0.281411123 0.281411123 0.1
    vertex -0.281411123 0.281411123 0.1
  endloop
endfacet
facet normal 0.9619383578 0.2732665289 0.0
  outer loop
    vertex 0.281411123 0.281411123 0.0
    vertex 0.1640000502 0.6947153611 0.0
    vertex 0.1640000502 0.6947153611 0.1
  endloop
endfacet
facet normal 0.9619383578 0.2732665289 -0.0
  outer loop
    vertex 0.281411123 0.281411123 0.0
    vertex 0.1640000502 0.6947153611 0.1
    vertex 0.281411123 0.281411123 0.1
  endloop
endfacet
facet normal 0.0 1.0 0.0
  outer loop
    vertex 0.1640000502 0.6947153611 0.0
    vertex -0.1640000502 0.6947153611 0.0
    vertex -0.1640000502 0.6947153611 0.1
  endloop
endfacet
facet normal 0.0 1.0 -0.0
  outer loop
    vertex 0.1640000502 0.6947153611 0.0
    vertex -0.1640000502 0.6947153611 0.1
    vertex 0.1640000502 0.6947153611 0.1
  endloop
endfacet
facet normal 0.0 0.0 1.0
  outer loop
    vertex -0.5399781362 0.7624613638 0.1
    vertex -0.6054228587 0.7007034919 0.1
    vertex -0.5523004264 0.5523004264 0.1
  endloop
endfacet
facet normal 0.0 0.0 1.0
  outer loop
    vertex -0.5399781362 0.7624613638 0.1
    vertex -0.5523004264 0.5523004264 0.1
    vertex -0.414735556 0.7315653281 0.1
  endloop
endfacet
facet normal 0.0 0.0 -1.0
  outer loop
    vertex -0.5399781362 0.7624613638 0.0
    vertex -0.5523004264 0.5523004264 0.0
    vertex -0.6054228587 0.7007034919 0.0
  endloop
endfacet
facet normal 0.0 -0.0 -1.0
  outer loop
    vertex -0.5399781362 0.7624613638 0.0
    vertex -0.414735556 0.7315653281 0.0
    vertex -0.5523004264 0.5523004264 0.0
  endloop
endfacet
facet normal -0.6863237179 0.7272961943 0.0
  outer loop
    vertex -0.5399781362 0.7624613638 0.0
    vertex -0.6054228587 0.7007034919 0.0
    vertex -0.6054228587 0.7007034919 0.1
  endloop
endfacet
facet normal -0.6863237179 0.7272961943 0.0
  outer loop
    vertex -0.5399781362 0.7624613638 0.0
    vertex -0.6054228587 0.7007034919 0.1
    vertex -0.5399781362 0.7624613638 0.1
  endloop
endfacet
facet normal -0.9414978398 -0.3370190168 0.0
  outer loop
    vertex -0.6054228587 0.7007034919 0.0
    vertex -0.5523004264 0.5523004264 0.0
    vertex -0.5523004264 0.5523004264 0.1
  endloop
endfacet
facet normal -0.9414978398 -0.3370190168 0.0
  outer loop
    vertex -0.6054228587 0.7007034919 0.0
    vertex -0.5523004264 0.5523004264 0.1
    vertex -0.6054228587 0.7007034919 0.1
  endloop
endfacet
facet normal 0.7933318097 -0.6087894872 0.0
  outer loop
    vertex -0.5523004264 0.5523004264 0.0
    vertex -0.414735556 0.7315653281 0.0
    vertex -0.414735556 0.7315653281 0.1
  endloop
endfacet
facet normal 0.7933318097 -0.6087894872 0.0
  outer loop
    vertex -0.5523004264 0.5523004264 0.0
    vertex -0.414735556 0.7315653281 0.1
    vertex -0.5523004264 0.5523004264 0.1
  endloop
endfacet
facet normal 0.2395094137 0.970894042 0.0
  outer loop
    vertex -0.414735556 0.7315653281 0.0
    vertex -0.5399781362 0.7624613638 0.0
    vertex -0.5399781362 0.7624613638 0.1
  endloop
endfacet
facet normal 0.2395094137 0.970894042 -0.0
  outer loop
    vertex -0.414735556 0.7315653281 0.0
    vertex -0.5399781362 0.7624613638 0.1
    vertex -0.414735556 0.7315653281 0.1
  endloop
endfacet
facet normal 0.0 0.0 1.0
  outer loop
    vertex -0.1640000502 0.6947153611 0.1
    vertex -0.251036924 0.8716343299 0.1
    vertex -0.3559749225 0.8548707948 0.1
  endloop
endfacet
facet normal 0.0 0.0 1.0
  outer loop
    vertex -0.1640000502 0.6947153611 0.1
    vertex -0.3559749225 0.8548707948 0.1
    vertex -0.414735556 0.7315653281 0.1
  endloop
endfacet
facet normal 0.0 0.0 -1.0
  outer loop
    vertex -0.1640000502 0.6947153611 0.0
    vertex -0.3559749225 0.8548707948 0.0
    vertex -0.251036924 0.8716343299 0.0
  endloop
endfacet
facet normal 0.0 0.0 -1.0
  outer loop
    vertex -0.1640000502 0.6947153611 0.0
    vertex -0.414735556 0.7315653281 0.0
    vertex -0.3559749225 0.8548707948 0.0
  endloop
endfacet
facet normal 0.8972946347 0.4414321449 0.0
  outer loop
    vertex -0.1640000502 0.6947153611 0.0
    vertex -0.251036924 0.8716343299 0.0
    vertex -0.251036924 0.8716343299 0.1
  endloop
endfacet
facet normal 0.8972946347 0.4414321449 -0.0
  outer loop
    vertex -0.1640000502 0.6947153611 0.0
    vertex -0.251036924 0.8716343299 0.1
    vertex -0.1640000502 0.6947153611 0.1
  endloop
endfacet
facet normal -0.1577469423 0.9874795705 0.0
  outer loop
    vertex -0.251036924 0.8716343299 0.0
    vertex -0.3559749225 0.8548707948 0.0
    vertex -0.3559749225 0.8548707948 0.1
  endloop
endfacet
facet normal -0.1577469423 0.9874795705 0.0
  outer loop
    vertex -0.251036924 0.8716343299 0.0
    vertex -0.3559749225 0.8548707948 0.1
    vertex -0.251036924 0.8716343299 0.1
  endloop
endfacet
facet normal -0.9027361657 0.4301946247 0.0
  outer loop
    vertex -0.3559749225 0.8548707948 0.0
    vertex -0.414735556 0.7315653281 0.0
    vertex -0.414735556 0.7315653281 0.1
  endloop
endfacet
facet normal -0.9027361657 0.4301946247 0.0
  outer loop
    vertex -0.3559749225 0.8548707948 0.0
    vertex -0.414735556 0.7315653281 0.1
    vertex -0.3559749225 0.8548707948 0.1
  endloop
endfacet
facet normal -0.1454055362 -0.9893721393 0.0
  outer loop
    vertex -0.414735556 0.7315653281 0.0
    vertex -0.1640000502 0.6947153611 0.0
    vertex -0.1640000502 0.6947153611 0.1
  endloop
endfacet
facet normal -0.1454055362 -0.9893721393 0.0
  outer loop
    vertex -0.414735556 0.7315653281 0.0
    vertex -0.1640000502 0.6947153611 0.1
    vertex -0.414735556 0.7315653281 0.1
  endloop
endfacet
facet normal 0.0 0.0 1.0
  outer loop
    vertex -0.7624613638 0.5399781362 0.1
    vertex -0.7007034919 0.6054228587 0.1
    vertex -0.7562485881 0.6150020088 0.1
  endloop
endfacet
facet normal 0.0 -0.0 1.0
  outer loop
    vertex -0.7624613638 0.5399781362 0.1
    vertex -0.7562485881 0.6150020088 0.1
    vertex -0.777234391 0.5899786759 0.1
  endloop
endfacet
facet normal 0.0 0.0 -1.0
  outer loop
    vertex -0.7624613638 0.5399781362 0.0
    vertex -0.7562485881 0.6150020088 0.0
    vertex -0.7007034919 0.6054228587 0.0
  endloop
endfacet
facet normal 0.0 0.0 -1.0
  outer loop
    vertex -0.7624613638 0.5399781362 0.0
    vertex -0.777234391 0.5899786759 0.0
    vertex -0.7562485881 0.6150020088 0.0
  endloop
endfacet
facet normal 0.7272961943 -0.6863237179 0.0
  outer loop
    vertex -0.7624613638 0.5399781362 0.0
    vertex -0.7007034919 0.6054228587 0.0
    vertex -0.7007034919 0.6054228587 0.1
  endloop
endfacet
facet normal 0.7272961943 -0.6863237179 0.0
  outer loop
    vertex -0.7624613638 0.5399781362 0.0
    vertex -0.7007034919 0.6054228587 0.1
    vertex -0.7624613638 0.5399781362 0.1
  endloop
endfacet
facet normal 0.1699484283 0.9854529576 0.0
  outer loop
    vertex -0.7007034919 0.6054228587 0.0
    vertex -0.7562485881 0.6150020088 0.0
    vertex -0.7562485881 0.6150020088 0.1
  endloop
endfacet
facet normal 0.1699484283 0.9854529576 -0.0
  outer loop
    vertex -0.7007034919 0.6054228587 0.0
    vertex -0.7562485881 0.6150020088 0.1
    vertex -0.7007034919 0.6054228587 0.1
  endloop
endfacet
facet normal -0.7662142853 0.6425851453 0.0
  outer loop
    vertex -0.7562485881 0.6150020088 0.0
    vertex -0.777234391 0.5899786759 0.0
    vertex -0.777234391 0.5899786759 0.1
  endloop
endfacet
facet normal -0.7662142853 0.6425851453 0.0
  outer loop
    vertex -0.7562485881 0.6150020088 0.0
    vertex -0.777234391 0.5899786759 0.1
    vertex -0.7562485881 0.6150020088 0.1
  endloop
endfacet
facet normal -0.9590169757 -0.2833486199 0.0
  outer loop
    vertex -0.777234391 0.5899786759 0.0
    vertex -0.7624613638 0.5399781362 0.0
    vertex -0.7624613638 0.5399781362 0.1
  endloop
endfacet
facet normal -0.9590169757 -0.2833486199 0.0
  outer loop
    vertex -0.777234391 0.5899786759 0.0
    vertex -0.7624613638 0.5399781362 0.1
    vertex -0.777234391 0.5899786759 0.1
  endloop
endfacet
facet normal 0.0 0.0 1.0
  outer loop
    vertex -0.6755873699 0.6755873699 0.1
    vertex -0.7007034919 0.6054228587 0.1
    vertex -0.5523004264 0.5523004264 0.1
  endloop
endfacet
facet normal -0.0 0.0 1.0
  outer loop
    vertex -0.6755873699 0.6755873699 0.1
    vertex -0.5523004264 0.5523004264 0.1
    vertex -0.6054228587 0.7007034919 0.1
  endloop
endfacet
facet normal 0.0 -0.0 -1.0
  outer loop
    vertex -0.6755873699 0.6755873699 0.0
    vertex -0.5523004264 0.5523004264 0.0
    vertex -0.7007034919 0.6054228587 0.0
  endloop
endfacet
facet normal 0.0 0.0 -1.0
  outer loop
    vertex -0.6755873699 0.6755873699 0.0
    vertex -0.6054228587 0.7007034919 0.0
    vertex -0.5523004264 0.5523004264 0.0
  endloop
endfacet
facet normal -0.9414978398 0.3370190168 0.0
  outer loop
    vertex -0.6755873699 0.6755873699 0.0
    vertex -0.7007034919 0.6054228587 0.0
    vertex -0.7007034919 0.6054228587 0.1
  endloop
endfacet
facet normal -0.9414978398 0.3370190168 0.0
  outer loop
    vertex -0.6755873699 0.6755873699 0.0
    vertex -0.7007034919 0.6054228587 0.1
    vertex -0.6755873699 0.6755873699 0.1
  endloop
endfacet
facet normal -0.3370190168 -0.9414978398 0.0
  outer loop
    vertex -0.7007034919 0.6054228587 0.0
    vertex -0.5523004264 0.5523004264 0.0
    vertex -0.5523004264 0.5523004264 0.1
  endloop
endfacet
facet normal -0.3370190168 -0.9414978398 0.0
  outer loop
    vertex -0.7007034919 0.6054228587 0.0
    vertex -0.5523004264 0.5523004264 0.1
    vertex -0.7007034919 0.6054228587 0.1
  endloop
endfacet
facet normal 0.9414978398 0.3370190168 0.0
  outer loop
    vertex -0.5523004264 0.5523004264 0.0
    vertex -0.6054228587 0.7007034919 0.0
    vertex -0.6054228587 0.7007034919 0.1
  endloop
endfacet
facet normal 0.9414978398 0.3370190168 -0.0
  outer loop
    vertex -0.5523004264 0.5523004264 0.0
    vertex -0.6054228587 0.7007034919 0.1
    vertex -0.5523004264 0.5523004264 0.1
  endloop
endfacet
facet normal -0.3370190168 0.9414978398 0.0
  outer loop
    vertex -0.6054228587 0.7007034919 0.0
    vertex -0.6755873699 0.6755873699 0.0
    vertex -0.6755873699 0.6755873699 0.1
  endloop
endfacet
facet normal -0.3370190168 0.9414978398 0.0
  outer loop
    vertex -0.6054228587 0.7007034919 0.0
    vertex -0.6755873699 0.6755873699 0.1
    vertex -0.6054228587 0.7007034919 0.1
  endloop
endfacet
facet normal 0.0 0.0 1.0
  outer loop
    vertex -0.7624613638 0.5399781362 0.1
    vertex -0.8181434808 0.514112025 0.1
    vertex -0.8315584884 0.4629975389 0.1
  endloop
endfacet
facet normal 0.0 0.0 1.0
  outer loop
    vertex -0.7624613638 0.5399781362 0.1
    vertex -0.8315584884 0.4629975389 0.1
    vertex -0.7315653281 0.414735556 0.1
  endloop
endfacet
facet normal 0.0 0.0 -1.0
  outer loop
    vertex -0.7624613638 0.5399781362 0.0
    vertex -0.8315584884 0.4629975389 0.0
    vertex -0.8181434808 0.514112025 0.0
  endloop
endfacet
facet normal 0.0 -0.0 -1.0
  outer loop
    vertex -0.7624613638 0.5399781362 0.0
    vertex -0.7315653281 0.414735556 0.0
    vertex -0.8315584884 0.4629975389 0.0
  endloop
endfacet
facet normal -0.4212948631 0.9069237224 0.0
  outer loop
    vertex -0.7624613638 0.5399781362 0.0
    vertex -0.8181434808 0.514112025 0.0
    vertex -0.8181434808 0.514112025 0.1
  endloop
endfacet
facet normal -0.4212948631 0.9069237224 0.0
  outer loop
    vertex -0.7624613638 0.5399781362 0.0
    vertex -0.8181434808 0.514112025 0.1
    vertex -0.7624613638 0.5399781362 0.1
  endloop
endfacet
facet normal -0.9672427913 0.2538530731 0.0
  outer loop
    vertex -0.8181434808 0.514112025 0.0
    vertex -0.8315584884 0.4629975389 0.0
    vertex -0.8315584884 0.4629975389 0.1
  endloop
endfacet
facet normal -0.9672427913 0.2538530731 0.0
  outer loop
    vertex -0.8181434808 0.514112025 0.0
    vertex -0.8315584884 0.4629975389 0.1
    vertex -0.8181434808 0.514112025 0.1
  endloop
endfacet
facet normal -0.434671806 -0.9005889301 0.0
  outer loop
    vertex -0.8315584884 0.4629975389 0.0
    vertex -0.7315653281 0.414735556 0.0
    vertex -0.7315653281 0.414735556 0.1
  endloop
endfacet
facet normal -0.434671806 -0.9005889301 0.0
  outer loop
    vertex -0.8315584884 0.4629975389 0.0
    vertex -0.7315653281 0.414735556 0.1
    vertex -0.8315584884 0.4629975389 0.1
  endloop
endfacet
facet normal 0.970894042 0.2395094137 0.0
  outer loop
    vertex -0.7315653281 0.414735556 0.0
    vertex -0.7624613638 0.5399781362 0.0
    vertex -0.7624613638 0.5399781362 0.1
  endloop
endfacet
facet normal 0.970894042 0.2395094137 -0.0
  outer loop
    vertex -0.7315653281 0.414735556 0.0
    vertex -0.7624613638 0.5399781362 0.1
    vertex -0.7315653281 0.414735556 0.1
  endloop
endfacet
facet normal 0.0 0.0 1.0
  outer loop
    vertex -0.6947153611 0.1640000502 0.1
    vertex -0.8716343299 0.251036924 0.1
    vertex -0.9232632613 0.1687208192 0.1
  endloop
endfacet
facet normal 0.0 0.0 1.0
  outer loop
    vertex -0.6947153611 0.1640000502 0.1
    vertex -0.9232632613 0.1687208192 0.1
    vertex -0.886810066 0.0697824862 0.1
  endloop
endfacet
facet normal 0.0 0.0 -1.0
  outer loop
    vertex -0.6947153611 0.1640000502 0.0
    vertex -0.9232632613 0.1687208192 0.0
    vertex -0.8716343299 0.251036924 0.0
  endloop
endfacet
facet normal -0.0 0.0 -1.0
  outer loop
    vertex -0.6947153611 0.1640000502 0.0
    vertex -0.886810066 0.0697824862 0.0
    vertex -0.9232632613 0.1687208192 0.0
  endloop
endfacet
facet normal 0.4414321449 0.8972946347 0.0
  outer loop
    vertex -0.6947153611 0.1640000502 0.0
    vertex -0.8716343299 0.251036924 0.0
    vertex -0.8716343299 0.251036924 0.1
  endloop
endfacet
facet normal 0.4414321449 0.8972946347 -0.0
  outer loop
    vertex -0.6947153611 0.1640000502 0.0
    vertex -0.8716343299 0.251036924 0.1
    vertex -0.6947153611 0.1640000502 0.1
  endloop
endfacet
facet normal -0.8471583507 0.5313405018 0.0
  outer loop
    vertex -0.8716343299 0.251036924 0.0
    vertex -0.9232632613 0.1687208192 0.0
    vertex -0.9232632613 0.1687208192 0.1
  endloop
endfacet
facet normal -0.8471583507 0.5313405018 0.0
  outer loop
    vertex -0.8716343299 0.251036924 0.0
    vertex -0.9232632613 0.1687208192 0.1
    vertex -0.8716343299 0.251036924 0.1
  endloop
endfacet
facet normal -0.9383362543 -0.345723985 0.0
  outer loop
    vertex -0.9232632613 0.1687208192 0.0
    vertex -0.886810066 0.0697824862 0.0
    vertex -0.886810066 0.0697824862 0.1
  endloop
endfacet
facet normal -0.9383362543 -0.345723985 0.0
  outer loop
    vertex -0.9232632613 0.1687208192 0.0
    vertex -0.886810066 0.0697824862 0.1
    vertex -0.9232632613 0.1687208192 0.1
  endloop
endfacet
facet normal 0.4403587861 -0.8978218863 0.0
  outer loop
    vertex -0.886810066 0.0697824862 0.0
    vertex -0.6947153611 0.1640000502 0.0
    vertex -0.6947153611 0.1640000502 0.1
  endloop
endfacet
facet normal 0.4403587861 -0.8978218863 0.0
  outer loop
    vertex -0.886810066 0.0697824862 0.0
    vertex -0.6947153611 0.1640000502 0.1
    vertex -0.886810066 0.0697824862 0.1
  endloop
endfacet
facet normal -0.0 0.0 1.0
  outer loop
    vertex -0.9218816032 0.2989201813 0.1
    vertex -0.8716343299 0.251036924 0.1
    vertex -0.8548707948 0.3559749225 0.1
  endloop
endfacet
facet normal 0.0 0.0 1.0
  outer loop
    vertex -0.9218816032 0.2989201813 0.1
    vertex -0.8548707948 0.3559749225 0.1
    vertex -0.9114032891 0.3365342167 0.1
  endloop
endfacet
facet normal 0.0 0.0 -1.0
  outer loop
    vertex -0.9218816032 0.2989201813 0.0
    vertex -0.8548707948 0.3559749225 0.0
    vertex -0.8716343299 0.251036924 0.0
  endloop
endfacet
facet normal 0.0 0.0 -1.0
  outer loop
    vertex -0.9218816032 0.2989201813 0.0
    vertex -0.9114032891 0.3365342167 0.0
    vertex -0.8548707948 0.3559749225 0.0
  endloop
endfacet
facet normal -0.6898720516 -0.7239313175 0.0
  outer loop
    vertex -0.9218816032 0.2989201813 0.0
    vertex -0.8716343299 0.251036924 0.0
    vertex -0.8716343299 0.251036924 0.1
  endloop
endfacet
facet normal -0.6898720516 -0.7239313175 0.0
  outer loop
    vertex -0.9218816032 0.2989201813 0.0
    vertex -0.8716343299 0.251036924 0.1
    vertex -0.9218816032 0.2989201813 0.1
  endloop
endfacet
facet normal 0.9874795705 -0.1577469423 0.0
  outer loop
    vertex -0.8716343299 0.251036924 0.0
    vertex -0.8548707948 0.3559749225 0.0
    vertex -0.8548707948 0.3559749225 0.1
  endloop
endfacet
facet normal 0.9874795705 -0.1577469423 0.0
  outer loop
    vertex -0.8716343299 0.251036924 0.0
    vertex -0.8548707948 0.3559749225 0.1
    vertex -0.8716343299 0.251036924 0.1
  endloop
endfacet
facet normal -0.3251943718 0.9456471967 0.0
  outer loop
    vertex -0.8548707948 0.3559749225 0.0
    vertex -0.9114032891 0.3365342167 0.0
    vertex -0.9114032891 0.3365342167 0.1
  endloop
endfacet
facet normal -0.3251943718 0.9456471967 0.0
  outer loop
    vertex -0.8548707948 0.3559749225 0.0
    vertex -0.9114032891 0.3365342167 0.1
    vertex -0.8548707948 0.3559749225 0.1
  endloop
endfacet
facet normal -0.9633197043 0.268356381 0.0
  outer loop
    vertex -0.9114032891 0.3365342167 0.0
    vertex -0.9218816032 0.2989201813 0.0
    vertex -0.9218816032 0.2989201813 0.1
  endloop
endfacet
facet normal -0.9633197043 0.268356381 0.0
  outer loop
    vertex -0.9114032891 0.3365342167 0.0
    vertex -0.9218816032 0.2989201813 0.1
    vertex -0.9114032891 0.3365342167 0.1
  endloop
endfacet
facet normal 0.0 0.0 1.0
  outer loop
    vertex -0.8315584884 0.4629975389 0.1
    vertex -0.8670666116 0.421780787 0.1
    vertex -0.8548707948 0.3559749225 0.1
  endloop
endfacet
facet normal 0.0 0.0 1.0
  outer loop
    vertex -0.8315584884 0.4629975389 0.1
    vertex -0.8548707948 0.3559749225 0.1
    vertex -0.7315653281 0.414735556 0.1
  endloop
endfacet
facet normal 0.0 0.0 -1.0
  outer loop
    vertex -0.8315584884 0.4629975389 0.0
    vertex -0.8548707948 0.3559749225 0.0
    vertex -0.8670666116 0.421780787 0.0
  endloop
endfacet
facet normal 0.0 -0.0 -1.0
  outer loop
    vertex -0.8315584884 0.4629975389 0.0
    vertex -0.7315653281 0.414735556 0.0
    vertex -0.8548707948 0.3559749225 0.0
  endloop
endfacet
facet normal -0.757624087 0.6526911542 0.0
  outer loop
    vertex -0.8315584884 0.4629975389 0.0
    vertex -0.8670666116 0.421780787 0.0
    vertex -0.8670666116 0.421780787 0.1
  endloop
endfacet
facet normal -0.757624087 0.6526911542 0.0
  outer loop
    vertex -0.8315584884 0.4629975389 0.0
    vertex -0.8670666116 0.421780787 0.1
    vertex -0.8315584884 0.4629975389 0.1
  endloop
endfacet
facet normal -0.9832564585 -0.1822271572 0.0
  outer loop
    vertex -0.8670666116 0.421780787 0.0
    vertex -0.8548707948 0.3559749225 0.0
    vertex -0.8548707948 0.3559749225 0.1
  endloop
endfacet
facet normal -0.9832564585 -0.1822271572 0.0
  outer loop
    vertex -0.8670666116 0.421780787 0.0
    vertex -0.8548707948 0.3559749225 0.1
    vertex -0.8670666116 0.421780787 0.1
  endloop
endfacet
facet normal 0.4301946247 -0.9027361657 0.0
  outer loop
    vertex -0.8548707948 0.3559749225 0.0
    vertex -0.7315653281 0.414735556 0.0
    vertex -0.7315653281 0.414735556 0.1
  endloop
endfacet
facet normal 0.4301946247 -0.9027361657 0.0
  outer loop
    vertex -0.8548707948 0.3559749225 0.0
    vertex -0.7315653281 0.414735556 0.1
    vertex -0.8548707948 0.3559749225 0.1
  endloop
endfacet
facet normal 0.434671806 0.9005889301 0.0
  outer loop
    vertex -0.7315653281 0.414735556 0.0
    vertex -0.8315584884 0.4629975389 0.0
    vertex -0.8315584884 0.4629975389 0.1
  endloop
endfacet
facet normal 0.434671806 0.9005889301 -0.0
  outer loop
    vertex -0.7315653281 0.414735556 0.0
    vertex -0.8315584884 0.4629975389 0.1
    vertex -0.7315653281 0.414735556 0.1
  endloop
endfacet
facet normal 0.0 -0.0 1.0
  outer loop
    vertex -0.6054228587 -0.7007034919 0.1
    vertex -0.5523004264 -0.5523004264 0.1
    vertex -0.7007034919 -0.6054228587 0.1
  endloop
endfacet
facet normal 0.0 0.0 1.0
  outer loop
    vertex -0.6054228587 -0.7007034919 0.1
    vertex -0.7007034919 -0.6054228587 0.1
    vertex -0.6755873699 -0.6755873699 0.1
  endloop
endfacet
facet normal 0.0 0.0 -1.0
  outer loop
    vertex -0.6054228587 -0.7007034919 0.0
    vertex -0.7007034919 -0.6054228587 0.0
    vertex -0.5523004264 -0.5523004264 0.0
  endloop
endfacet
facet normal 0.0 0.0 -1.0
  outer loop
    vertex -0.6054228587 -0.7007034919 0.0
    vertex -0.6755873699 -0.6755873699 0.0
    vertex -0.7007034919 -0.6054228587 0.0
  endloop
endfacet
facet normal 0.9414978398 -0.3370190168 0.0
  outer loop
    vertex -0.6054228587 -0.7007034919 0.0
    vertex -0.5523004264 -0.5523004264 0.0
    vertex -0.5523004264 -0.5523004264 0.1
  endloop
endfacet
facet normal 0.9414978398 -0.3370190168 0.0
  outer loop
    vertex -0.6054228587 -0.7007034919 0.0
    vertex -0.5523004264 -0.5523004264 0.1
    vertex -0.6054228587 -0.7007034919 0.1
  endloop
endfacet
facet normal -0.3370190168 0.9414978398 0.0
  outer loop
    vertex -0.5523004264 -0.5523004264 0.0
    vertex -0.7007034919 -0.6054228587 0.0
    vertex -0.7007034919 -0.6054228587 0.1
  endloop
endfacet
facet normal -0.3370190168 0.9414978398 0.0
  outer loop
    vertex -0.5523004264 -0.5523004264 0.0
    vertex -0.7007034919 -0.6054228587 0.1
    vertex -0.5523004264 -0.5523004264 0.1
  endloop
endfacet
facet normal -0.9414978398 -0.3370190168 0.0
  outer loop
    vertex -0.7007034919 -0.6054228587 0.0
    vertex -0.6755873699 -0.6755873699 0.0
    vertex -0.6755873699 -0.6755873699 0.1
  endloop
endfacet
facet normal -0.9414978398 -0.3370190168 0.0
  outer loop
    vertex -0.7007034919 -0.6054228587 0.0
    vertex -0.6755873699 -0.6755873699 0.1
    vertex -0.7007034919 -0.6054228587 0.1
  endloop
endfacet
facet normal -0.3370190168 -0.9414978398 0.0
  outer loop
    vertex -0.6755873699 -0.6755873699 0.0
    vertex -0.6054228587 -0.7007034919 0.0
    vertex -0.6054228587 -0.7007034919 0.1
  endloop
endfacet
facet normal -0.3370190168 -0.9414978398 0.0
  outer loop
    vertex -0.6755873699 -0.6755873699 0.0
    vertex -0.6054228587 -0.7007034919 0.1
    vertex -0.6755873699 -0.6755873699 0.1
  endloop
endfacet
facet normal 0.0 0.0 1.0
  outer loop
    vertex -0.777234391 -0.5899786759 0.1
    vertex -0.7562485881 -0.6150020088 0.1
    vertex -0.7007034919 -0.6054228587 0.1
  endloop
endfacet
facet normal -0.0 0.0 1.0
  outer loop
    vertex -0.777234391 -0.5899786759 0.1
    vertex -0.7007034919 -0.6054228587 0.1
    vertex -0.7624613638 -0.5399781362 0.1
  endloop
endfacet
facet normal 0.0 0.0 -1.0
  outer loop
    vertex -0.777234391 -0.5899786759 0.0
    vertex -0.7007034919 -0.6054228587 0.0
    vertex -0.7562485881 -0.6150020088 0.0
  endloop
endfacet
facet normal 0.0 0.0 -1.0
  outer loop
    vertex -0.777234391 -0.5899786759 0.0
    vertex -0.7624613638 -0.5399781362 0.0
    vertex -0.7007034919 -0.6054228587 0.0
  endloop
endfacet
facet normal -0.7662142853 -0.6425851453 0.0
  outer loop
    vertex -0.777234391 -0.5899786759 0.0
    vertex -0.7562485881 -0.6150020088 0.0
    vertex -0.7562485881 -0.6150020088 0.1
  endloop
endfacet
facet normal -0.7662142853 -0.6425851453 0.0
  outer loop
    vertex -0.777234391 -0.5899786759 0.0
    vertex -0.7562485881 -0.6150020088 0.1
    vertex -0.777234391 -0.5899786759 0.1
  endloop
endfacet
facet normal 0.1699484283 -0.9854529576 0.0
  outer loop
    vertex -0.7562485881 -0.6150020088 0.0
    vertex -0.7007034919 -0.6054228587 0.0
    vertex -0.7007034919 -0.6054228587 0.1
  endloop
endfacet
facet normal 0.1699484283 -0.9854529576 0.0
  outer loop
    vertex -0.7562485881 -0.6150020088 0.0
    vertex -0.7007034919 -0.6054228587 0.1
    vertex -0.7562485881 -0.6150020088 0.1
  endloop
endfacet
facet normal 0.7272961943 0.6863237179 0.0
  outer loop
    vertex -0.7007034919 -0.6054228587 0.0
    vertex -0.7624613638 -0.5399781362 0.0
    vertex -0.7624613638 -0.5399781362 0.1
  endloop
endfacet
facet normal 0.7272961943 0.6863237179 -0.0
  outer loop
    vertex -0.7007034919 -0.6054228587 0.0
    vertex -0.7624613638 -0.5399781362 0.1
    vertex -0.7007034919 -0.6054228587 0.1
  endloop
endfacet
facet normal -0.9590169757 0.2833486199 0.0
  outer loop
    vertex -0.7624613638 -0.5399781362 0.0
    vertex -0.777234391 -0.5899786759 0.0
    vertex -0.777234391 -0.5899786759 0.1
  endloop
endfacet
facet normal -0.9590169757 0.2833486199 0.0
  outer loop
    vertex -0.7624613638 -0.5399781362 0.0
    vertex -0.777234391 -0.5899786759 0.1
    vertex -0.7624613638 -0.5399781362 0.1
  endloop
endfacet
facet normal 0.0 0.0 1.0
  outer loop
    vertex -0.7315653281 -0.414735556 0.1
    vertex -0.8315584884 -0.4629975389 0.1
    vertex -0.8181434808 -0.514112025 0.1
  endloop
endfacet
facet normal 0.0 0.0 1.0
  outer loop
    vertex -0.7315653281 -0.414735556 0.1
    vertex -0.8181434808 -0.514112025 0.1
    vertex -0.7624613638 -0.5399781362 0.1
  endloop
endfacet
facet normal 0.0 0.0 -1.0
  outer loop
    vertex -0.7315653281 -0.414735556 0.0
    vertex -0.8181434808 -0.514112025 0.0
    vertex -0.8315584884 -0.4629975389 0.0
  endloop
endfacet
facet normal 0.0 0.0 -1.0
  outer loop
    vertex -0.7315653281 -0.414735556 0.0
    vertex -0.7624613638 -0.5399781362 0.0
    vertex -0.8181434808 -0.514112025 0.0
  endloop
endfacet
facet normal -0.434671806 0.9005889301 0.0
  outer loop
    vertex -0.7315653281 -0.414735556 0.0
    vertex -0.8315584884 -0.4629975389 0.0
    vertex -0.8315584884 -0.4629975389 0.1
  endloop
endfacet
facet normal -0.434671806 0.9005889301 0.0
  outer loop
    vertex -0.7315653281 -0.414735556 0.0
    vertex -0.8315584884 -0.4629975389 0.1
    vertex -0.7315653281 -0.414735556 0.1
  endloop
endfacet
facet normal -0.9672427913 -0.2538530731 0.0
  outer loop
    vertex -0.8315584884 -0.4629975389 0.0
    vertex -0.8181434808 -0.514112025 0.0
    vertex -0.8181434808 -0.514112025 0.1
  endloop
endfacet
facet normal -0.9672427913 -0.2538530731 0.0
  outer loop
    vertex -0.8315584884 -0.4629975389 0.0
    vertex -0.8181434808 -0.514112025 0.1
    vertex -0.8315584884 -0.4629975389 0.1
  endloop
endfacet
facet normal -0.4212948631 -0.9069237224 0.0
  outer loop
    vertex -0.8181434808 -0.514112025 0.0
    vertex -0.7624613638 -0.5399781362 0.0
    vertex -0.7624613638 -0.5399781362 0.1
  endloop
endfacet
facet normal -0.4212948631 -0.9069237224 0.0
  outer loop
    vertex -0.8181434808 -0.514112025 0.0
    vertex -0.7624613638 -0.5399781362 0.1
    vertex -0.8181434808 -0.514112025 0.1
  endloop
endfacet
facet normal 0.970894042 -0.2395094137 0.0
  outer loop
    vertex -0.7624613638 -0.5399781362 0.0
    vertex -0.7315653281 -0.414735556 0.0
    vertex -0.7315653281 -0.414735556 0.1
  endloop
endfacet
facet normal 0.970894042 -0.2395094137 0.0
  outer loop
    vertex -0.7624613638 -0.5399781362 0.0
    vertex -0.7315653281 -0.414735556 0.1
    vertex -0.7624613638 -0.5399781362 0.1
  endloop
endfacet
facet normal 0.0 0.0 1.0
  outer loop
    vertex -0.414735556 -0.7315653281 0.1
    vertex -0.5523004264 -0.5523004264 0.1
    vertex -0.6054228587 -0.7007034919 0.1
  endloop
endfacet
facet normal 0.0 0.0 1.0
  outer loop
    vertex -0.414735556 -0.7315653281 0.1
    vertex -0.6054228587 -0.7007034919 0.1
    vertex -0.5399781362 -0.7624613638 0.1
  endloop
endfacet
facet normal 0.0 0.0 -1.0
  outer loop
    vertex -0.414735556 -0.7315653281 0.0
    vertex -0.6054228587 -0.7007034919 0.0
    vertex -0.5523004264 -0.5523004264 0.0
  endloop
endfacet
facet normal -0.0 0.0 -1.0
  outer loop
    vertex -0.414735556 -0.7315653281 0.0
    vertex -0.5399781362 -0.7624613638 0.0
    vertex -0.6054228587 -0.7007034919 0.0
  endloop
endfacet
facet normal 0.7933318097 0.6087894872 0.0
  outer loop
    vertex -0.414735556 -0.7315653281 0.0
    vertex -0.5523004264 -0.5523004264 0.0
    vertex -0.5523004264 -0.5523004264 0.1
  endloop
endfacet
facet normal 0.7933318097 0.6087894872 -0.0
  outer loop
    vertex -0.414735556 -0.7315653281 0.0
    vertex -0.5523004264 -0.5523004264 0.1
    vertex -0.414735556 -0.7315653281 0.1
  endloop
endfacet
facet normal -0.9414978398 0.3370190168 0.0
  outer loop
    vertex -0.5523004264 -0.5523004264 0.0
    vertex -0.6054228587 -0.7007034919 0.0
    vertex -0.6054228587 -0.7007034919 0.1
  endloop
endfacet
facet normal -0.9414978398 0.3370190168 0.0
  outer loop
    vertex -0.5523004264 -0.5523004264 0.0
    vertex -0.6054228587 -0.7007034919 0.1
    vertex -0.5523004264 -0.5523004264 0.1
  endloop
endfacet
facet normal -0.6863237179 -0.7272961943 0.0
  outer loop
    vertex -0.6054228587 -0.7007034919 0.0
    vertex -0.5399781362 -0.7624613638 0.0
    vertex -0.5399781362 -0.7624613638 0.1
  endloop
endfacet
facet normal -0.6863237179 -0.7272961943 0.0
  outer loop
    vertex -0.6054228587 -0.7007034919 0.0
    vertex -0.5399781362 -0.7624613638 0.1
    vertex -0.6054228587 -0.7007034919 0.1
  endloop
endfacet
facet normal 0.2395094137 -0.970894042 0.0
  outer loop
    vertex -0.5399781362 -0.7624613638 0.0
    vertex -0.414735556 -0.7315653281 0.0
    vertex -0.414735556 -0.7315653281 0.1
  endloop
endfacet
facet normal 0.2395094137 -0.970894042 0.0
  outer loop
    vertex -0.5399781362 -0.7624613638 0.0
    vertex -0.414735556 -0.7315653281 0.1
    vertex -0.5399781362 -0.7624613638 0.1
  endloop
endfacet
facet normal 0.0 -0.0 1.0
  outer loop
    vertex 0.1640000502 -0.6947153611 0.1
    vertex 0.281411123 -0.281411123 0.1
    vertex -0.281411123 -0.281411123 0.1
  endloop
endfacet
facet normal 0.0 0.0 1.0
  outer loop
    vertex 0.1640000502 -0.6947153611 0.1
    vertex -0.281411123 -0.281411123 0.1
    vertex -0.1640000502 -0.6947153611 0.1
  endloop
endfacet
facet normal 0.0 0.0 -1.0
  outer loop
    vertex 0.1640000502 -0.6947153611 0.0
    vertex -0.281411123 -0.281411123 0.0
    vertex 0.281411123 -0.281411123 0.0
  endloop
endfacet
facet normal 0.0 0.0 -1.0
  outer loop
    vertex 0.1640000502 -0.6947153611 0.0
    vertex -0.1640000502 -0.6947153611 0.0
    vertex -0.281411123 -0.281411123 0.0
  endloop
endfacet
facet normal 0.9619383578 -0.2732665289 0.0
  outer loop
    vertex 0.1640000502 -0.6947153611 0.0
    vertex 0.281411123 -0.281411123 0.0
    vertex 0.281411123 -0.281411123 0.1
  endloop
endfacet
facet normal 0.9619383578 -0.2732665289 0.0
  outer loop
    vertex 0.1640000502 -0.6947153611 0.0
    vertex 0.281411123 -0.281411123 0.1
    vertex 0.1640000502 -0.6947153611 0.1
  endloop
endfacet
facet normal 0.0 1.0 0.0
  outer loop
    vertex 0.281411123 -0.281411123 0.0
    vertex -0.281411123 -0.281411123 0.0
    vertex -0.281411123 -0.281411123 0.1
  endloop
endfacet
facet normal 0.0 1.0 -0.0
  outer loop
    vertex 0.281411123 -0.281411123 0.0
    vertex -0.281411123 -0.281411123 0.1
    vertex 0.281411123 -0.281411123 0.1
  endloop
endfacet
facet normal -0.9619383578 -0.2732665289 0.0
  outer loop
    vertex -0.281411123 -0.281411123 0.0
    vertex -0.1640000502 -0.6947153611 0.0
    vertex -0.1640000502 -0.6947153611 0.1
  endloop
endfacet
facet normal -0.9619383578 -0.2732665289 0.0
  outer loop
    vertex -0.281411123 -0.281411123 0.0
    vertex -0.1640000502 -0.6947153611 0.1
    vertex -0.281411123 -0.281411123 0.1
  endloop
endfacet
facet normal -0.0 -1.0 0.0
  outer loop
    vertex -0.1640000502 -0.6947153611 0.0
    vertex 0.1640000502 -0.6947153611 0.0
    vertex 0.1640000502 -0.6947153611 0.1
  endloop
endfacet
facet normal -0.0 -1.0 0.0
  outer loop
    vertex -0.1640000502 -0.6947153611 0.0
    vertex 0.1640000502 -0.6947153611 0.1
    vertex -0.1640000502 -0.6947153611 0.1
  endloop
endfacet
facet normal 0.0 0.0 1.0
  outer loop
    vertex -0.414735556 -0.7315653281 0.1
    vertex -0.3559749225 -0.8548707948 0.1
    vertex -0.251036924 -0.8716343299 0.1
  endloop
endfacet
facet normal -0.0 0.0 1.0
  outer loop
    vertex -0.414735556 -0.7315653281 0.1
    vertex -0.251036924 -0.8716343299 0.1
    vertex -0.1640000502 -0.6947153611 0.1
  endloop
endfacet
facet normal 0.0 0.0 -1.0
  outer loop
    vertex -0.414735556 -0.7315653281 0.0
    vertex -0.251036924 -0.8716343299 0.0
    vertex -0.3559749225 -0.8548707948 0.0
  endloop
endfacet
facet normal 0.0 0.0 -1.0
  outer loop
    vertex -0.414735556 -0.7315653281 0.0
    vertex -0.1640000502 -0.6947153611 0.0
    vertex -0.251036924 -0.8716343299 0.0
  endloop
endfacet
facet normal -0.9027361657 -0.4301946247 0.0
  outer loop
    vertex -0.414735556 -0.7315653281 0.0
    vertex -0.3559749225 -0.8548707948 0.0
    vertex -0.3559749225 -0.8548707948 0.1
  endloop
endfacet
facet normal -0.9027361657 -0.4301946247 0.0
  outer loop
    vertex -0.414735556 -0.7315653281 0.0
    vertex -0.3559749225 -0.8548707948 0.1
    vertex -0.414735556 -0.7315653281 0.1
  endloop
endfacet
facet normal -0.1577469423 -0.9874795705 0.0
  outer loop
    vertex -0.3559749225 -0.8548707948 0.0
    vertex -0.251036924 -0.8716343299 0.0
    vertex -0.251036924 -0.8716343299 0.1
  endloop
endfacet
facet normal -0.1577469423 -0.9874795705 0.0
  outer loop
    vertex -0.3559749225 -0.8548707948 0.0
    vertex -0.251036924 -0.8716343299 0.1
    vertex -0.3559749225 -0.8548707948 0.1
  endloop
endfacet
facet normal 0.8972946347 -0.4414321449 0.0
  outer loop
    vertex -0.251036924 -0.8716343299 0.0
    vertex -0.1640000502 -0.6947153611 0.0
    vertex -0.1640000502 -0.6947153611 0.1
  endloop
endfacet
facet normal 0.8972946347 -0.4414321449 0.0
  outer loop
    vertex -0.251036924 -0.8716343299 0.0
    vertex -0.1640000502 -0.6947153611 0.1
    vertex -0.251036924 -0.8716343299 0.1
  endloop
endfacet
facet normal -0.1454055362 0.9893721393 0.0
  outer loop
    vertex -0.1640000502 -0.6947153611 0.0
    vertex -0.414735556 -0.7315653281 0.0
    vertex -0.414735556 -0.7315653281 0.1
  endloop
endfacet
facet normal -0.1454055362 0.9893721393 0.0
  outer loop
    vertex -0.1640000502 -0.6947153611 0.0
    vertex -0.414735556 -0.7315653281 0.1
    vertex -0.1640000502 -0.6947153611 0.1
  endloop
endfacet
facet normal 0.0 0.0 1.0
  outer loop
    vertex -0.7315653281 -0.414735556 0.1
    vertex -0.8548707948 -0.3559749225 0.1
    vertex -0.8670666116 -0.421780787 0.1
  endloop
endfacet
facet normal 0.0 0.0 1.0
  outer loop
    vertex -0.7315653281 -0.414735556 0.1
    vertex -0.8670666116 -0.421780787 0.1
    vertex -0.8315584884 -0.4629975389 0.1
  endloop
endfacet
facet normal -0.0 0.0 -1.0
  outer loop
    vertex -0.7315653281 -0.414735556 0.0
    vertex -0.8670666116 -0.421780787 0.0
    vertex -0.8548707948 -0.3559749225 0.0
  endloop
endfacet
facet normal 0.0 0.0 -1.0
  outer loop
    vertex -0.7315653281 -0.414735556 0.0
    vertex -0.8315584884 -0.4629975389 0.0
    vertex -0.8670666116 -0.421780787 0.0
  endloop
endfacet
facet normal 0.4301946247 0.9027361657 0.0
  outer loop
    vertex -0.7315653281 -0.414735556 0.0
    vertex -0.8548707948 -0.3559749225 0.0
    vertex -0.8548707948 -0.3559749225 0.1
  endloop
endfacet
facet normal 0.4301946247 0.9027361657 -0.0
  outer loop
    vertex -0.7315653281 -0.414735556 0.0
    vertex -0.8548707948 -0.3559749225 0.1
    vertex -0.7315653281 -0.414735556 0.1
  endloop
endfacet
facet normal -0.9832564585 0.1822271572 0.0
  outer loop
    vertex -0.8548707948 -0.3559749225 0.0
    vertex -0.8670666116 -0.421780787 0.0
    vertex -0.8670666116 -0.421780787 0.1
  endloop
endfacet
facet normal -0.9832564585 0.1822271572 0.0
  outer loop
    vertex -0.8548707948 -0.3559749225 0.0
    vertex -0.8670666116 -0.421780787 0.1
    vertex -0.8548707948 -0.3559749225 0.1
  endloop
endfacet
facet normal -0.757624087 -0.6526911542 0.0
  outer loop
    vertex -0.8670666116 -0.421780787 0.0
    vertex -0.8315584884 -0.4629975389 0.0
    vertex -0.8315584884 -0.4629975389 0.1
  endloop
endfacet
facet normal -0.757624087 -0.6526911542 0.0
  outer loop
    vertex -0.8670666116 -0.421780787 0.0
    vertex -0.8315584884 -0.4629975389 0.1
    vertex -0.8670666116 -0.421780787 0.1
  endloop
endfacet
facet normal 0.434671806 -0.9005889301 0.0
  outer loop
    vertex -0.8315584884 -0.4629975389 0.0
    vertex -0.7315653281 -0.414735556 0.0
    vertex -0.7315653281 -0.414735556 0.1
  endloop
endfacet
facet normal 0.434671806 -0.9005889301 0.0
  outer loop
    vertex -0.8315584884 -0.4629975389 0.0
    vertex -0.7315653281 -0.414735556 0.1
    vertex -0.8315584884 -0.4629975389 0.1
  endloop
endfacet
facet normal -0.0 0.0 1.0
  outer loop
    vertex -0.9114032891 -0.3365342167 0.1
    vertex -0.8548707948 -0.3559749225 0.1
    vertex -0.8716343299 -0.251036924 0.1
  endloop
endfacet
facet normal 0.0 -0.0 1.0
  outer loop
    vertex -0.9114032891 -0.3365342167 0.1
    vertex -0.8716343299 -0.251036924 0.1
    vertex -0.9218816032 -0.2989201813 0.1
  endloop
endfacet
facet normal 0.0 0.0 -1.0
  outer loop
    vertex -0.9114032891 -0.3365342167 0.0
    vertex -0.8716343299 -0.251036924 0.0
    vertex -0.8548707948 -0.3559749225 0.0
  endloop
endfacet
facet normal 0.0 0.0 -1.0
  outer loop
    vertex -0.9114032891 -0.3365342167 0.0
    vertex -0.9218816032 -0.2989201813 0.0
    vertex -0.8716343299 -0.251036924 0.0
  endloop
endfacet
facet normal -0.3251943718 -0.9456471967 0.0
  outer loop
    vertex -0.9114032891 -0.3365342167 0.0
    vertex -0.8548707948 -0.3559749225 0.0
    vertex -0.8548707948 -0.3559749225 0.1
  endloop
endfacet
facet normal -0.3251943718 -0.9456471967 0.0
  outer loop
    vertex -0.9114032891 -0.3365342167 0.0
    vertex -0.8548707948 -0.3559749225 0.1
    vertex -0.9114032891 -0.3365342167 0.1
  endloop
endfacet
facet normal 0.9874795705 0.1577469423 0.0
  outer loop
    vertex -0.8548707948 -0.3559749225 0.0
    vertex -0.8716343299 -0.251036924 0.0
    vertex -0.8716343299 -0.251036924 0.1
  endloop
endfacet
facet normal 0.9874795705 0.1577469423 -0.0
  outer loop
    vertex -0.8548707948 -0.3559749225 0.0
    vertex -0.8716343299 -0.251036924 0.1
    vertex -0.8548707948 -0.3559749225 0.1
  endloop
endfacet
facet normal -0.6898720516 0.7239313175 0.0
  outer loop
    vertex -0.8716343299 -0.251036924 0.0
    vertex -0.9218816032 -0.2989201813 0.0
    vertex -0.9218816032 -0.2989201813 0.1
  endloop
endfacet
facet normal -0.6898720516 0.7239313175 0.0
  outer loop
    vertex -0.8716343299 -0.251036924 0.0
    vertex -0.9218816032 -0.2989201813 0.1
    vertex -0.8716343299 -0.251036924 0.1
  endloop
endfacet
facet normal -0.9633197043 -0.268356381 0.0
  outer loop
    vertex -0.9218816032 -0.2989201813 0.0
    vertex -0.9114032891 -0.3365342167 0.0
    vertex -0.9114032891 -0.3365342167 0.1
  endloop
endfacet
facet normal -0.9633197043 -0.268356381 0.0
  outer loop
    vertex -0.9218816032 -0.2989201813 0.0
    vertex -0.9114032891 -0.3365342167 0.1
    vertex -0.9218816032 -0.2989201813 0.1
  endloop
endfacet
facet normal 0.0 0.0 1.0
  outer loop
    vertex -0.886810066 -0.0697824862 0.1
    vertex -0.9232632613 -0.1687208192 0.1
    vertex -0.8716343299 -0.251036924 0.1
  endloop
endfacet
facet normal 0.0 0.0 1.0
  outer loop
    vertex -0.886810066 -0.0697824862 0.1
    vertex -0.8716343299 -0.251036924 0.1
    vertex -0.6947153611 -0.1640000502 0.1
  endloop
endfacet
facet normal 0.0 -0.0 -1.0
  outer loop
    vertex -0.886810066 -0.0697824862 0.0
    vertex -0.8716343299 -0.251036924 0.0
    vertex -0.9232632613 -0.1687208192 0.0
  endloop
endfacet
facet normal 0.0 0.0 -1.0
  outer loop
    vertex -0.886810066 -0.0697824862 0.0
    vertex -0.6947153611 -0.1640000502 0.0
    vertex -0.8716343299 -0.251036924 0.0
  endloop
endfacet
facet normal -0.9383362543 0.345723985 0.0
  outer loop
    vertex -0.886810066 -0.0697824862 0.0
    vertex -0.9232632613 -0.1687208192 0.0
    vertex -0.9232632613 -0.1687208192 0.1
  endloop
endfacet
facet normal -0.9383362543 0.345723985 0.0
  outer loop
    vertex -0.886810066 -0.0697824862 0.0
    vertex -0.9232632613 -0.1687208192 0.1
    vertex -0.886810066 -0.0697824862 0.1
  endloop
endfacet
facet normal -0.8471583507 -0.5313405018 0.0
  outer loop
    vertex -0.9232632613 -0.1687208192 0.0
    vertex -0.8716343299 -0.251036924 0.0
    vertex -0.8716343299 -0.251036924 0.1
  endloop
endfacet
facet normal -0.8471583507 -0.5313405018 0.0
  outer loop
    vertex -0.9232632613 -0.1687208192 0.0
    vertex -0.8716343299 -0.251036924 0.1
    vertex -0.9232632613 -0.1687208192 0.1
  endloop
endfacet
facet normal 0.4414321449 -0.8972946347 0.0
  outer loop
    vertex -0.8716343299 -0.251036924 0.0
    vertex -0.6947153611 -0.1640000502 0.0
    vertex -0.6947153611 -0.1640000502 0.1
  endloop
endfacet
facet normal 0.4414321449 -0.8972946347 0.0
  outer loop
    vertex -0.8716343299 -0.251036924 0.0
    vertex -0.6947153611 -0.1640000502 0.1
    vertex -0.8716343299 -0.251036924 0.1
  endloop
endfacet
facet normal 0.4403587861 0.8978218863 0.0
  outer loop
    vertex -0.6947153611 -0.1640000502 0.0
    vertex -0.886810066 -0.0697824862 0.0
    vertex -0.886810066 -0.0697824862 0.1
  endloop
endfacet
facet normal 0.4403587861 0.8978218863 -0.0
  outer loop
    vertex -0.6947153611 -0.1640000502 0.0
    vertex -0.886810066 -0.0697824862 0.1
    vertex -0.6947153611 -0.1640000502 0.1
  endloop
endfacet
facet normal -0.0 0.0 1.0
  outer loop
    vertex -0.9616876626 0.0939508867 0.1
    vertex -0.886810066 0.0697824862 0.1
    vertex -0.9232632613 0.1687208192 0.1
  endloop
endfacet
facet normal 0.0 -0.0 1.0
  outer loop
    vertex -0.9616876626 0.0939508867 0.1
    vertex -0.9232632613 0.1687208192 0.1
    vertex -0.9636261631 0.1337538377 0.1
  endloop
endfacet
facet normal 0.0 0.0 -1.0
  outer loop
    vertex -0.9616876626 0.0939508867 0.0
    vertex -0.9232632613 0.1687208192 0.0
    vertex -0.886810066 0.0697824862 0.0
  endloop
endfacet
facet normal 0.0 0.0 -1.0
  outer loop
    vertex -0.9616876626 0.0939508867 0.0
    vertex -0.9636261631 0.1337538377 0.0
    vertex -0.9232632613 0.1687208192 0.0
  endloop
endfacet
facet normal -0.3071678175 -0.951655364 0.0
  outer loop
    vertex -0.9616876626 0.0939508867 0.0
    vertex -0.886810066 0.0697824862 0.0
    vertex -0.886810066 0.0697824862 0.1
  endloop
endfacet
facet normal -0.3071678175 -0.951655364 0.0
  outer loop
    vertex -0.9616876626 0.0939508867 0.0
    vertex -0.886810066 0.0697824862 0.1
    vertex -0.9616876626 0.0939508867 0.1
  endloop
endfacet
facet normal 0.9383362543 0.345723985 0.0
  outer loop
    vertex -0.886810066 0.0697824862 0.0
    vertex -0.9232632613 0.1687208192 0.0
    vertex -0.9232632613 0.1687208192 0.1
  endloop
endfacet
facet normal 0.9383362543 0.345723985 -0.0
  outer loop
    vertex -0.886810066 0.0697824862 0.0
    vertex -0.9232632613 0.1687208192 0.1
    vertex -0.886810066 0.0697824862 0.1
  endloop
endfacet
facet normal -0.6547786758 0.7558206703 0.0
  outer loop
    vertex -0.9232632613 0.1687208192 0.0
    vertex -0.9636261631 0.1337538377 0.0
    vertex -0.9636261631 0.1337538377 0.1
  endloop
endfacet
facet normal -0.6547786758 0.7558206703 0.0
  outer loop
    vertex -0.9232632613 0.1687208192 0.0
    vertex -0.9636261631 0.1337538377 0.1
    vertex -0.9232632613 0.1687208192 0.1
  endloop
endfacet
facet normal -0.9988161421 -0.0486447755 0.0
  outer loop
    vertex -0.9636261631 0.1337538377 0.0
    vertex -0.9616876626 0.0939508867 0.0
    vertex -0.9616876626 0.0939508867 0.1
  endloop
endfacet
facet normal -0.9988161421 -0.0486447755 0.0
  outer loop
    vertex -0.9636261631 0.1337538377 0.0
    vertex -0.9616876626 0.0939508867 0.1
    vertex -0.9636261631 0.1337538377 0.1
  endloop
endfacet
facet normal 0.0 0.0 1.0
  outer loop
    vertex -0.939094954 0.245576314 0.1
    vertex -0.9514465599 0.211869869 0.1
    vertex -0.9232632613 0.1687208192 0.1
  endloop
endfacet
facet normal -0.0 0.0 1.0
  outer loop
    vertex -0.939094954 0.245576314 0.1
    vertex -0.9232632613 0.1687208192 0.1
    vertex -0.8716343299 0.251036924 0.1
  endloop
endfacet
facet normal 0.0 -0.0 -1.0
  outer loop
    vertex -0.939094954 0.245576314 0.0
    vertex -0.9232632613 0.1687208192 0.0
    vertex -0.9514465599 0.211869869 0.0
  endloop
endfacet
facet normal 0.0 0.0 -1.0
  outer loop
    vertex -0.939094954 0.245576314 0.0
    vertex -0.8716343299 0.251036924 0.0
    vertex -0.9232632613 0.1687208192 0.0
  endloop
endfacet
facet normal -0.9389431401 0.3440723465 0.0
  outer loop
    vertex -0.939094954 0.245576314 0.0
    vertex -0.9514465599 0.211869869 0.0
    vertex -0.9514465599 0.211869869 0.1
  endloop
endfacet
facet normal -0.9389431401 0.3440723465 0.0
  outer loop
    vertex -0.939094954 0.245576314 0.0
    vertex -0.9514465599 0.211869869 0.1
    vertex -0.939094954 0.245576314 0.1
  endloop
endfacet
facet normal -0.8372320624 -0.5468477609 0.0
  outer loop
    vertex -0.9514465599 0.211869869 0.0
    vertex -0.9232632613 0.1687208192 0.0
    vertex -0.9232632613 0.1687208192 0.1
  endloop
endfacet
facet normal -0.8372320624 -0.5468477609 0.0
  outer loop
    vertex -0.9514465599 0.211869869 0.0
    vertex -0.9232632613 0.1687208192 0.1
    vertex -0.9514465599 0.211869869 0.1
  endloop
endfacet
facet normal 0.8471583507 -0.5313405018 0.0
  outer loop
    vertex -0.9232632613 0.1687208192 0.0
    vertex -0.8716343299 0.251036924 0.0
    vertex -0.8716343299 0.251036924 0.1
  endloop
endfacet
facet normal 0.8471583507 -0.5313405018 0.0
  outer loop
    vertex -0.9232632613 0.1687208192 0.0
    vertex -0.8716343299 0.251036924 0.1
    vertex -0.9232632613 0.1687208192 0.1
  endloop
endfacet
facet normal -0.0806812593 0.9967399532 0.0
  outer loop
    vertex -0.8716343299 0.251036924 0.0
    vertex -0.939094954 0.245576314 0.0
    vertex -0.939094954 0.245576314 0.1
  endloop
endfacet
facet normal -0.0806812593 0.9967399532 0.0
  outer loop
    vertex -0.8716343299 0.251036924 0.0
    vertex -0.939094954 0.245576314 0.1
    vertex -0.8716343299 0.251036924 0.1
  endloop
endfacet
facet normal 0.0 0.0 1.0
  outer loop
    vertex -0.6947153611 0.1640000502 0.1
    vertex -0.7315653281 0.414735556 0.1
    vertex -0.8548707948 0.3559749225 0.1
  endloop
endfacet
facet normal 0.0 0.0 1.0
  outer loop
    vertex -0.6947153611 0.1640000502 0.1
    vertex -0.8548707948 0.3559749225 0.1
    vertex -0.8716343299 0.251036924 0.1
  endloop
endfacet
facet normal 0.0 0.0 -1.0
  outer loop
    vertex -0.6947153611 0.1640000502 0.0
    vertex -0.8548707948 0.3559749225 0.0
    vertex -0.7315653281 0.414735556 0.0
  endloop
endfacet
facet normal 0.0 0.0 -1.0
  outer loop
    vertex -0.6947153611 0.1640000502 0.0
    vertex -0.8716343299 0.251036924 0.0
    vertex -0.8548707948 0.3559749225 0.0
  endloop
endfacet
facet normal 0.9893721393 0.1454055362 0.0
  outer loop
    vertex -0.6947153611 0.1640000502 0.0
    vertex -0.7315653281 0.414735556 0.0
    vertex -0.7315653281 0.414735556 0.1
  endloop
endfacet
facet normal 0.9893721393 0.1454055362 -0.0
  outer loop
    vertex -0.6947153611 0.1640000502 0.0
    vertex -0.7315653281 0.414735556 0.1
    vertex -0.6947153611 0.1640000502 0.1
  endloop
endfacet
facet normal -0.4301946247 0.9027361657 0.0
  outer loop
    vertex -0.7315653281 0.414735556 0.0
    vertex -0.8548707948 0.3559749225 0.0
    vertex -0.8548707948 0.3559749225 0.1
  endloop
endfacet
facet normal -0.4301946247 0.9027361657 0.0
  outer loop
    vertex -0.7315653281 0.414735556 0.0
    vertex -0.8548707948 0.3559749225 0.1
    vertex -0.7315653281 0.414735556 0.1
  endloop
endfacet
facet normal -0.9874795705 0.1577469423 0.0
  outer loop
    vertex -0.8548707948 0.3559749225 0.0
    vertex -0.8716343299 0.251036924 0.0
    vertex -0.8716343299 0.251036924 0.1
  endloop
endfacet
facet normal -0.9874795705 0.1577469423 0.0
  outer loop
    vertex -0.8548707948 0.3559749225 0.0
    vertex -0.8716343299 0.251036924 0.1
    vertex -0.8548707948 0.3559749225 0.1
  endloop
endfacet
facet normal -0.4414321449 -0.8972946347 0.0
  outer loop
    vertex -0.8716343299 0.251036924 0.0
    vertex -0.6947153611 0.1640000502 0.0
    vertex -0.6947153611 0.1640000502 0.1
  endloop
endfacet
facet normal -0.4414321449 -0.8972946347 0.0
  outer loop
    vertex -0.8716343299 0.251036924 0.0
    vertex -0.6947153611 0.1640000502 0.1
    vertex -0.8716343299 0.251036924 0.1
  endloop
endfacet
facet normal 0.0 -0.0 1.0
  outer loop
    vertex -0.9599459677 0.0260228751 0.1
    vertex -0.886810066 0.0697824862 0.1
    vertex -0.9616876626 0.0939508867 0.1
  endloop
endfacet
facet normal 0.0 0.0 1.0
  outer loop
    vertex -0.9599459677 0.0260228751 0.1
    vertex -0.9616876626 0.0939508867 0.1
    vertex -0.9762294869 0.061227599 0.1
  endloop
endfacet
facet normal 0.0 0.0 -1.0
  outer loop
    vertex -0.9599459677 0.0260228751 0.0
    vertex -0.9616876626 0.0939508867 0.0
    vertex -0.886810066 0.0697824862 0.0
  endloop
endfacet
facet normal 0.0 0.0 -1.0
  outer loop
    vertex -0.9599459677 0.0260228751 0.0
    vertex -0.9762294869 0.061227599 0.0
    vertex -0.9616876626 0.0939508867 0.0
  endloop
endfacet
facet normal 0.5134434297 -0.8581234436 0.0
  outer loop
    vertex -0.9599459677 0.0260228751 0.0
    vertex -0.886810066 0.0697824862 0.0
    vertex -0.886810066 0.0697824862 0.1
  endloop
endfacet
facet normal 0.5134434297 -0.8581234436 0.0
  outer loop
    vertex -0.9599459677 0.0260228751 0.0
    vertex -0.886810066 0.0697824862 0.1
    vertex -0.9599459677 0.0260228751 0.1
  endloop
endfacet
facet normal 0.3071678175 0.951655364 0.0
  outer loop
    vertex -0.886810066 0.0697824862 0.0
    vertex -0.9616876626 0.0939508867 0.0
    vertex -0.9616876626 0.0939508867 0.1
  endloop
endfacet
facet normal 0.3071678175 0.951655364 -0.0
  outer loop
    vertex -0.886810066 0.0697824862 0.0
    vertex -0.9616876626 0.0939508867 0.1
    vertex -0.886810066 0.0697824862 0.1
  endloop
endfacet
facet normal -0.9138308162 0.4060951113 0.0
  outer loop
    vertex -0.9616876626 0.0939508867 0.0
    vertex -0.9762294869 0.061227599 0.0
    vertex -0.9762294869 0.061227599 0.1
  endloop
endfacet
facet normal -0.9138308162 0.4060951113 0.0
  outer loop
    vertex -0.9616876626 0.0939508867 0.0
    vertex -0.9762294869 0.061227599 0.1
    vertex -0.9616876626 0.0939508867 0.1
  endloop
endfacet
facet normal -0.9076139336 -0.419805845 0.0
  outer loop
    vertex -0.9762294869 0.061227599 0.0
    vertex -0.9599459677 0.0260228751 0.0
    vertex -0.9599459677 0.0260228751 0.1
  endloop
endfacet
facet normal -0.9076139336 -0.419805845 0.0
  outer loop
    vertex -0.9762294869 0.061227599 0.0
    vertex -0.9599459677 0.0260228751 0.1
    vertex -0.9762294869 0.061227599 0.1
  endloop
endfacet
facet normal 0.0 0.0 1.0
  outer loop
    vertex -0.9762294869 -0.061227599 0.1
    vertex -0.9616876626 -0.0939508867 0.1
    vertex -0.886810066 -0.0697824862 0.1
  endloop
endfacet
facet normal -0.0 0.0 1.0
  outer loop
    vertex -0.9762294869 -0.061227599 0.1
    vertex -0.886810066 -0.0697824862 0.1
    vertex -0.9599459677 -0.0260228751 0.1
  endloop
endfacet
facet normal 0.0 0.0 -1.0
  outer loop
    vertex -0.9762294869 -0.061227599 0.0
    vertex -0.886810066 -0.0697824862 0.0
    vertex -0.9616876626 -0.0939508867 0.0
  endloop
endfacet
facet normal 0.0 0.0 -1.0
  outer loop
    vertex -0.9762294869 -0.061227599 0.0
    vertex -0.9599459677 -0.0260228751 0.0
    vertex -0.886810066 -0.0697824862 0.0
  endloop
endfacet
facet normal -0.9138308162 -0.4060951113 0.0
  outer loop
    vertex -0.9762294869 -0.061227599 0.0
    vertex -0.9616876626 -0.0939508867 0.0
    vertex -0.9616876626 -0.0939508867 0.1
  endloop
endfacet
facet normal -0.9138308162 -0.4060951113 0.0
  outer loop
    vertex -0.9762294869 -0.061227599 0.0
    vertex -0.9616876626 -0.0939508867 0.1
    vertex -0.9762294869 -0.061227599 0.1
  endloop
endfacet
facet normal 0.3071678175 -0.951655364 0.0
  outer loop
    vertex -0.9616876626 -0.0939508867 0.0
    vertex -0.886810066 -0.0697824862 0.0
    vertex -0.886810066 -0.0697824862 0.1
  endloop
endfacet
facet normal 0.3071678175 -0.951655364 0.0
  outer loop
    vertex -0.9616876626 -0.0939508867 0.0
    vertex -0.886810066 -0.0697824862 0.1
    vertex -0.9616876626 -0.0939508867 0.1
  endloop
endfacet
facet normal 0.5134434297 0.8581234436 0.0
  outer loop
    vertex -0.886810066 -0.0697824862 0.0
    vertex -0.9599459677 -0.0260228751 0.0
    vertex -0.9599459677 -0.0260228751 0.1
  endloop
endfacet
facet normal 0.5134434297 0.8581234436 -0.0
  outer loop
    vertex -0.886810066 -0.0697824862 0.0
    vertex -0.9599459677 -0.0260228751 0.1
    vertex -0.886810066 -0.0697824862 0.1
  endloop
endfacet
facet normal -0.9076139336 0.419805845 0.0
  outer loop
    vertex -0.9599459677 -0.0260228751 0.0
    vertex -0.9762294869 -0.061227599 0.0
    vertex -0.9762294869 -0.061227599 0.1
  endloop
endfacet
facet normal -0.9076139336 0.419805845 0.0
  outer loop
    vertex -0.9599459677 -0.0260228751 0.0
    vertex -0.9762294869 -0.061227599 0.1
    vertex -0.9599459677 -0.0260228751 0.1
  endloop
endfacet
facet normal 0.0 0.0 1.0
  outer loop
    vertex -0.9599459677 0.0260228751 0.1
    vertex -0.9860365067 0.009244182 0.1
    vertex -0.9860365067 -0.009244182 0.1
  endloop
endfacet
facet normal 0.0 0.0 1.0
  outer loop
    vertex -0.9599459677 0.0260228751 0.1
    vertex -0.9860365067 -0.009244182 0.1
    vertex -0.9599459677 -0.0260228751 0.1
  endloop
endfacet
facet normal 0.0 0.0 -1.0
  outer loop
    vertex -0.9599459677 0.0260228751 0.0
    vertex -0.9860365067 -0.009244182 0.0
    vertex -0.9860365067 0.009244182 0.0
  endloop
endfacet
facet normal 0.0 -0.0 -1.0
  outer loop
    vertex -0.9599459677 0.0260228751 0.0
    vertex -0.9599459677 -0.0260228751 0.0
    vertex -0.9860365067 -0.009244182 0.0
  endloop
endfacet
facet normal -0.5408990937 0.8410874927 0.0
  outer loop
    vertex -0.9599459677 0.0260228751 0.0
    vertex -0.9860365067 0.009244182 0.0
    vertex -0.9860365067 0.009244182 0.1
  endloop
endfacet
facet normal -0.5408990937 0.8410874927 0.0
  outer loop
    vertex -0.9599459677 0.0260228751 0.0
    vertex -0.9860365067 0.009244182 0.1
    vertex -0.9599459677 0.0260228751 0.1
  endloop
endfacet
facet normal -1.0 0.0 0.0
  outer loop
    vertex -0.9860365067 0.009244182 0.0
    vertex -0.9860365067 -0.009244182 0.0
    vertex -0.9860365067 -0.009244182 0.1
  endloop
endfacet
facet normal -1.0 0.0 0.0
  outer loop
    vertex -0.9860365067 0.009244182 0.0
    vertex -0.9860365067 -0.009244182 0.1
    vertex -0.9860365067 0.009244182 0.1
  endloop
endfacet
facet normal -0.5408990937 -0.8410874927 0.0
  outer loop
    vertex -0.9860365067 -0.009244182 0.0
    vertex -0.9599459677 -0.0260228751 0.0
    vertex -0.9599459677 -0.0260228751 0.1
  endloop
endfacet
facet normal -0.5408990937 -0.8410874927 0.0
  outer loop
    vertex -0.9860365067 -0.009244182 0.0
    vertex -0.9599459677 -0.0260228751 0.1
    vertex -0.9860365067 -0.009244182 0.1
  endloop
endfacet
facet normal 1.0 0.0 0.0
  outer loop
    vertex -0.9599459677 -0.0260228751 0.0
    vertex -0.9599459677 0.0260228751 0.0
    vertex -0.9599459677 0.0260228751 0.1
  endloop
endfacet
facet normal 1.0 0.0 0.0
  outer loop
    vertex -0.9599459677 -0.0260228751 0.0
    vertex -0.9599459677 0.0260228751 0.1
    vertex -0.9599459677 -0.0260228751 0.1
  endloop
endfacet
facet normal 0.0 0.0 1.0
  outer loop
    vertex -0.8716343299 -0.251036924 0.1
    vertex -0.9232632613 -0.1687208192 0.1
    vertex -0.9514465599 -0.211869869 0.1
  endloop
endfacet
facet normal 0.0 0.0 1.0
  outer loop
    vertex -0.8716343299 -0.251036924 0.1
    vertex -0.9514465599 -0.211869869 0.1
    vertex -0.939094954 -0.245576314 0.1
  endloop
endfacet
facet normal 0.0 0.0 -1.0
  outer loop
    vertex -0.8716343299 -0.251036924 0.0
    vertex -0.9514465599 -0.211869869 0.0
    vertex -0.9232632613 -0.1687208192 0.0
  endloop
endfacet
facet normal 0.0 0.0 -1.0
  outer loop
    vertex -0.8716343299 -0.251036924 0.0
    vertex -0.939094954 -0.245576314 0.0
    vertex -0.9514465599 -0.211869869 0.0
  endloop
endfacet
facet normal 0.8471583507 0.5313405018 0.0
  outer loop
    vertex -0.8716343299 -0.251036924 0.0
    vertex -0.9232632613 -0.1687208192 0.0
    vertex -0.9232632613 -0.1687208192 0.1
  endloop
endfacet
facet normal 0.8471583507 0.5313405018 -0.0
  outer loop
    vertex -0.8716343299 -0.251036924 0.0
    vertex -0.9232632613 -0.1687208192 0.1
    vertex -0.8716343299 -0.251036924 0.1
  endloop
endfacet
facet normal -0.8372320624 0.5468477609 0.0
  outer loop
    vertex -0.9232632613 -0.1687208192 0.0
    vertex -0.9514465599 -0.211869869 0.0
    vertex -0.9514465599 -0.211869869 0.1
  endloop
endfacet
facet normal -0.8372320624 0.5468477609 0.0
  outer loop
    vertex -0.9232632613 -0.1687208192 0.0
    vertex -0.9514465599 -0.211869869 0.1
    vertex -0.9232632613 -0.1687208192 0.1
  endloop
endfacet
facet normal -0.9389431401 -0.3440723465 0.0
  outer loop
    vertex -0.9514465599 -0.211869869 0.0
    vertex -0.939094954 -0.245576314 0.0
    vertex -0.939094954 -0.245576314 0.1
  endloop
endfacet
facet normal -0.9389431401 -0.3440723465 0.0
  outer loop
    vertex -0.9514465599 -0.211869869 0.0
    vertex -0.939094954 -0.245576314 0.1
    vertex -0.9514465599 -0.211869869 0.1
  endloop
endfacet
facet normal -0.0806812593 -0.9967399532 0.0
  outer loop
    vertex -0.939094954 -0.245576314 0.0
    vertex -0.8716343299 -0.251036924 0.0
    vertex -0.8716343299 -0.251036924 0.1
  endloop
endfacet
facet normal -0.0806812593 -0.9967399532 0.0
  outer loop
    vertex -0.939094954 -0.245576314 0.0
    vertex -0.8716343299 -0.251036924 0.1
    vertex -0.939094954 -0.245576314 0.1
  endloop
endfacet
facet normal -0.0 0.0 1.0
  outer loop
    vertex -0.9636261631 -0.1337538377 0.1
    vertex -0.9232632613 -0.1687208192 0.1
    vertex -0.886810066 -0.0697824862 0.1
  endloop
endfacet
facet normal 0.0 0.0 1.0
  outer loop
    vertex -0.9636261631 -0.1337538377 0.1
    vertex -0.886810066 -0.0697824862 0.1
    vertex -0.9616876626 -0.0939508867 0.1
  endloop
endfacet
facet normal 0.0 0.0 -1.0
  outer loop
    vertex -0.9636261631 -0.1337538377 0.0
    vertex -0.886810066 -0.0697824862 0.0
    vertex -0.9232632613 -0.1687208192 0.0
  endloop
endfacet
facet normal 0.0 0.0 -1.0
  outer loop
    vertex -0.9636261631 -0.1337538377 0.0
    vertex -0.9616876626 -0.0939508867 0.0
    vertex -0.886810066 -0.0697824862 0.0
  endloop
endfacet
facet normal -0.6547786758 -0.7558206703 0.0
  outer loop
    vertex -0.9636261631 -0.1337538377 0.0
    vertex -0.9232632613 -0.1687208192 0.0
    vertex -0.9232632613 -0.1687208192 0.1
  endloop
endfacet
facet normal -0.6547786758 -0.7558206703 0.0
  outer loop
    vertex -0.9636261631 -0.1337538377 0.0
    vertex -0.9232632613 -0.1687208192 0.1
    vertex -0.9636261631 -0.1337538377 0.1
  endloop
endfacet
facet normal 0.9383362543 -0.345723985 0.0
  outer loop
    vertex -0.9232632613 -0.1687208192 0.0
    vertex -0.886810066 -0.0697824862 0.0
    vertex -0.886810066 -0.0697824862 0.1
  endloop
endfacet
facet normal 0.9383362543 -0.345723985 0.0
  outer loop
    vertex -0.9232632613 -0.1687208192 0.0
    vertex -0.886810066 -0.0697824862 0.1
    vertex -0.9232632613 -0.1687208192 0.1
  endloop
endfacet
facet normal -0.3071678175 0.951655364 0.0
  outer loop
    vertex -0.886810066 -0.0697824862 0.0
    vertex -0.9616876626 -0.0939508867 0.0
    vertex -0.9616876626 -0.0939508867 0.1
  endloop
endfacet
facet normal -0.3071678175 0.951655364 0.0
  outer loop
    vertex -0.886810066 -0.0697824862 0.0
    vertex -0.9616876626 -0.0939508867 0.1
    vertex -0.886810066 -0.0697824862 0.1
  endloop
endfacet
facet normal -0.9988161421 0.0486447755 0.0
  outer loop
    vertex -0.9616876626 -0.0939508867 0.0
    vertex -0.9636261631 -0.1337538377 0.0
    vertex -0.9636261631 -0.1337538377 0.1
  endloop
endfacet
facet normal -0.9988161421 0.0486447755 0.0
  outer loop
    vertex -0.9616876626 -0.0939508867 0.0
    vertex -0.9636261631 -0.1337538377 0.1
    vertex -0.9616876626 -0.0939508867 0.1
  endloop
endfacet
facet normal 0.0 0.0 1.0
  outer loop
    vertex -0.8716343299 -0.251036924 0.1
    vertex -0.8548707948 -0.3559749225 0.1
    vertex -0.7315653281 -0.414735556 0.1
  endloop
endfacet
facet normal -0.0 0.0 1.0
  outer loop
    vertex -0.8716343299 -0.251036924 0.1
    vertex -0.7315653281 -0.414735556 0.1
    vertex -0.6947153611 -0.1640000502 0.1
  endloop
endfacet
facet normal 0.0 0.0 -1.0
  outer loop
    vertex -0.8716343299 -0.251036924 0.0
    vertex -0.7315653281 -0.414735556 0.0
    vertex -0.8548707948 -0.3559749225 0.0
  endloop
endfacet
facet normal 0.0 0.0 -1.0
  outer loop
    vertex -0.8716343299 -0.251036924 0.0
    vertex -0.6947153611 -0.1640000502 0.0
    vertex -0.7315653281 -0.414735556 0.0
  endloop
endfacet
facet normal -0.9874795705 -0.1577469423 0.0
  outer loop
    vertex -0.8716343299 -0.251036924 0.0
    vertex -0.8548707948 -0.3559749225 0.0
    vertex -0.8548707948 -0.3559749225 0.1
  endloop
endfacet
facet normal -0.9874795705 -0.1577469423 0.0
  outer loop
    vertex -0.8716343299 -0.251036924 0.0
    vertex -0.8548707948 -0.3559749225 0.1
    vertex -0.8716343299 -0.251036924 0.1
  endloop
endfacet
facet normal -0.4301946247 -0.9027361657 0.0
  outer loop
    vertex -0.8548707948 -0.3559749225 0.0
    vertex -0.7315653281 -0.414735556 0.0
    vertex -0.7315653281 -0.414735556 0.1
  endloop
endfacet
facet normal -0.4301946247 -0.9027361657 0.0
  outer loop
    vertex -0.8548707948 -0.3559749225 0.0
    vertex -0.7315653281 -0.414735556 0.1
    vertex -0.8548707948 -0.3559749225 0.1
  endloop
endfacet
facet normal 0.9893721393 -0.1454055362 0.0
  outer loop
    vertex -0.7315653281 -0.414735556 0.0
    vertex -0.6947153611 -0.1640000502 0.0
    vertex -0.6947153611 -0.1640000502 0.1
  endloop
endfacet
facet normal 0.9893721393 -0.1454055362 0.0
  outer loop
    vertex -0.7315653281 -0.414735556 0.0
    vertex -0.6947153611 -0.1640000502 0.1
    vertex -0.7315653281 -0.414735556 0.1
  endloop
endfacet
facet normal -0.4414321449 0.8972946347 0.0
  outer loop
    vertex -0.6947153611 -0.1640000502 0.0
    vertex -0.8716343299 -0.251036924 0.0
    vertex -0.8716343299 -0.251036924 0.1
  endloop
endfacet
facet normal -0.4414321449 0.8972946347 0.0
  outer loop
    vertex -0.6947153611 -0.1640000502 0.0
    vertex -0.8716343299 -0.251036924 0.1
    vertex -0.6947153611 -0.1640000502 0.1
  endloop
endfacet
facet normal 0.0 -0.0 1.0
  outer loop
    vertex -0.251036924 -0.8716343299 0.1
    vertex -0.1640000502 -0.6947153611 0.1
    vertex -0.414735556 -0.7315653281 0.1
  endloop
endfacet
facet normal 0.0 0.0 1.0
  outer loop
    vertex -0.251036924 -0.8716343299 0.1
    vertex -0.414735556 -0.7315653281 0.1
    vertex -0.3559749225 -0.8548707948 0.1
  endloop
endfacet
facet normal 0.0 0.0 -1.0
  outer loop
    vertex -0.251036924 -0.8716343299 0.0
    vertex -0.414735556 -0.7315653281 0.0
    vertex -0.1640000502 -0.6947153611 0.0
  endloop
endfacet
facet normal 0.0 0.0 -1.0
  outer loop
    vertex -0.251036924 -0.8716343299 0.0
    vertex -0.3559749225 -0.8548707948 0.0
    vertex -0.414735556 -0.7315653281 0.0
  endloop
endfacet
facet normal 0.8972946347 -0.4414321449 0.0
  outer loop
    vertex -0.251036924 -0.8716343299 0.0
    vertex -0.1640000502 -0.6947153611 0.0
    vertex -0.1640000502 -0.6947153611 0.1
  endloop
endfacet
facet normal 0.8972946347 -0.4414321449 0.0
  outer loop
    vertex -0.251036924 -0.8716343299 0.0
    vertex -0.1640000502 -0.6947153611 0.1
    vertex -0.251036924 -0.8716343299 0.1
  endloop
endfacet
facet normal -0.1454055362 0.9893721393 0.0
  outer loop
    vertex -0.1640000502 -0.6947153611 0.0
    vertex -0.414735556 -0.7315653281 0.0
    vertex -0.414735556 -0.7315653281 0.1
  endloop
endfacet
facet normal -0.1454055362 0.9893721393 0.0
  outer loop
    vertex -0.1640000502 -0.6947153611 0.0
    vertex -0.414735556 -0.7315653281 0.1
    vertex -0.1640000502 -0.6947153611 0.1
  endloop
endfacet
facet normal -0.9027361657 -0.4301946247 0.0
  outer loop
    vertex -0.414735556 -0.7315653281 0.0
    vertex -0.3559749225 -0.8548707948 0.0
    vertex -0.3559749225 -0.8548707948 0.1
  endloop
endfacet
facet normal -0.9027361657 -0.4301946247 0.0
  outer loop
    vertex -0.414735556 -0.7315653281 0.0
    vertex -0.3559749225 -0.8548707948 0.1
    vertex -0.414735556 -0.7315653281 0.1
  endloop
endfacet
facet normal -0.1577469423 -0.9874795705 0.0
  outer loop
    vertex -0.3559749225 -0.8548707948 0.0
    vertex -0.251036924 -0.8716343299 0.0
    vertex -0.251036924 -0.8716343299 0.1
  endloop
endfacet
facet normal -0.1577469423 -0.9874795705 0.0
  outer loop
    vertex -0.3559749225 -0.8548707948 0.0
    vertex -0.251036924 -0.8716343299 0.1
    vertex -0.3559749225 -0.8548707948 0.1
  endloop
endfacet
facet normal 0.0 0.0 1.0
  outer loop
    vertex -0.1337538377 -0.9636261631 0.1
    vertex -0.0939508867 -0.9616876626 0.1
    vertex -0.0697824862 -0.886810066 0.1
  endloop
endfacet
facet normal 0.0 -0.0 1.0
  outer loop
    vertex -0.1337538377 -0.9636261631 0.1
    vertex -0.0697824862 -0.886810066 0.1
    vertex -0.1687208192 -0.9232632613 0.1
  endloop
endfacet
facet normal 0.0 0.0 -1.0
  outer loop
    vertex -0.1337538377 -0.9636261631 0.0
    vertex -0.0697824862 -0.886810066 0.0
    vertex -0.0939508867 -0.9616876626 0.0
  endloop
endfacet
facet normal 0.0 0.0 -1.0
  outer loop
    vertex -0.1337538377 -0.9636261631 0.0
    vertex -0.1687208192 -0.9232632613 0.0
    vertex -0.0697824862 -0.886810066 0.0
  endloop
endfacet
facet normal 0.0486447755 -0.9988161421 0.0
  outer loop
    vertex -0.1337538377 -0.9636261631 0.0
    vertex -0.0939508867 -0.9616876626 0.0
    vertex -0.0939508867 -0.9616876626 0.1
  endloop
endfacet
facet normal 0.0486447755 -0.9988161421 0.0
  outer loop
    vertex -0.1337538377 -0.9636261631 0.0
    vertex -0.0939508867 -0.9616876626 0.1
    vertex -0.1337538377 -0.9636261631 0.1
  endloop
endfacet
facet normal 0.951655364 -0.3071678175 0.0
  outer loop
    vertex -0.0939508867 -0.9616876626 0.0
    vertex -0.0697824862 -0.886810066 0.0
    vertex -0.0697824862 -0.886810066 0.1
  endloop
endfacet
facet normal 0.951655364 -0.3071678175 0.0
  outer loop
    vertex -0.0939508867 -0.9616876626 0.0
    vertex -0.0697824862 -0.886810066 0.1
    vertex -0.0939508867 -0.9616876626 0.1
  endloop
endfacet
facet normal -0.345723985 0.9383362543 0.0
  outer loop
    vertex -0.0697824862 -0.886810066 0.0
    vertex -0.1687208192 -0.9232632613 0.0
    vertex -0.1687208192 -0.9232632613 0.1
  endloop
endfacet
facet normal -0.345723985 0.9383362543 0.0
  outer loop
    vertex -0.0697824862 -0.886810066 0.0
    vertex -0.1687208192 -0.9232632613 0.1
    vertex -0.0697824862 -0.886810066 0.1
  endloop
endfacet
facet normal -0.7558206703 -0.6547786758 0.0
  outer loop
    vertex -0.1687208192 -0.9232632613 0.0
    vertex -0.1337538377 -0.9636261631 0.0
    vertex -0.1337538377 -0.9636261631 0.1
  endloop
endfacet
facet normal -0.7558206703 -0.6547786758 0.0
  outer loop
    vertex -0.1687208192 -0.9232632613 0.0
    vertex -0.1337538377 -0.9636261631 0.1
    vertex -0.1687208192 -0.9232632613 0.1
  endloop
endfacet
facet normal 0.0 0.0 1.0
  outer loop
    vertex -0.251036924 -0.8716343299 0.1
    vertex -0.245576314 -0.939094954 0.1
    vertex -0.211869869 -0.9514465599 0.1
  endloop
endfacet
facet normal 0.0 0.0 1.0
  outer loop
    vertex -0.251036924 -0.8716343299 0.1
    vertex -0.211869869 -0.9514465599 0.1
    vertex -0.1687208192 -0.9232632613 0.1
  endloop
endfacet
facet normal 0.0 0.0 -1.0
  outer loop
    vertex -0.251036924 -0.8716343299 0.0
    vertex -0.211869869 -0.9514465599 0.0
    vertex -0.245576314 -0.939094954 0.0
  endloop
endfacet
facet normal 0.0 0.0 -1.0
  outer loop
    vertex -0.251036924 -0.8716343299 0.0
    vertex -0.1687208192 -0.9232632613 0.0
    vertex -0.211869869 -0.9514465599 0.0
  endloop
endfacet
facet normal -0.9967399532 -0.0806812593 0.0
  outer loop
    vertex -0.251036924 -0.8716343299 0.0
    vertex -0.245576314 -0.939094954 0.0
    vertex -0.245576314 -0.939094954 0.1
  endloop
endfacet
facet normal -0.9967399532 -0.0806812593 0.0
  outer loop
    vertex -0.251036924 -0.8716343299 0.0
    vertex -0.245576314 -0.939094954 0.1
    vertex -0.251036924 -0.8716343299 0.1
  endloop
endfacet
facet normal -0.3440723465 -0.9389431401 0.0
  outer loop
    vertex -0.245576314 -0.939094954 0.0
    vertex -0.211869869 -0.9514465599 0.0
    vertex -0.211869869 -0.9514465599 0.1
  endloop
endfacet
facet normal -0.3440723465 -0.9389431401 0.0
  outer loop
    vertex -0.245576314 -0.939094954 0.0
    vertex -0.211869869 -0.9514465599 0.1
    vertex -0.245576314 -0.939094954 0.1
  endloop
endfacet
facet normal 0.5468477609 -0.8372320624 0.0
  outer loop
    vertex -0.211869869 -0.9514465599 0.0
    vertex -0.1687208192 -0.9232632613 0.0
    vertex -0.1687208192 -0.9232632613 0.1
  endloop
endfacet
facet normal 0.5468477609 -0.8372320624 0.0
  outer loop
    vertex -0.211869869 -0.9514465599 0.0
    vertex -0.1687208192 -0.9232632613 0.1
    vertex -0.211869869 -0.9514465599 0.1
  endloop
endfacet
facet normal 0.5313405018 0.8471583507 0.0
  outer loop
    vertex -0.1687208192 -0.9232632613 0.0
    vertex -0.251036924 -0.8716343299 0.0
    vertex -0.251036924 -0.8716343299 0.1
  endloop
endfacet
facet normal 0.5313405018 0.8471583507 -0.0
  outer loop
    vertex -0.1687208192 -0.9232632613 0.0
    vertex -0.251036924 -0.8716343299 0.1
    vertex -0.1687208192 -0.9232632613 0.1
  endloop
endfacet
facet normal 0.0 0.0 1.0
  outer loop
    vertex 0.0260228751 -0.9599459677 0.1
    vertex -0.0260228751 -0.9599459677 0.1
    vertex -0.009244182 -0.9860365067 0.1
  endloop
endfacet
facet normal 0.0 0.0 1.0
  outer loop
    vertex 0.0260228751 -0.9599459677 0.1
    vertex -0.009244182 -0.9860365067 0.1
    vertex 0.009244182 -0.9860365067 0.1
  endloop
endfacet
facet normal 0.0 0.0 -1.0
  outer loop
    vertex 0.0260228751 -0.9599459677 0.0
    vertex -0.009244182 -0.9860365067 0.0
    vertex -0.0260228751 -0.9599459677 0.0
  endloop
endfacet
facet normal 0.0 0.0 -1.0
  outer loop
    vertex 0.0260228751 -0.9599459677 0.0
    vertex 0.009244182 -0.9860365067 0.0
    vertex -0.009244182 -0.9860365067 0.0
  endloop
endfacet
facet normal -0.0 1.0 0.0
  outer loop
    vertex 0.0260228751 -0.9599459677 0.0
    vertex -0.0260228751 -0.9599459677 0.0
    vertex -0.0260228751 -0.9599459677 0.1
  endloop
endfacet
facet normal -0.0 1.0 0.0
  outer loop
    vertex 0.0260228751 -0.9599459677 0.0
    vertex -0.0260228751 -0.9599459677 0.1
    vertex 0.0260228751 -0.9599459677 0.1
  endloop
endfacet
facet normal -0.8410874927 -0.5408990937 0.0
  outer loop
    vertex -0.0260228751 -0.9599459677 0.0
    vertex -0.009244182 -0.9860365067 0.0
    vertex -0.009244182 -0.9860365067 0.1
  endloop
endfacet
facet normal -0.8410874927 -0.5408990937 0.0
  outer loop
    vertex -0.0260228751 -0.9599459677 0.0
    vertex -0.009244182 -0.9860365067 0.1
    vertex -0.0260228751 -0.9599459677 0.1
  endloop
endfacet
facet normal 0.0 -1.0 0.0
  outer loop
    vertex -0.009244182 -0.9860365067 0.0
    vertex 0.009244182 -0.9860365067 0.0
    vertex 0.009244182 -0.9860365067 0.1
  endloop
endfacet
facet normal 0.0 -1.0 0.0
  outer loop
    vertex -0.009244182 -0.9860365067 0.0
    vertex 0.009244182 -0.9860365067 0.1
    vertex -0.009244182 -0.9860365067 0.1
  endloop
endfacet
facet normal 0.8410874927 -0.5408990937 0.0
  outer loop
    vertex 0.009244182 -0.9860365067 0.0
    vertex 0.0260228751 -0.9599459677 0.0
    vertex 0.0260228751 -0.9599459677 0.1
  endloop
endfacet
facet normal 0.8410874927 -0.5408990937 0.0
  outer loop
    vertex 0.009244182 -0.9860365067 0.0
    vertex 0.0260228751 -0.9599459677 0.1
    vertex 0.009244182 -0.9860365067 0.1
  endloop
endfacet
facet normal 0.0 -0.0 1.0
  outer loop
    vertex -0.061227599 -0.9762294869 0.1
    vertex -0.0260228751 -0.9599459677 0.1
    vertex -0.0697824862 -0.886810066 0.1
  endloop
endfacet
facet normal 0.0 0.0 1.0
  outer loop
    vertex -0.061227599 -0.9762294869 0.1
    vertex -0.0697824862 -0.886810066 0.1
    vertex -0.0939508867 -0.9616876626 0.1
  endloop
endfacet
facet normal 0.0 0.0 -1.0
  outer loop
    vertex -0.061227599 -0.9762294869 0.0
    vertex -0.0697824862 -0.886810066 0.0
    vertex -0.0260228751 -0.9599459677 0.0
  endloop
endfacet
facet normal 0.0 0.0 -1.0
  outer loop
    vertex -0.061227599 -0.9762294869 0.0
    vertex -0.0939508867 -0.9616876626 0.0
    vertex -0.0697824862 -0.886810066 0.0
  endloop
endfacet
facet normal 0.419805845 -0.9076139336 0.0
  outer loop
    vertex -0.061227599 -0.9762294869 0.0
    vertex -0.0260228751 -0.9599459677 0.0
    vertex -0.0260228751 -0.9599459677 0.1
  endloop
endfacet
facet normal 0.419805845 -0.9076139336 0.0
  outer loop
    vertex -0.061227599 -0.9762294869 0.0
    vertex -0.0260228751 -0.9599459677 0.1
    vertex -0.061227599 -0.9762294869 0.1
  endloop
endfacet
facet normal 0.8581234436 0.5134434297 0.0
  outer loop
    vertex -0.0260228751 -0.9599459677 0.0
    vertex -0.0697824862 -0.886810066 0.0
    vertex -0.0697824862 -0.886810066 0.1
  endloop
endfacet
facet normal 0.8581234436 0.5134434297 -0.0
  outer loop
    vertex -0.0260228751 -0.9599459677 0.0
    vertex -0.0697824862 -0.886810066 0.1
    vertex -0.0260228751 -0.9599459677 0.1
  endloop
endfacet
facet normal -0.951655364 0.3071678175 0.0
  outer loop
    vertex -0.0697824862 -0.886810066 0.0
    vertex -0.0939508867 -0.9616876626 0.0
    vertex -0.0939508867 -0.9616876626 0.1
  endloop
endfacet
facet normal -0.951655364 0.3071678175 0.0
  outer loop
    vertex -0.0697824862 -0.886810066 0.0
    vertex -0.0939508867 -0.9616876626 0.1
    vertex -0.0697824862 -0.886810066 0.1
  endloop
endfacet
facet normal -0.4060951113 -0.9138308162 0.0
  outer loop
    vertex -0.0939508867 -0.9616876626 0.0
    vertex -0.061227599 -0.9762294869 0.0
    vertex -0.061227599 -0.9762294869 0.1
  endloop
endfacet
facet normal -0.4060951113 -0.9138308162 0.0
  outer loop
    vertex -0.0939508867 -0.9616876626 0.0
    vertex -0.061227599 -0.9762294869 0.1
    vertex -0.0939508867 -0.9616876626 0.1
  endloop
endfacet
facet normal 0.0 0.0 1.0
  outer loop
    vertex 0.0260228751 -0.9599459677 0.1
    vertex 0.061227599 -0.9762294869 0.1
    vertex 0.0939508867 -0.9616876626 0.1
  endloop
endfacet
facet normal -0.0 0.0 1.0
  outer loop
    vertex 0.0260228751 -0.9599459677 0.1
    vertex 0.0939508867 -0.9616876626 0.1
    vertex 0.0697824862 -0.886810066 0.1
  endloop
endfacet
facet normal 0.0 0.0 -1.0
  outer loop
    vertex 0.0260228751 -0.9599459677 0.0
    vertex 0.0939508867 -0.9616876626 0.0
    vertex 0.061227599 -0.9762294869 0.0
  endloop
endfacet
facet normal 0.0 0.0 -1.0
  outer loop
    vertex 0.0260228751 -0.9599459677 0.0
    vertex 0.0697824862 -0.886810066 0.0
    vertex 0.0939508867 -0.9616876626 0.0
  endloop
endfacet
facet normal -0.419805845 -0.9076139336 0.0
  outer loop
    vertex 0.0260228751 -0.9599459677 0.0
    vertex 0.061227599 -0.9762294869 0.0
    vertex 0.061227599 -0.9762294869 0.1
  endloop
endfacet
facet normal -0.419805845 -0.9076139336 0.0
  outer loop
    vertex 0.0260228751 -0.9599459677 0.0
    vertex 0.061227599 -0.9762294869 0.1
    vertex 0.0260228751 -0.9599459677 0.1
  endloop
endfacet
facet normal 0.4060951113 -0.9138308162 0.0
  outer loop
    vertex 0.061227599 -0.9762294869 0.0
    vertex 0.0939508867 -0.9616876626 0.0
    vertex 0.0939508867 -0.9616876626 0.1
  endloop
endfacet
facet normal 0.4060951113 -0.9138308162 0.0
  outer loop
    vertex 0.061227599 -0.9762294869 0.0
    vertex 0.0939508867 -0.9616876626 0.1
    vertex 0.061227599 -0.9762294869 0.1
  endloop
endfacet
facet normal 0.951655364 0.3071678175 0.0
  outer loop
    vertex 0.0939508867 -0.9616876626 0.0
    vertex 0.0697824862 -0.886810066 0.0
    vertex 0.0697824862 -0.886810066 0.1
  endloop
endfacet
facet normal 0.951655364 0.3071678175 -0.0
  outer loop
    vertex 0.0939508867 -0.9616876626 0.0
    vertex 0.0697824862 -0.886810066 0.1
    vertex 0.0939508867 -0.9616876626 0.1
  endloop
endfacet
facet normal -0.8581234436 0.5134434297 0.0
  outer loop
    vertex 0.0697824862 -0.886810066 0.0
    vertex 0.0260228751 -0.9599459677 0.0
    vertex 0.0260228751 -0.9599459677 0.1
  endloop
endfacet
facet normal -0.8581234436 0.5134434297 0.0
  outer loop
    vertex 0.0697824862 -0.886810066 0.0
    vertex 0.0260228751 -0.9599459677 0.1
    vertex 0.0697824862 -0.886810066 0.1
  endloop
endfacet
facet normal 0.0 0.0 1.0
  outer loop
    vertex 0.1640000502 -0.6947153611 0.1
    vertex 0.251036924 -0.8716343299 0.1
    vertex 0.3559749225 -0.8548707948 0.1
  endloop
endfacet
facet normal 0.0 0.0 1.0
  outer loop
    vertex 0.1640000502 -0.6947153611 0.1
    vertex 0.3559749225 -0.8548707948 0.1
    vertex 0.414735556 -0.7315653281 0.1
  endloop
endfacet
facet normal 0.0 0.0 -1.0
  outer loop
    vertex 0.1640000502 -0.6947153611 0.0
    vertex 0.3559749225 -0.8548707948 0.0
    vertex 0.251036924 -0.8716343299 0.0
  endloop
endfacet
facet normal 0.0 0.0 -1.0
  outer loop
    vertex 0.1640000502 -0.6947153611 0.0
    vertex 0.414735556 -0.7315653281 0.0
    vertex 0.3559749225 -0.8548707948 0.0
  endloop
endfacet
facet normal -0.8972946347 -0.4414321449 0.0
  outer loop
    vertex 0.1640000502 -0.6947153611 0.0
    vertex 0.251036924 -0.8716343299 0.0
    vertex 0.251036924 -0.8716343299 0.1
  endloop
endfacet
facet normal -0.8972946347 -0.4414321449 0.0
  outer loop
    vertex 0.1640000502 -0.6947153611 0.0
    vertex 0.251036924 -0.8716343299 0.1
    vertex 0.1640000502 -0.6947153611 0.1
  endloop
endfacet
facet normal 0.1577469423 -0.9874795705 0.0
  outer loop
    vertex 0.251036924 -0.8716343299 0.0
    vertex 0.3559749225 -0.8548707948 0.0
    vertex 0.3559749225 -0.8548707948 0.1
  endloop
endfacet
facet normal 0.1577469423 -0.9874795705 0.0
  outer loop
    vertex 0.251036924 -0.8716343299 0.0
    vertex 0.3559749225 -0.8548707948 0.1
    vertex 0.251036924 -0.8716343299 0.1
  endloop
endfacet
facet normal 0.9027361657 -0.4301946247 0.0
  outer loop
    vertex 0.3559749225 -0.8548707948 0.0
    vertex 0.414735556 -0.7315653281 0.0
    vertex 0.414735556 -0.7315653281 0.1
  endloop
endfacet
facet normal 0.9027361657 -0.4301946247 0.0
  outer loop
    vertex 0.3559749225 -0.8548707948 0.0
    vertex 0.414735556 -0.7315653281 0.1
    vertex 0.3559749225 -0.8548707948 0.1
  endloop
endfacet
facet normal 0.1454055362 0.9893721393 0.0
  outer loop
    vertex 0.414735556 -0.7315653281 0.0
    vertex 0.1640000502 -0.6947153611 0.0
    vertex 0.1640000502 -0.6947153611 0.1
  endloop
endfacet
facet normal 0.1454055362 0.9893721393 -0.0
  outer loop
    vertex 0.414735556 -0.7315653281 0.0
    vertex 0.1640000502 -0.6947153611 0.1
    vertex 0.414735556 -0.7315653281 0.1
  endloop
endfacet
facet normal 0.0 -0.0 1.0
  outer loop
    vertex 0.245576314 -0.939094954 0.1
    vertex 0.251036924 -0.8716343299 0.1
    vertex 0.1687208192 -0.9232632613 0.1
  endloop
endfacet
facet normal 0.0 0.0 1.0
  outer loop
    vertex 0.245576314 -0.939094954 0.1
    vertex 0.1687208192 -0.9232632613 0.1
    vertex 0.211869869 -0.9514465599 0.1
  endloop
endfacet
facet normal 0.0 0.0 -1.0
  outer loop
    vertex 0.245576314 -0.939094954 0.0
    vertex 0.1687208192 -0.9232632613 0.0
    vertex 0.251036924 -0.8716343299 0.0
  endloop
endfacet
facet normal -0.0 0.0 -1.0
  outer loop
    vertex 0.245576314 -0.939094954 0.0
    vertex 0.211869869 -0.9514465599 0.0
    vertex 0.1687208192 -0.9232632613 0.0
  endloop
endfacet
facet normal 0.9967399532 -0.0806812593 0.0
  outer loop
    vertex 0.245576314 -0.939094954 0.0
    vertex 0.251036924 -0.8716343299 0.0
    vertex 0.251036924 -0.8716343299 0.1
  endloop
endfacet
facet normal 0.9967399532 -0.0806812593 0.0
  outer loop
    vertex 0.245576314 -0.939094954 0.0
    vertex 0.251036924 -0.8716343299 0.1
    vertex 0.245576314 -0.939094954 0.1
  endloop
endfacet
facet normal -0.5313405018 0.8471583507 0.0
  outer loop
    vertex 0.251036924 -0.8716343299 0.0
    vertex 0.1687208192 -0.9232632613 0.0
    vertex 0.1687208192 -0.9232632613 0.1
  endloop
endfacet
facet normal -0.5313405018 0.8471583507 0.0
  outer loop
    vertex 0.251036924 -0.8716343299 0.0
    vertex 0.1687208192 -0.9232632613 0.1
    vertex 0.251036924 -0.8716343299 0.1
  endloop
endfacet
facet normal -0.5468477609 -0.8372320624 0.0
  outer loop
    vertex 0.1687208192 -0.9232632613 0.0
    vertex 0.211869869 -0.9514465599 0.0
    vertex 0.211869869 -0.9514465599 0.1
  endloop
endfacet
facet normal -0.5468477609 -0.8372320624 0.0
  outer loop
    vertex 0.1687208192 -0.9232632613 0.0
    vertex 0.211869869 -0.9514465599 0.1
    vertex 0.1687208192 -0.9232632613 0.1
  endloop
endfacet
facet normal 0.3440723465 -0.9389431401 0.0
  outer loop
    vertex 0.211869869 -0.9514465599 0.0
    vertex 0.245576314 -0.939094954 0.0
    vertex 0.245576314 -0.939094954 0.1
  endloop
endfacet
facet normal 0.3440723465 -0.9389431401 0.0
  outer loop
    vertex 0.211869869 -0.9514465599 0.0
    vertex 0.245576314 -0.939094954 0.1
    vertex 0.211869869 -0.9514465599 0.1
  endloop
endfacet
facet normal -0.0 0.0 1.0
  outer loop
    vertex 0.0939508867 -0.9616876626 0.1
    vertex 0.1337538377 -0.9636261631 0.1
    vertex 0.1687208192 -0.9232632613 0.1
  endloop
endfacet
facet normal 0.0 -0.0 1.0
  outer loop
    vertex 0.0939508867 -0.9616876626 0.1
    vertex 0.1687208192 -0.9232632613 0.1
    vertex 0.0697824862 -0.886810066 0.1
  endloop
endfacet
facet normal 0.0 0.0 -1.0
  outer loop
    vertex 0.0939508867 -0.9616876626 0.0
    vertex 0.1687208192 -0.9232632613 0.0
    vertex 0.1337538377 -0.9636261631 0.0
  endloop
endfacet
facet normal 0.0 0.0 -1.0
  outer loop
    vertex 0.0939508867 -0.9616876626 0.0
    vertex 0.0697824862 -0.886810066 0.0
    vertex 0.1687208192 -0.9232632613 0.0
  endloop
endfacet
facet normal -0.0486447755 -0.9988161421 0.0
  outer loop
    vertex 0.0939508867 -0.9616876626 0.0
    vertex 0.1337538377 -0.9636261631 0.0
    vertex 0.1337538377 -0.9636261631 0.1
  endloop
endfacet
facet normal -0.0486447755 -0.9988161421 0.0
  outer loop
    vertex 0.0939508867 -0.9616876626 0.0
    vertex 0.1337538377 -0.9636261631 0.1
    vertex 0.0939508867 -0.9616876626 0.1
  endloop
endfacet
facet normal 0.7558206703 -0.6547786758 0.0
  outer loop
    vertex 0.1337538377 -0.9636261631 0.0
    vertex 0.1687208192 -0.9232632613 0.0
    vertex 0.1687208192 -0.9232632613 0.1
  endloop
endfacet
facet normal 0.7558206703 -0.6547786758 0.0
  outer loop
    vertex 0.1337538377 -0.9636261631 0.0
    vertex 0.1687208192 -0.9232632613 0.1
    vertex 0.1337538377 -0.9636261631 0.1
  endloop
endfacet
facet normal 0.345723985 0.9383362543 0.0
  outer loop
    vertex 0.1687208192 -0.9232632613 0.0
    vertex 0.0697824862 -0.886810066 0.0
    vertex 0.0697824862 -0.886810066 0.1
  endloop
endfacet
facet normal 0.345723985 0.9383362543 -0.0
  outer loop
    vertex 0.1687208192 -0.9232632613 0.0
    vertex 0.0697824862 -0.886810066 0.1
    vertex 0.1687208192 -0.9232632613 0.1
  endloop
endfacet
facet normal -0.951655364 -0.3071678175 0.0
  outer loop
    vertex 0.0697824862 -0.886810066 0.0
    vertex 0.0939508867 -0.9616876626 0.0
    vertex 0.0939508867 -0.9616876626 0.1
  endloop
endfacet
facet normal -0.951655364 -0.3071678175 0.0
  outer loop
    vertex 0.0697824862 -0.886810066 0.0
    vertex 0.0939508867 -0.9616876626 0.1
    vertex 0.0697824862 -0.886810066 0.1
  endloop
endfacet
facet normal 0.0 0.0 1.0
  outer loop
    vertex -0.0697824862 -0.886810066 0.1
    vertex -0.1640000502 -0.6947153611 0.1
    vertex -0.251036924 -0.8716343299 0.1
  endloop
endfacet
facet normal 0.0 0.0 1.0
  outer loop
    vertex -0.0697824862 -0.886810066 0.1
    vertex -0.251036924 -0.8716343299 0.1
    vertex -0.1687208192 -0.9232632613 0.1
  endloop
endfacet
facet normal 0.0 0.0 -1.0
  outer loop
    vertex -0.0697824862 -0.886810066 0.0
    vertex -0.251036924 -0.8716343299 0.0
    vertex -0.1640000502 -0.6947153611 0.0
  endloop
endfacet
facet normal -0.0 0.0 -1.0
  outer loop
    vertex -0.0697824862 -0.886810066 0.0
    vertex -0.1687208192 -0.9232632613 0.0
    vertex -0.251036924 -0.8716343299 0.0
  endloop
endfacet
facet normal 0.8978218863 0.4403587861 0.0
  outer loop
    vertex -0.0697824862 -0.886810066 0.0
    vertex -0.1640000502 -0.6947153611 0.0
    vertex -0.1640000502 -0.6947153611 0.1
  endloop
endfacet
facet normal 0.8978218863 0.4403587861 -0.0
  outer loop
    vertex -0.0697824862 -0.886810066 0.0
    vertex -0.1640000502 -0.6947153611 0.1
    vertex -0.0697824862 -0.886810066 0.1
  endloop
endfacet
facet normal -0.8972946347 0.4414321449 0.0
  outer loop
    vertex -0.1640000502 -0.6947153611 0.0
    vertex -0.251036924 -0.8716343299 0.0
    vertex -0.251036924 -0.8716343299 0.1
  endloop
endfacet
facet normal -0.8972946347 0.4414321449 0.0
  outer loop
    vertex -0.1640000502 -0.6947153611 0.0
    vertex -0.251036924 -0.8716343299 0.1
    vertex -0.1640000502 -0.6947153611 0.1
  endloop
endfacet
facet normal -0.5313405018 -0.8471583507 0.0
  outer loop
    vertex -0.251036924 -0.8716343299 0.0
    vertex -0.1687208192 -0.9232632613 0.0
    vertex -0.1687208192 -0.9232632613 0.1
  endloop
endfacet
facet normal -0.5313405018 -0.8471583507 0.0
  outer loop
    vertex -0.251036924 -0.8716343299 0.0
    vertex -0.1687208192 -0.9232632613 0.1
    vertex -0.251036924 -0.8716343299 0.1
  endloop
endfacet
facet normal 0.345723985 -0.9383362543 0.0
  outer loop
    vertex -0.1687208192 -0.9232632613 0.0
    vertex -0.0697824862 -0.886810066 0.0
    vertex -0.0697824862 -0.886810066 0.1
  endloop
endfacet
facet normal 0.345723985 -0.9383362543 0.0
  outer loop
    vertex -0.1687208192 -0.9232632613 0.0
    vertex -0.0697824862 -0.886810066 0.1
    vertex -0.1687208192 -0.9232632613 0.1
  endloop
endfacet
facet normal -0.0 0.0 1.0
  outer loop
    vertex -0.3365342167 -0.9114032891 0.1
    vertex -0.2989201813 -0.9218816032 0.1
    vertex -0.251036924 -0.8716343299 0.1
  endloop
endfacet
facet normal 0.0 -0.0 1.0
  outer loop
    vertex -0.3365342167 -0.9114032891 0.1
    vertex -0.251036924 -0.8716343299 0.1
    vertex -0.3559749225 -0.8548707948 0.1
  endloop
endfacet
facet normal 0.0 0.0 -1.0
  outer loop
    vertex -0.3365342167 -0.9114032891 0.0
    vertex -0.251036924 -0.8716343299 0.0
    vertex -0.2989201813 -0.9218816032 0.0
  endloop
endfacet
facet normal 0.0 0.0 -1.0
  outer loop
    vertex -0.3365342167 -0.9114032891 0.0
    vertex -0.3559749225 -0.8548707948 0.0
    vertex -0.251036924 -0.8716343299 0.0
  endloop
endfacet
facet normal -0.268356381 -0.9633197043 0.0
  outer loop
    vertex -0.3365342167 -0.9114032891 0.0
    vertex -0.2989201813 -0.9218816032 0.0
    vertex -0.2989201813 -0.9218816032 0.1
  endloop
endfacet
facet normal -0.268356381 -0.9633197043 0.0
  outer loop
    vertex -0.3365342167 -0.9114032891 0.0
    vertex -0.2989201813 -0.9218816032 0.1
    vertex -0.3365342167 -0.9114032891 0.1
  endloop
endfacet
facet normal 0.7239313175 -0.6898720516 0.0
  outer loop
    vertex -0.2989201813 -0.9218816032 0.0
    vertex -0.251036924 -0.8716343299 0.0
    vertex -0.251036924 -0.8716343299 0.1
  endloop
endfacet
facet normal 0.7239313175 -0.6898720516 0.0
  outer loop
    vertex -0.2989201813 -0.9218816032 0.0
    vertex -0.251036924 -0.8716343299 0.1
    vertex -0.2989201813 -0.9218816032 0.1
  endloop
endfacet
facet normal 0.1577469423 0.9874795705 0.0
  outer loop
    vertex -0.251036924 -0.8716343299 0.0
    vertex -0.3559749225 -0.8548707948 0.0
    vertex -0.3559749225 -0.8548707948 0.1
  endloop
endfacet
facet normal 0.1577469423 0.9874795705 -0.0
  outer loop
    vertex -0.251036924 -0.8716343299 0.0
    vertex -0.3559749225 -0.8548707948 0.1
    vertex -0.251036924 -0.8716343299 0.1
  endloop
endfacet
facet normal -0.9456471967 -0.3251943718 0.0
  outer loop
    vertex -0.3559749225 -0.8548707948 0.0
    vertex -0.3365342167 -0.9114032891 0.0
    vertex -0.3365342167 -0.9114032891 0.1
  endloop
endfacet
facet normal -0.9456471967 -0.3251943718 0.0
  outer loop
    vertex -0.3559749225 -0.8548707948 0.0
    vertex -0.3365342167 -0.9114032891 0.1
    vertex -0.3559749225 -0.8548707948 0.1
  endloop
endfacet
facet normal 0.0 0.0 1.0
  outer loop
    vertex -0.414735556 -0.7315653281 0.1
    vertex -0.4629975389 -0.8315584884 0.1
    vertex -0.421780787 -0.8670666116 0.1
  endloop
endfacet
facet normal 0.0 0.0 1.0
  outer loop
    vertex -0.414735556 -0.7315653281 0.1
    vertex -0.421780787 -0.8670666116 0.1
    vertex -0.3559749225 -0.8548707948 0.1
  endloop
endfacet
facet normal 0.0 0.0 -1.0
  outer loop
    vertex -0.414735556 -0.7315653281 0.0
    vertex -0.421780787 -0.8670666116 0.0
    vertex -0.4629975389 -0.8315584884 0.0
  endloop
endfacet
facet normal 0.0 -0.0 -1.0
  outer loop
    vertex -0.414735556 -0.7315653281 0.0
    vertex -0.3559749225 -0.8548707948 0.0
    vertex -0.421780787 -0.8670666116 0.0
  endloop
endfacet
facet normal -0.9005889301 0.434671806 0.0
  outer loop
    vertex -0.414735556 -0.7315653281 0.0
    vertex -0.4629975389 -0.8315584884 0.0
    vertex -0.4629975389 -0.8315584884 0.1
  endloop
endfacet
facet normal -0.9005889301 0.434671806 0.0
  outer loop
    vertex -0.414735556 -0.7315653281 0.0
    vertex -0.4629975389 -0.8315584884 0.1
    vertex -0.414735556 -0.7315653281 0.1
  endloop
endfacet
facet normal -0.6526911542 -0.757624087 0.0
  outer loop
    vertex -0.4629975389 -0.8315584884 0.0
    vertex -0.421780787 -0.8670666116 0.0
    vertex -0.421780787 -0.8670666116 0.1
  endloop
endfacet
facet normal -0.6526911542 -0.757624087 0.0
  outer loop
    vertex -0.4629975389 -0.8315584884 0.0
    vertex -0.421780787 -0.8670666116 0.1
    vertex -0.4629975389 -0.8315584884 0.1
  endloop
endfacet
facet normal 0.1822271572 -0.9832564585 0.0
  outer loop
    vertex -0.421780787 -0.8670666116 0.0
    vertex -0.3559749225 -0.8548707948 0.0
    vertex -0.3559749225 -0.8548707948 0.1
  endloop
endfacet
facet normal 0.1822271572 -0.9832564585 0.0
  outer loop
    vertex -0.421780787 -0.8670666116 0.0
    vertex -0.3559749225 -0.8548707948 0.1
    vertex -0.421780787 -0.8670666116 0.1
  endloop
endfacet
facet normal 0.9027361657 0.4301946247 0.0
  outer loop
    vertex -0.3559749225 -0.8548707948 0.0
    vertex -0.414735556 -0.7315653281 0.0
    vertex -0.414735556 -0.7315653281 0.1
  endloop
endfacet
facet normal 0.9027361657 0.4301946247 -0.0
  outer loop
    vertex -0.3559749225 -0.8548707948 0.0
    vertex -0.414735556 -0.7315653281 0.1
    vertex -0.3559749225 -0.8548707948 0.1
  endloop
endfacet
facet normal 0.0 -0.0 1.0
  outer loop
    vertex -0.7315653281 -0.414735556 0.1
    vertex -0.6947153611 -0.1640000502 0.1
    vertex -0.8716343299 -0.251036924 0.1
  endloop
endfacet
facet normal 0.0 0.0 1.0
  outer loop
    vertex -0.7315653281 -0.414735556 0.1
    vertex -0.8716343299 -0.251036924 0.1
    vertex -0.8548707948 -0.3559749225 0.1
  endloop
endfacet
facet normal 0.0 0.0 -1.0
  outer loop
    vertex -0.7315653281 -0.414735556 0.0
    vertex -0.8716343299 -0.251036924 0.0
    vertex -0.6947153611 -0.1640000502 0.0
  endloop
endfacet
facet normal 0.0 0.0 -1.0
  outer loop
    vertex -0.7315653281 -0.414735556 0.0
    vertex -0.8548707948 -0.3559749225 0.0
    vertex -0.8716343299 -0.251036924 0.0
  endloop
endfacet
facet normal 0.9893721393 -0.1454055362 0.0
  outer loop
    vertex -0.7315653281 -0.414735556 0.0
    vertex -0.6947153611 -0.1640000502 0.0
    vertex -0.6947153611 -0.1640000502 0.1
  endloop
endfacet
facet normal 0.9893721393 -0.1454055362 0.0
  outer loop
    vertex -0.7315653281 -0.414735556 0.0
    vertex -0.6947153611 -0.1640000502 0.1
    vertex -0.7315653281 -0.414735556 0.1
  endloop
endfacet
facet normal -0.4414321449 0.8972946347 0.0
  outer loop
    vertex -0.6947153611 -0.1640000502 0.0
    vertex -0.8716343299 -0.251036924 0.0
    vertex -0.8716343299 -0.251036924 0.1
  endloop
endfacet
facet normal -0.4414321449 0.8972946347 0.0
  outer loop
    vertex -0.6947153611 -0.1640000502 0.0
    vertex -0.8716343299 -0.251036924 0.1
    vertex -0.6947153611 -0.1640000502 0.1
  endloop
endfacet
facet normal -0.9874795705 -0.1577469423 0.0
  outer loop
    vertex -0.8716343299 -0.251036924 0.0
    vertex -0.8548707948 -0.3559749225 0.0
    vertex -0.8548707948 -0.3559749225 0.1
  endloop
endfacet
facet normal -0.9874795705 -0.1577469423 0.0
  outer loop
    vertex -0.8716343299 -0.251036924 0.0
    vertex -0.8548707948 -0.3559749225 0.1
    vertex -0.8716343299 -0.251036924 0.1
  endloop
endfacet
facet normal -0.4301946247 -0.9027361657 0.0
  outer loop
    vertex -0.8548707948 -0.3559749225 0.0
    vertex -0.7315653281 -0.414735556 0.0
    vertex -0.7315653281 -0.414735556 0.1
  endloop
endfacet
facet normal -0.4301946247 -0.9027361657 0.0
  outer loop
    vertex -0.8548707948 -0.3559749225 0.0
    vertex -0.7315653281 -0.414735556 0.1
    vertex -0.8548707948 -0.3559749225 0.1
  endloop
endfacet
facet normal 0.0 0.0 1.0
  outer loop
    vertex -0.6947153611 0.1640000502 0.1
    vertex -0.6947153611 -0.1640000502 0.1
    vertex -0.281411123 -0.281411123 0.1
  endloop
endfacet
facet normal -0.0 0.0 1.0
  outer loop
    vertex -0.6947153611 0.1640000502 0.1
    vertex -0.281411123 -0.281411123 0.1
    vertex -0.281411123 0.281411123 0.1
  endloop
endfacet
facet normal 0.0 0.0 -1.0
  outer loop
    vertex -0.6947153611 0.1640000502 0.0
    vertex -0.281411123 -0.281411123 0.0
    vertex -0.6947153611 -0.1640000502 0.0
  endloop
endfacet
facet normal 0.0 0.0 -1.0
  outer loop
    vertex -0.6947153611 0.1640000502 0.0
    vertex -0.281411123 0.281411123 0.0
    vertex -0.281411123 -0.281411123 0.0
  endloop
endfacet
facet normal -1.0 -0.0 0.0
  outer loop
    vertex -0.6947153611 0.1640000502 0.0
    vertex -0.6947153611 -0.1640000502 0.0
    vertex -0.6947153611 -0.1640000502 0.1
  endloop
endfacet
facet normal -1.0 -0.0 0.0
  outer loop
    vertex -0.6947153611 0.1640000502 0.0
    vertex -0.6947153611 -0.1640000502 0.1
    vertex -0.6947153611 0.1640000502 0.1
  endloop
endfacet
facet normal -0.2732665289 -0.9619383578 0.0
  outer loop
    vertex -0.6947153611 -0.1640000502 0.0
    vertex -0.281411123 -0.281411123 0.0
    vertex -0.281411123 -0.281411123 0.1
  endloop
endfacet
facet normal -0.2732665289 -0.9619383578 0.0
  outer loop
    vertex -0.6947153611 -0.1640000502 0.0
    vertex -0.281411123 -0.281411123 0.1
    vertex -0.6947153611 -0.1640000502 0.1
  endloop
endfacet
facet normal 1.0 0.0 0.0
  outer loop
    vertex -0.281411123 -0.281411123 0.0
    vertex -0.281411123 0.281411123 0.0
    vertex -0.281411123 0.281411123 0.1
  endloop
endfacet
facet normal 1.0 0.0 -0.0
  outer loop
    vertex -0.281411123 -0.281411123 0.0
    vertex -0.281411123 0.281411123 0.1
    vertex -0.281411123 -0.281411123 0.1
  endloop
endfacet
facet normal -0.2732665289 0.9619383578 0.0
  outer loop
    vertex -0.281411123 0.281411123 0.0
    vertex -0.6947153611 0.1640000502 0.0
    vertex -0.6947153611 0.1640000502 0.1
  endloop
endfacet
facet normal -0.2732665289 0.9619383578 0.0
  outer loop
    vertex -0.281411123 0.281411123 0.0
    vertex -0.6947153611 0.1640000502 0.1
    vertex -0.281411123 0.281411123 0.1
  endloop
endfacet
facet normal 0.0 0.0 1.0
  outer loop
    vertex -0.7315653281 -0.414735556 0.1
    vertex -0.7624613638 -0.5399781362 0.1
    vertex -0.7007034919 -0.6054228587 0.1
  endloop
endfacet
facet normal 0.0 0.0 1.0
  outer loop
    vertex -0.7315653281 -0.414735556 0.1
    vertex -0.7007034919 -0.6054228587 0.1
    vertex -0.5523004264 -0.5523004264 0.1
  endloop
endfacet
facet normal 0.0 -0.0 -1.0
  outer loop
    vertex -0.7315653281 -0.414735556 0.0
    vertex -0.7007034919 -0.6054228587 0.0
    vertex -0.7624613638 -0.5399781362 0.0
  endloop
endfacet
facet normal 0.0 0.0 -1.0
  outer loop
    vertex -0.7315653281 -0.414735556 0.0
    vertex -0.5523004264 -0.5523004264 0.0
    vertex -0.7007034919 -0.6054228587 0.0
  endloop
endfacet
facet normal -0.970894042 0.2395094137 0.0
  outer loop
    vertex -0.7315653281 -0.414735556 0.0
    vertex -0.7624613638 -0.5399781362 0.0
    vertex -0.7624613638 -0.5399781362 0.1
  endloop
endfacet
facet normal -0.970894042 0.2395094137 0.0
  outer loop
    vertex -0.7315653281 -0.414735556 0.0
    vertex -0.7624613638 -0.5399781362 0.1
    vertex -0.7315653281 -0.414735556 0.1
  endloop
endfacet
facet normal -0.7272961943 -0.6863237179 0.0
  outer loop
    vertex -0.7624613638 -0.5399781362 0.0
    vertex -0.7007034919 -0.6054228587 0.0
    vertex -0.7007034919 -0.6054228587 0.1
  endloop
endfacet
facet normal -0.7272961943 -0.6863237179 0.0
  outer loop
    vertex -0.7624613638 -0.5399781362 0.0
    vertex -0.7007034919 -0.6054228587 0.1
    vertex -0.7624613638 -0.5399781362 0.1
  endloop
endfacet
facet normal 0.3370190168 -0.9414978398 0.0
  outer loop
    vertex -0.7007034919 -0.6054228587 0.0
    vertex -0.5523004264 -0.5523004264 0.0
    vertex -0.5523004264 -0.5523004264 0.1
  endloop
endfacet
facet normal 0.3370190168 -0.9414978398 0.0
  outer loop
    vertex -0.7007034919 -0.6054228587 0.0
    vertex -0.5523004264 -0.5523004264 0.1
    vertex -0.7007034919 -0.6054228587 0.1
  endloop
endfacet
facet normal 0.6087894872 0.7933318097 0.0
  outer loop
    vertex -0.5523004264 -0.5523004264 0.0
    vertex -0.7315653281 -0.414735556 0.0
    vertex -0.7315653281 -0.414735556 0.1
  endloop
endfacet
facet normal 0.6087894872 0.7933318097 -0.0
  outer loop
    vertex -0.5523004264 -0.5523004264 0.0
    vertex -0.7315653281 -0.414735556 0.1
    vertex -0.5523004264 -0.5523004264 0.1
  endloop
endfacet
facet normal 0.0 0.0 1.0
  outer loop
    vertex -0.414735556 -0.7315653281 0.1
    vertex -0.5399781362 -0.7624613638 0.1
    vertex -0.514112025 -0.8181434808 0.1
  endloop
endfacet
facet normal 0.0 0.0 1.0
  outer loop
    vertex -0.414735556 -0.7315653281 0.1
    vertex -0.514112025 -0.8181434808 0.1
    vertex -0.4629975389 -0.8315584884 0.1
  endloop
endfacet
facet normal 0.0 0.0 -1.0
  outer loop
    vertex -0.414735556 -0.7315653281 0.0
    vertex -0.514112025 -0.8181434808 0.0
    vertex -0.5399781362 -0.7624613638 0.0
  endloop
endfacet
facet normal 0.0 0.0 -1.0
  outer loop
    vertex -0.414735556 -0.7315653281 0.0
    vertex -0.4629975389 -0.8315584884 0.0
    vertex -0.514112025 -0.8181434808 0.0
  endloop
endfacet
facet normal -0.2395094137 0.970894042 0.0
  outer loop
    vertex -0.414735556 -0.7315653281 0.0
    vertex -0.5399781362 -0.7624613638 0.0
    vertex -0.5399781362 -0.7624613638 0.1
  endloop
endfacet
facet normal -0.2395094137 0.970894042 0.0
  outer loop
    vertex -0.414735556 -0.7315653281 0.0
    vertex -0.5399781362 -0.7624613638 0.1
    vertex -0.414735556 -0.7315653281 0.1
  endloop
endfacet
facet normal -0.9069237224 -0.4212948631 0.0
  outer loop
    vertex -0.5399781362 -0.7624613638 0.0
    vertex -0.514112025 -0.8181434808 0.0
    vertex -0.514112025 -0.8181434808 0.1
  endloop
endfacet
facet normal -0.9069237224 -0.4212948631 0.0
  outer loop
    vertex -0.5399781362 -0.7624613638 0.0
    vertex -0.514112025 -0.8181434808 0.1
    vertex -0.5399781362 -0.7624613638 0.1
  endloop
endfacet
facet normal -0.2538530731 -0.9672427913 0.0
  outer loop
    vertex -0.514112025 -0.8181434808 0.0
    vertex -0.4629975389 -0.8315584884 0.0
    vertex -0.4629975389 -0.8315584884 0.1
  endloop
endfacet
facet normal -0.2538530731 -0.9672427913 0.0
  outer loop
    vertex -0.514112025 -0.8181434808 0.0
    vertex -0.4629975389 -0.8315584884 0.1
    vertex -0.514112025 -0.8181434808 0.1
  endloop
endfacet
facet normal 0.9005889301 -0.434671806 0.0
  outer loop
    vertex -0.4629975389 -0.8315584884 0.0
    vertex -0.414735556 -0.7315653281 0.0
    vertex -0.414735556 -0.7315653281 0.1
  endloop
endfacet
facet normal 0.9005889301 -0.434671806 0.0
  outer loop
    vertex -0.4629975389 -0.8315584884 0.0
    vertex -0.414735556 -0.7315653281 0.1
    vertex -0.4629975389 -0.8315584884 0.1
  endloop
endfacet
facet normal 0.0 -0.0 1.0
  outer loop
    vertex -0.5899786759 -0.777234391 0.1
    vertex -0.5399781362 -0.7624613638 0.1
    vertex -0.6054228587 -0.7007034919 0.1
  endloop
endfacet
facet normal 0.0 0.0 1.0
  outer loop
    vertex -0.5899786759 -0.777234391 0.1
    vertex -0.6054228587 -0.7007034919 0.1
    vertex -0.6150020088 -0.7562485881 0.1
  endloop
endfacet
facet normal 0.0 0.0 -1.0
  outer loop
    vertex -0.5899786759 -0.777234391 0.0
    vertex -0.6054228587 -0.7007034919 0.0
    vertex -0.5399781362 -0.7624613638 0.0
  endloop
endfacet
facet normal 0.0 0.0 -1.0
  outer loop
    vertex -0.5899786759 -0.777234391 0.0
    vertex -0.6150020088 -0.7562485881 0.0
    vertex -0.6054228587 -0.7007034919 0.0
  endloop
endfacet
facet normal 0.2833486199 -0.9590169757 0.0
  outer loop
    vertex -0.5899786759 -0.777234391 0.0
    vertex -0.5399781362 -0.7624613638 0.0
    vertex -0.5399781362 -0.7624613638 0.1
  endloop
endfacet
facet normal 0.2833486199 -0.9590169757 0.0
  outer loop
    vertex -0.5899786759 -0.777234391 0.0
    vertex -0.5399781362 -0.7624613638 0.1
    vertex -0.5899786759 -0.777234391 0.1
  endloop
endfacet
facet normal 0.6863237179 0.7272961943 0.0
  outer loop
    vertex -0.5399781362 -0.7624613638 0.0
    vertex -0.6054228587 -0.7007034919 0.0
    vertex -0.6054228587 -0.7007034919 0.1
  endloop
endfacet
facet normal 0.6863237179 0.7272961943 -0.0
  outer loop
    vertex -0.5399781362 -0.7624613638 0.0
    vertex -0.6054228587 -0.7007034919 0.1
    vertex -0.5399781362 -0.7624613638 0.1
  endloop
endfacet
facet normal -0.9854529576 0.1699484283 0.0
  outer loop
    vertex -0.6054228587 -0.7007034919 0.0
    vertex -0.6150020088 -0.7562485881 0.0
    vertex -0.6150020088 -0.7562485881 0.1
  endloop
endfacet
facet normal -0.9854529576 0.1699484283 0.0
  outer loop
    vertex -0.6054228587 -0.7007034919 0.0
    vertex -0.6150020088 -0.7562485881 0.1
    vertex -0.6054228587 -0.7007034919 0.1
  endloop
endfacet
facet normal -0.6425851453 -0.7662142853 0.0
  outer loop
    vertex -0.6150020088 -0.7562485881 0.0
    vertex -0.5899786759 -0.777234391 0.0
    vertex -0.5899786759 -0.777234391 0.1
  endloop
endfacet
facet normal -0.6425851453 -0.7662142853 0.0
  outer loop
    vertex -0.6150020088 -0.7562485881 0.0
    vertex -0.5899786759 -0.777234391 0.1
    vertex -0.6150020088 -0.7562485881 0.1
  endloop
endfacet
facet normal 0.0 0.0 1.0
  outer loop
    vertex -0.7007034919 -0.6054228587 0.1
    vertex -0.6755873699 -0.6755873699 0.1
    vertex -0.6054228587 -0.7007034919 0.1
  endloop
endfacet
facet normal -0.0 0.0 1.0
  outer loop
    vertex -0.7007034919 -0.6054228587 0.1
    vertex -0.6054228587 -0.7007034919 0.1
    vertex -0.5523004264 -0.5523004264 0.1
  endloop
endfacet
facet normal 0.0 0.0 -1.0
  outer loop
    vertex -0.7007034919 -0.6054228587 0.0
    vertex -0.6054228587 -0.7007034919 0.0
    vertex -0.6755873699 -0.6755873699 0.0
  endloop
endfacet
facet normal 0.0 0.0 -1.0
  outer loop
    vertex -0.7007034919 -0.6054228587 0.0
    vertex -0.5523004264 -0.5523004264 0.0
    vertex -0.6054228587 -0.7007034919 0.0
  endloop
endfacet
facet normal -0.9414978398 -0.3370190168 0.0
  outer loop
    vertex -0.7007034919 -0.6054228587 0.0
    vertex -0.6755873699 -0.6755873699 0.0
    vertex -0.6755873699 -0.6755873699 0.1
  endloop
endfacet
facet normal -0.9414978398 -0.3370190168 0.0
  outer loop
    vertex -0.7007034919 -0.6054228587 0.0
    vertex -0.6755873699 -0.6755873699 0.1
    vertex -0.7007034919 -0.6054228587 0.1
  endloop
endfacet
facet normal -0.3370190168 -0.9414978398 0.0
  outer loop
    vertex -0.6755873699 -0.6755873699 0.0
    vertex -0.6054228587 -0.7007034919 0.0
    vertex -0.6054228587 -0.7007034919 0.1
  endloop
endfacet
facet normal -0.3370190168 -0.9414978398 0.0
  outer loop
    vertex -0.6755873699 -0.6755873699 0.0
    vertex -0.6054228587 -0.7007034919 0.1
    vertex -0.6755873699 -0.6755873699 0.1
  endloop
endfacet
facet normal 0.9414978398 -0.3370190168 0.0
  outer loop
    vertex -0.6054228587 -0.7007034919 0.0
    vertex -0.5523004264 -0.5523004264 0.0
    vertex -0.5523004264 -0.5523004264 0.1
  endloop
endfacet
facet normal 0.9414978398 -0.3370190168 0.0
  outer loop
    vertex -0.6054228587 -0.7007034919 0.0
    vertex -0.5523004264 -0.5523004264 0.1
    vertex -0.6054228587 -0.7007034919 0.1
  endloop
endfacet
facet normal -0.3370190168 0.9414978398 0.0
  outer loop
    vertex -0.5523004264 -0.5523004264 0.0
    vertex -0.7007034919 -0.6054228587 0.0
    vertex -0.7007034919 -0.6054228587 0.1
  endloop
endfacet
facet normal -0.3370190168 0.9414978398 0.0
  outer loop
    vertex -0.5523004264 -0.5523004264 0.0
    vertex -0.7007034919 -0.6054228587 0.1
    vertex -0.5523004264 -0.5523004264 0.1
  endloop
endfacet
facet normal 0.0 0.0 1.0
  outer loop
    vertex 0.4629975389 -0.8315584884 0.1
    vertex 0.414735556 -0.7315653281 0.1
    vertex 0.3559749225 -0.8548707948 0.1
  endloop
endfacet
facet normal 0.0 0.0 1.0
  outer loop
    vertex 0.4629975389 -0.8315584884 0.1
    vertex 0.3559749225 -0.8548707948 0.1
    vertex 0.421780787 -0.8670666116 0.1
  endloop
endfacet
facet normal -0.0 0.0 -1.0
  outer loop
    vertex 0.4629975389 -0.8315584884 0.0
    vertex 0.3559749225 -0.8548707948 0.0
    vertex 0.414735556 -0.7315653281 0.0
  endloop
endfacet
facet normal 0.0 0.0 -1.0
  outer loop
    vertex 0.4629975389 -0.8315584884 0.0
    vertex 0.421780787 -0.8670666116 0.0
    vertex 0.3559749225 -0.8548707948 0.0
  endloop
endfacet
facet normal 0.9005889301 0.434671806 0.0
  outer loop
    vertex 0.4629975389 -0.8315584884 0.0
    vertex 0.414735556 -0.7315653281 0.0
    vertex 0.414735556 -0.7315653281 0.1
  endloop
endfacet
facet normal 0.9005889301 0.434671806 -0.0
  outer loop
    vertex 0.4629975389 -0.8315584884 0.0
    vertex 0.414735556 -0.7315653281 0.1
    vertex 0.4629975389 -0.8315584884 0.1
  endloop
endfacet
facet normal -0.9027361657 0.4301946247 0.0
  outer loop
    vertex 0.414735556 -0.7315653281 0.0
    vertex 0.3559749225 -0.8548707948 0.0
    vertex 0.3559749225 -0.8548707948 0.1
  endloop
endfacet
facet normal -0.9027361657 0.4301946247 0.0
  outer loop
    vertex 0.414735556 -0.7315653281 0.0
    vertex 0.3559749225 -0.8548707948 0.1
    vertex 0.414735556 -0.7315653281 0.1
  endloop
endfacet
facet normal -0.1822271572 -0.9832564585 0.0
  outer loop
    vertex 0.3559749225 -0.8548707948 0.0
    vertex 0.421780787 -0.8670666116 0.0
    vertex 0.421780787 -0.8670666116 0.1
  endloop
endfacet
facet normal -0.1822271572 -0.9832564585 0.0
  outer loop
    vertex 0.3559749225 -0.8548707948 0.0
    vertex 0.421780787 -0.8670666116 0.1
    vertex 0.3559749225 -0.8548707948 0.1
  endloop
endfacet
facet normal 0.6526911542 -0.757624087 0.0
  outer loop
    vertex 0.421780787 -0.8670666116 0.0
    vertex 0.4629975389 -0.8315584884 0.0
    vertex 0.4629975389 -0.8315584884 0.1
  endloop
endfacet
facet normal 0.6526911542 -0.757624087 0.0
  outer loop
    vertex 0.421780787 -0.8670666116 0.0
    vertex 0.4629975389 -0.8315584884 0.1
    vertex 0.421780787 -0.8670666116 0.1
  endloop
endfacet
facet normal 0.0 0.0 1.0
  outer loop
    vertex 0.2989201813 -0.9218816032 0.1
    vertex 0.3365342167 -0.9114032891 0.1
    vertex 0.3559749225 -0.8548707948 0.1
  endloop
endfacet
facet normal 0.0 -0.0 1.0
  outer loop
    vertex 0.2989201813 -0.9218816032 0.1
    vertex 0.3559749225 -0.8548707948 0.1
    vertex 0.251036924 -0.8716343299 0.1
  endloop
endfacet
facet normal 0.0 0.0 -1.0
  outer loop
    vertex 0.2989201813 -0.9218816032 0.0
    vertex 0.3559749225 -0.8548707948 0.0
    vertex 0.3365342167 -0.9114032891 0.0
  endloop
endfacet
facet normal 0.0 0.0 -1.0
  outer loop
    vertex 0.2989201813 -0.9218816032 0.0
    vertex 0.251036924 -0.8716343299 0.0
    vertex 0.3559749225 -0.8548707948 0.0
  endloop
endfacet
facet normal 0.268356381 -0.9633197043 0.0
  outer loop
    vertex 0.2989201813 -0.9218816032 0.0
    vertex 0.3365342167 -0.9114032891 0.0
    vertex 0.3365342167 -0.9114032891 0.1
  endloop
endfacet
facet normal 0.268356381 -0.9633197043 0.0
  outer loop
    vertex 0.2989201813 -0.9218816032 0.0
    vertex 0.3365342167 -0.9114032891 0.1
    vertex 0.2989201813 -0.9218816032 0.1
  endloop
endfacet
facet normal 0.9456471967 -0.3251943718 0.0
  outer loop
    vertex 0.3365342167 -0.9114032891 0.0
    vertex 0.3559749225 -0.8548707948 0.0
    vertex 0.3559749225 -0.8548707948 0.1
  endloop
endfacet
facet normal 0.9456471967 -0.3251943718 0.0
  outer loop
    vertex 0.3365342167 -0.9114032891 0.0
    vertex 0.3559749225 -0.8548707948 0.1
    vertex 0.3365342167 -0.9114032891 0.1
  endloop
endfacet
facet normal -0.1577469423 0.9874795705 0.0
  outer loop
    vertex 0.3559749225 -0.8548707948 0.0
    vertex 0.251036924 -0.8716343299 0.0
    vertex 0.251036924 -0.8716343299 0.1
  endloop
endfacet
facet normal -0.1577469423 0.9874795705 0.0
  outer loop
    vertex 0.3559749225 -0.8548707948 0.0
    vertex 0.251036924 -0.8716343299 0.1
    vertex 0.3559749225 -0.8548707948 0.1
  endloop
endfacet
facet normal -0.7239313175 -0.6898720516 0.0
  outer loop
    vertex 0.251036924 -0.8716343299 0.0
    vertex 0.2989201813 -0.9218816032 0.0
    vertex 0.2989201813 -0.9218816032 0.1
  endloop
endfacet
facet normal -0.7239313175 -0.6898720516 0.0
  outer loop
    vertex 0.251036924 -0.8716343299 0.0
    vertex 0.2989201813 -0.9218816032 0.1
    vertex 0.251036924 -0.8716343299 0.1
  endloop
endfacet
facet normal 0.0 0.0 1.0
  outer loop
    vertex 0.1640000502 -0.6947153611 0.1
    vertex 0.0697824862 -0.886810066 0.1
    vertex 0.1687208192 -0.9232632613 0.1
  endloop
endfacet
facet normal 0.0 0.0 1.0
  outer loop
    vertex 0.1640000502 -0.6947153611 0.1
    vertex 0.1687208192 -0.9232632613 0.1
    vertex 0.251036924 -0.8716343299 0.1
  endloop
endfacet
facet normal 0.0 -0.0 -1.0
  outer loop
    vertex 0.1640000502 -0.6947153611 0.0
    vertex 0.1687208192 -0.9232632613 0.0
    vertex 0.0697824862 -0.886810066 0.0
  endloop
endfacet
facet normal 0.0 0.0 -1.0
  outer loop
    vertex 0.1640000502 -0.6947153611 0.0
    vertex 0.251036924 -0.8716343299 0.0
    vertex 0.1687208192 -0.9232632613 0.0
  endloop
endfacet
facet normal -0.8978218863 0.4403587861 0.0
  outer loop
    vertex 0.1640000502 -0.6947153611 0.0
    vertex 0.0697824862 -0.886810066 0.0
    vertex 0.0697824862 -0.886810066 0.1
  endloop
endfacet
facet normal -0.8978218863 0.4403587861 0.0
  outer loop
    vertex 0.1640000502 -0.6947153611 0.0
    vertex 0.0697824862 -0.886810066 0.1
    vertex 0.1640000502 -0.6947153611 0.1
  endloop
endfacet
facet normal -0.345723985 -0.9383362543 0.0
  outer loop
    vertex 0.0697824862 -0.886810066 0.0
    vertex 0.1687208192 -0.9232632613 0.0
    vertex 0.1687208192 -0.9232632613 0.1
  endloop
endfacet
facet normal -0.345723985 -0.9383362543 0.0
  outer loop
    vertex 0.0697824862 -0.886810066 0.0
    vertex 0.1687208192 -0.9232632613 0.1
    vertex 0.0697824862 -0.886810066 0.1
  endloop
endfacet
facet normal 0.5313405018 -0.8471583507 0.0
  outer loop
    vertex 0.1687208192 -0.9232632613 0.0
    vertex 0.251036924 -0.8716343299 0.0
    vertex 0.251036924 -0.8716343299 0.1
  endloop
endfacet
facet normal 0.5313405018 -0.8471583507 0.0
  outer loop
    vertex 0.1687208192 -0.9232632613 0.0
    vertex 0.251036924 -0.8716343299 0.1
    vertex 0.1687208192 -0.9232632613 0.1
  endloop
endfacet
facet normal 0.8972946347 0.4414321449 0.0
  outer loop
    vertex 0.251036924 -0.8716343299 0.0
    vertex 0.1640000502 -0.6947153611 0.0
    vertex 0.1640000502 -0.6947153611 0.1
  endloop
endfacet
facet normal 0.8972946347 0.4414321449 -0.0
  outer loop
    vertex 0.251036924 -0.8716343299 0.0
    vertex 0.1640000502 -0.6947153611 0.1
    vertex 0.251036924 -0.8716343299 0.1
  endloop
endfacet
facet normal 0.0 0.0 1.0
  outer loop
    vertex 0.5399781362 -0.7624613638 0.1
    vertex 0.414735556 -0.7315653281 0.1
    vertex 0.4629975389 -0.8315584884 0.1
  endloop
endfacet
facet normal 0.0 0.0 1.0
  outer loop
    vertex 0.5399781362 -0.7624613638 0.1
    vertex 0.4629975389 -0.8315584884 0.1
    vertex 0.514112025 -0.8181434808 0.1
  endloop
endfacet
facet normal -0.0 0.0 -1.0
  outer loop
    vertex 0.5399781362 -0.7624613638 0.0
    vertex 0.4629975389 -0.8315584884 0.0
    vertex 0.414735556 -0.7315653281 0.0
  endloop
endfacet
facet normal 0.0 0.0 -1.0
  outer loop
    vertex 0.5399781362 -0.7624613638 0.0
    vertex 0.514112025 -0.8181434808 0.0
    vertex 0.4629975389 -0.8315584884 0.0
  endloop
endfacet
facet normal 0.2395094137 0.970894042 0.0
  outer loop
    vertex 0.5399781362 -0.7624613638 0.0
    vertex 0.414735556 -0.7315653281 0.0
    vertex 0.414735556 -0.7315653281 0.1
  endloop
endfacet
facet normal 0.2395094137 0.970894042 -0.0
  outer loop
    vertex 0.5399781362 -0.7624613638 0.0
    vertex 0.414735556 -0.7315653281 0.1
    vertex 0.5399781362 -0.7624613638 0.1
  endloop
endfacet
facet normal -0.9005889301 -0.434671806 0.0
  outer loop
    vertex 0.414735556 -0.7315653281 0.0
    vertex 0.4629975389 -0.8315584884 0.0
    vertex 0.4629975389 -0.8315584884 0.1
  endloop
endfacet
facet normal -0.9005889301 -0.434671806 0.0
  outer loop
    vertex 0.414735556 -0.7315653281 0.0
    vertex 0.4629975389 -0.8315584884 0.1
    vertex 0.414735556 -0.7315653281 0.1
  endloop
endfacet
facet normal 0.2538530731 -0.9672427913 0.0
  outer loop
    vertex 0.4629975389 -0.8315584884 0.0
    vertex 0.514112025 -0.8181434808 0.0
    vertex 0.514112025 -0.8181434808 0.1
  endloop
endfacet
facet normal 0.2538530731 -0.9672427913 0.0
  outer loop
    vertex 0.4629975389 -0.8315584884 0.0
    vertex 0.514112025 -0.8181434808 0.1
    vertex 0.4629975389 -0.8315584884 0.1
  endloop
endfacet
facet normal 0.9069237224 -0.4212948631 0.0
  outer loop
    vertex 0.514112025 -0.8181434808 0.0
    vertex 0.5399781362 -0.7624613638 0.0
    vertex 0.5399781362 -0.7624613638 0.1
  endloop
endfacet
facet normal 0.9069237224 -0.4212948631 0.0
  outer loop
    vertex 0.514112025 -0.8181434808 0.0
    vertex 0.5399781362 -0.7624613638 0.1
    vertex 0.514112025 -0.8181434808 0.1
  endloop
endfacet
facet normal 0.0 -0.0 1.0
  outer loop
    vertex 0.6755873699 -0.6755873699 0.1
    vertex 0.7007034919 -0.6054228587 0.1
    vertex 0.5523004264 -0.5523004264 0.1
  endloop
endfacet
facet normal 0.0 0.0 1.0
  outer loop
    vertex 0.6755873699 -0.6755873699 0.1
    vertex 0.5523004264 -0.5523004264 0.1
    vertex 0.6054228587 -0.7007034919 0.1
  endloop
endfacet
facet normal 0.0 0.0 -1.0
  outer loop
    vertex 0.6755873699 -0.6755873699 0.0
    vertex 0.5523004264 -0.5523004264 0.0
    vertex 0.7007034919 -0.6054228587 0.0
  endloop
endfacet
facet normal -0.0 0.0 -1.0
  outer loop
    vertex 0.6755873699 -0.6755873699 0.0
    vertex 0.6054228587 -0.7007034919 0.0
    vertex 0.5523004264 -0.5523004264 0.0
  endloop
endfacet
facet normal 0.9414978398 -0.3370190168 0.0
  outer loop
    vertex 0.6755873699 -0.6755873699 0.0
    vertex 0.7007034919 -0.6054228587 0.0
    vertex 0.7007034919 -0.6054228587 0.1
  endloop
endfacet
facet normal 0.9414978398 -0.3370190168 0.0
  outer loop
    vertex 0.6755873699 -0.6755873699 0.0
    vertex 0.7007034919 -0.6054228587 0.1
    vertex 0.6755873699 -0.6755873699 0.1
  endloop
endfacet
facet normal 0.3370190168 0.9414978398 0.0
  outer loop
    vertex 0.7007034919 -0.6054228587 0.0
    vertex 0.5523004264 -0.5523004264 0.0
    vertex 0.5523004264 -0.5523004264 0.1
  endloop
endfacet
facet normal 0.3370190168 0.9414978398 -0.0
  outer loop
    vertex 0.7007034919 -0.6054228587 0.0
    vertex 0.5523004264 -0.5523004264 0.1
    vertex 0.7007034919 -0.6054228587 0.1
  endloop
endfacet
facet normal -0.9414978398 -0.3370190168 0.0
  outer loop
    vertex 0.5523004264 -0.5523004264 0.0
    vertex 0.6054228587 -0.7007034919 0.0
    vertex 0.6054228587 -0.7007034919 0.1
  endloop
endfacet
facet normal -0.9414978398 -0.3370190168 0.0
  outer loop
    vertex 0.5523004264 -0.5523004264 0.0
    vertex 0.6054228587 -0.7007034919 0.1
    vertex 0.5523004264 -0.5523004264 0.1
  endloop
endfacet
facet normal 0.3370190168 -0.9414978398 0.0
  outer loop
    vertex 0.6054228587 -0.7007034919 0.0
    vertex 0.6755873699 -0.6755873699 0.0
    vertex 0.6755873699 -0.6755873699 0.1
  endloop
endfacet
facet normal 0.3370190168 -0.9414978398 0.0
  outer loop
    vertex 0.6054228587 -0.7007034919 0.0
    vertex 0.6755873699 -0.6755873699 0.1
    vertex 0.6054228587 -0.7007034919 0.1
  endloop
endfacet
facet normal -0.0 0.0 1.0
  outer loop
    vertex 0.5399781362 -0.7624613638 0.1
    vertex 0.5899786759 -0.777234391 0.1
    vertex 0.6150020088 -0.7562485881 0.1
  endloop
endfacet
facet normal 0.0 0.0 1.0
  outer loop
    vertex 0.5399781362 -0.7624613638 0.1
    vertex 0.6150020088 -0.7562485881 0.1
    vertex 0.6054228587 -0.7007034919 0.1
  endloop
endfacet
facet normal 0.0 0.0 -1.0
  outer loop
    vertex 0.5399781362 -0.7624613638 0.0
    vertex 0.6150020088 -0.7562485881 0.0
    vertex 0.5899786759 -0.777234391 0.0
  endloop
endfacet
facet normal 0.0 0.0 -1.0
  outer loop
    vertex 0.5399781362 -0.7624613638 0.0
    vertex 0.6054228587 -0.7007034919 0.0
    vertex 0.6150020088 -0.7562485881 0.0
  endloop
endfacet
facet normal -0.2833486199 -0.9590169757 0.0
  outer loop
    vertex 0.5399781362 -0.7624613638 0.0
    vertex 0.5899786759 -0.777234391 0.0
    vertex 0.5899786759 -0.777234391 0.1
  endloop
endfacet
facet normal -0.2833486199 -0.9590169757 0.0
  outer loop
    vertex 0.5399781362 -0.7624613638 0.0
    vertex 0.5899786759 -0.777234391 0.1
    vertex 0.5399781362 -0.7624613638 0.1
  endloop
endfacet
facet normal 0.6425851453 -0.7662142853 0.0
  outer loop
    vertex 0.5899786759 -0.777234391 0.0
    vertex 0.6150020088 -0.7562485881 0.0
    vertex 0.6150020088 -0.7562485881 0.1
  endloop
endfacet
facet normal 0.6425851453 -0.7662142853 0.0
  outer loop
    vertex 0.5899786759 -0.777234391 0.0
    vertex 0.6150020088 -0.7562485881 0.1
    vertex 0.5899786759 -0.777234391 0.1
  endloop
endfacet
facet normal 0.9854529576 0.1699484283 0.0
  outer loop
    vertex 0.6150020088 -0.7562485881 0.0
    vertex 0.6054228587 -0.7007034919 0.0
    vertex 0.6054228587 -0.7007034919 0.1
  endloop
endfacet
facet normal 0.9854529576 0.1699484283 -0.0
  outer loop
    vertex 0.6150020088 -0.7562485881 0.0
    vertex 0.6054228587 -0.7007034919 0.1
    vertex 0.6150020088 -0.7562485881 0.1
  endloop
endfacet
facet normal -0.6863237179 0.7272961943 0.0
  outer loop
    vertex 0.6054228587 -0.7007034919 0.0
    vertex 0.5399781362 -0.7624613638 0.0
    vertex 0.5399781362 -0.7624613638 0.1
  endloop
endfacet
facet normal -0.6863237179 0.7272961943 0.0
  outer loop
    vertex 0.6054228587 -0.7007034919 0.0
    vertex 0.5399781362 -0.7624613638 0.1
    vertex 0.6054228587 -0.7007034919 0.1
  endloop
endfacet
facet normal 0.0 0.0 1.0
  outer loop
    vertex 0.6947153611 -0.1640000502 0.1
    vertex 0.7315653281 -0.414735556 0.1
    vertex 0.8548707948 -0.3559749225 0.1
  endloop
endfacet
facet normal 0.0 0.0 1.0
  outer loop
    vertex 0.6947153611 -0.1640000502 0.1
    vertex 0.8548707948 -0.3559749225 0.1
    vertex 0.8716343299 -0.251036924 0.1
  endloop
endfacet
facet normal 0.0 0.0 -1.0
  outer loop
    vertex 0.6947153611 -0.1640000502 0.0
    vertex 0.8548707948 -0.3559749225 0.0
    vertex 0.7315653281 -0.414735556 0.0
  endloop
endfacet
facet normal 0.0 0.0 -1.0
  outer loop
    vertex 0.6947153611 -0.1640000502 0.0
    vertex 0.8716343299 -0.251036924 0.0
    vertex 0.8548707948 -0.3559749225 0.0
  endloop
endfacet
facet normal -0.9893721393 -0.1454055362 0.0
  outer loop
    vertex 0.6947153611 -0.1640000502 0.0
    vertex 0.7315653281 -0.414735556 0.0
    vertex 0.7315653281 -0.414735556 0.1
  endloop
endfacet
facet normal -0.9893721393 -0.1454055362 0.0
  outer loop
    vertex 0.6947153611 -0.1640000502 0.0
    vertex 0.7315653281 -0.414735556 0.1
    vertex 0.6947153611 -0.1640000502 0.1
  endloop
endfacet
facet normal 0.4301946247 -0.9027361657 0.0
  outer loop
    vertex 0.7315653281 -0.414735556 0.0
    vertex 0.8548707948 -0.3559749225 0.0
    vertex 0.8548707948 -0.3559749225 0.1
  endloop
endfacet
facet normal 0.4301946247 -0.9027361657 0.0
  outer loop
    vertex 0.7315653281 -0.414735556 0.0
    vertex 0.8548707948 -0.3559749225 0.1
    vertex 0.7315653281 -0.414735556 0.1
  endloop
endfacet
facet normal 0.9874795705 -0.1577469423 0.0
  outer loop
    vertex 0.8548707948 -0.3559749225 0.0
    vertex 0.8716343299 -0.251036924 0.0
    vertex 0.8716343299 -0.251036924 0.1
  endloop
endfacet
facet normal 0.9874795705 -0.1577469423 0.0
  outer loop
    vertex 0.8548707948 -0.3559749225 0.0
    vertex 0.8716343299 -0.251036924 0.1
    vertex 0.8548707948 -0.3559749225 0.1
  endloop
endfacet
facet normal 0.4414321449 0.8972946347 0.0
  outer loop
    vertex 0.8716343299 -0.251036924 0.0
    vertex 0.6947153611 -0.1640000502 0.0
    vertex 0.6947153611 -0.1640000502 0.1
  endloop
endfacet
facet normal 0.4414321449 0.8972946347 -0.0
  outer loop
    vertex 0.8716343299 -0.251036924 0.0
    vertex 0.6947153611 -0.1640000502 0.1
    vertex 0.8716343299 -0.251036924 0.1
  endloop
endfacet
facet normal 0.0 0.0 1.0
  outer loop
    vertex 0.7624613638 -0.5399781362 0.1
    vertex 0.7315653281 -0.414735556 0.1
    vertex 0.5523004264 -0.5523004264 0.1
  endloop
endfacet
facet normal 0.0 0.0 1.0
  outer loop
    vertex 0.7624613638 -0.5399781362 0.1
    vertex 0.5523004264 -0.5523004264 0.1
    vertex 0.7007034919 -0.6054228587 0.1
  endloop
endfacet
facet normal -0.0 0.0 -1.0
  outer loop
    vertex 0.7624613638 -0.5399781362 0.0
    vertex 0.5523004264 -0.5523004264 0.0
    vertex 0.7315653281 -0.414735556 0.0
  endloop
endfacet
facet normal 0.0 0.0 -1.0
  outer loop
    vertex 0.7624613638 -0.5399781362 0.0
    vertex 0.7007034919 -0.6054228587 0.0
    vertex 0.5523004264 -0.5523004264 0.0
  endloop
endfacet
facet normal 0.970894042 0.2395094137 0.0
  outer loop
    vertex 0.7624613638 -0.5399781362 0.0
    vertex 0.7315653281 -0.414735556 0.0
    vertex 0.7315653281 -0.414735556 0.1
  endloop
endfacet
facet normal 0.970894042 0.2395094137 -0.0
  outer loop
    vertex 0.7624613638 -0.5399781362 0.0
    vertex 0.7315653281 -0.414735556 0.1
    vertex 0.7624613638 -0.5399781362 0.1
  endloop
endfacet
facet normal -0.6087894872 0.7933318097 0.0
  outer loop
    vertex 0.7315653281 -0.414735556 0.0
    vertex 0.5523004264 -0.5523004264 0.0
    vertex 0.5523004264 -0.5523004264 0.1
  endloop
endfacet
facet normal -0.6087894872 0.7933318097 0.0
  outer loop
    vertex 0.7315653281 -0.414735556 0.0
    vertex 0.5523004264 -0.5523004264 0.1
    vertex 0.7315653281 -0.414735556 0.1
  endloop
endfacet
facet normal -0.3370190168 -0.9414978398 0.0
  outer loop
    vertex 0.5523004264 -0.5523004264 0.0
    vertex 0.7007034919 -0.6054228587 0.0
    vertex 0.7007034919 -0.6054228587 0.1
  endloop
endfacet
facet normal -0.3370190168 -0.9414978398 0.0
  outer loop
    vertex 0.5523004264 -0.5523004264 0.0
    vertex 0.7007034919 -0.6054228587 0.1
    vertex 0.5523004264 -0.5523004264 0.1
  endloop
endfacet
facet normal 0.7272961943 -0.6863237179 0.0
  outer loop
    vertex 0.7007034919 -0.6054228587 0.0
    vertex 0.7624613638 -0.5399781362 0.0
    vertex 0.7624613638 -0.5399781362 0.1
  endloop
endfacet
facet normal 0.7272961943 -0.6863237179 0.0
  outer loop
    vertex 0.7007034919 -0.6054228587 0.0
    vertex 0.7624613638 -0.5399781362 0.1
    vertex 0.7007034919 -0.6054228587 0.1
  endloop
endfacet
facet normal 0.0 -0.0 1.0
  outer loop
    vertex 0.6947153611 -0.1640000502 0.1
    vertex 0.6947153611 0.1640000502 0.1
    vertex 0.281411123 0.281411123 0.1
  endloop
endfacet
facet normal 0.0 0.0 1.0
  outer loop
    vertex 0.6947153611 -0.1640000502 0.1
    vertex 0.281411123 0.281411123 0.1
    vertex 0.281411123 -0.281411123 0.1
  endloop
endfacet
facet normal 0.0 0.0 -1.0
  outer loop
    vertex 0.6947153611 -0.1640000502 0.0
    vertex 0.281411123 0.281411123 0.0
    vertex 0.6947153611 0.1640000502 0.0
  endloop
endfacet
facet normal -0.0 0.0 -1.0
  outer loop
    vertex 0.6947153611 -0.1640000502 0.0
    vertex 0.281411123 -0.281411123 0.0
    vertex 0.281411123 0.281411123 0.0
  endloop
endfacet
facet normal 1.0 -0.0 0.0
  outer loop
    vertex 0.6947153611 -0.1640000502 0.0
    vertex 0.6947153611 0.1640000502 0.0
    vertex 0.6947153611 0.1640000502 0.1
  endloop
endfacet
facet normal 1.0 -0.0 0.0
  outer loop
    vertex 0.6947153611 -0.1640000502 0.0
    vertex 0.6947153611 0.1640000502 0.1
    vertex 0.6947153611 -0.1640000502 0.1
  endloop
endfacet
facet normal 0.2732665289 0.9619383578 0.0
  outer loop
    vertex 0.6947153611 0.1640000502 0.0
    vertex 0.281411123 0.281411123 0.0
    vertex 0.281411123 0.281411123 0.1
  endloop
endfacet
facet normal 0.2732665289 0.9619383578 -0.0
  outer loop
    vertex 0.6947153611 0.1640000502 0.0
    vertex 0.281411123 0.281411123 0.1
    vertex 0.6947153611 0.1640000502 0.1
  endloop
endfacet
facet normal -1.0 0.0 0.0
  outer loop
    vertex 0.281411123 0.281411123 0.0
    vertex 0.281411123 -0.281411123 0.0
    vertex 0.281411123 -0.281411123 0.1
  endloop
endfacet
facet normal -1.0 0.0 0.0
  outer loop
    vertex 0.281411123 0.281411123 0.0
    vertex 0.281411123 -0.281411123 0.1
    vertex 0.281411123 0.281411123 0.1
  endloop
endfacet
facet normal 0.2732665289 -0.9619383578 0.0
  outer loop
    vertex 0.281411123 -0.281411123 0.0
    vertex 0.6947153611 -0.1640000502 0.0
    vertex 0.6947153611 -0.1640000502 0.1
  endloop
endfacet
facet normal 0.2732665289 -0.9619383578 0.0
  outer loop
    vertex 0.281411123 -0.281411123 0.0
    vertex 0.6947153611 -0.1640000502 0.1
    vertex 0.281411123 -0.281411123 0.1
  endloop
endfacet
facet normal 0.0 0.0 1.0
  outer loop
    vertex 0.8716343299 0.251036924 0.1
    vertex 0.6947153611 0.1640000502 0.1
    vertex 0.886810066 0.0697824862 0.1
  endloop
endfacet
facet normal 0.0 0.0 1.0
  outer loop
    vertex 0.8716343299 0.251036924 0.1
    vertex 0.886810066 0.0697824862 0.1
    vertex 0.9232632613 0.1687208192 0.1
  endloop
endfacet
facet normal 0.0 -0.0 -1.0
  outer loop
    vertex 0.8716343299 0.251036924 0.0
    vertex 0.886810066 0.0697824862 0.0
    vertex 0.6947153611 0.1640000502 0.0
  endloop
endfacet
facet normal 0.0 0.0 -1.0
  outer loop
    vertex 0.8716343299 0.251036924 0.0
    vertex 0.9232632613 0.1687208192 0.0
    vertex 0.886810066 0.0697824862 0.0
  endloop
endfacet
facet normal -0.4414321449 0.8972946347 0.0
  outer loop
    vertex 0.8716343299 0.251036924 0.0
    vertex 0.6947153611 0.1640000502 0.0
    vertex 0.6947153611 0.1640000502 0.1
  endloop
endfacet
facet normal -0.4414321449 0.8972946347 0.0
  outer loop
    vertex 0.8716343299 0.251036924 0.0
    vertex 0.6947153611 0.1640000502 0.1
    vertex 0.8716343299 0.251036924 0.1
  endloop
endfacet
facet normal -0.4403587861 -0.8978218863 0.0
  outer loop
    vertex 0.6947153611 0.1640000502 0.0
    vertex 0.886810066 0.0697824862 0.0
    vertex 0.886810066 0.0697824862 0.1
  endloop
endfacet
facet normal -0.4403587861 -0.8978218863 0.0
  outer loop
    vertex 0.6947153611 0.1640000502 0.0
    vertex 0.886810066 0.0697824862 0.1
    vertex 0.6947153611 0.1640000502 0.1
  endloop
endfacet
facet normal 0.9383362543 -0.345723985 0.0
  outer loop
    vertex 0.886810066 0.0697824862 0.0
    vertex 0.9232632613 0.1687208192 0.0
    vertex 0.9232632613 0.1687208192 0.1
  endloop
endfacet
facet normal 0.9383362543 -0.345723985 0.0
  outer loop
    vertex 0.886810066 0.0697824862 0.0
    vertex 0.9232632613 0.1687208192 0.1
    vertex 0.886810066 0.0697824862 0.1
  endloop
endfacet
facet normal 0.8471583507 0.5313405018 0.0
  outer loop
    vertex 0.9232632613 0.1687208192 0.0
    vertex 0.8716343299 0.251036924 0.0
    vertex 0.8716343299 0.251036924 0.1
  endloop
endfacet
facet normal 0.8471583507 0.5313405018 -0.0
  outer loop
    vertex 0.9232632613 0.1687208192 0.0
    vertex 0.8716343299 0.251036924 0.1
    vertex 0.9232632613 0.1687208192 0.1
  endloop
endfacet
facet normal 0.0 0.0 1.0
  outer loop
    vertex 0.8670666116 0.421780787 0.1
    vertex 0.8315584884 0.4629975389 0.1
    vertex 0.7315653281 0.414735556 0.1
  endloop
endfacet
facet normal 0.0 0.0 1.0
  outer loop
    vertex 0.8670666116 0.421780787 0.1
    vertex 0.7315653281 0.414735556 0.1
    vertex 0.8548707948 0.3559749225 0.1
  endloop
endfacet
facet normal -0.0 0.0 -1.0
  outer loop
    vertex 0.8670666116 0.421780787 0.0
    vertex 0.7315653281 0.414735556 0.0
    vertex 0.8315584884 0.4629975389 0.0
  endloop
endfacet
facet normal 0.0 0.0 -1.0
  outer loop
    vertex 0.8670666116 0.421780787 0.0
    vertex 0.8548707948 0.3559749225 0.0
    vertex 0.7315653281 0.414735556 0.0
  endloop
endfacet
facet normal 0.757624087 0.6526911542 0.0
  outer loop
    vertex 0.8670666116 0.421780787 0.0
    vertex 0.8315584884 0.4629975389 0.0
    vertex 0.8315584884 0.4629975389 0.1
  endloop
endfacet
facet normal 0.757624087 0.6526911542 -0.0
  outer loop
    vertex 0.8670666116 0.421780787 0.0
    vertex 0.8315584884 0.4629975389 0.1
    vertex 0.8670666116 0.421780787 0.1
  endloop
endfacet
facet normal -0.434671806 0.9005889301 0.0
  outer loop
    vertex 0.8315584884 0.4629975389 0.0
    vertex 0.7315653281 0.414735556 0.0
    vertex 0.7315653281 0.414735556 0.1
  endloop
endfacet
facet normal -0.434671806 0.9005889301 0.0
  outer loop
    vertex 0.8315584884 0.4629975389 0.0
    vertex 0.7315653281 0.414735556 0.1
    vertex 0.8315584884 0.4629975389 0.1
  endloop
endfacet
facet normal -0.4301946247 -0.9027361657 0.0
  outer loop
    vertex 0.7315653281 0.414735556 0.0
    vertex 0.8548707948 0.3559749225 0.0
    vertex 0.8548707948 0.3559749225 0.1
  endloop
endfacet
facet normal -0.4301946247 -0.9027361657 0.0
  outer loop
    vertex 0.7315653281 0.414735556 0.0
    vertex 0.8548707948 0.3559749225 0.1
    vertex 0.7315653281 0.414735556 0.1
  endloop
endfacet
facet normal 0.9832564585 -0.1822271572 0.0
  outer loop
    vertex 0.8548707948 0.3559749225 0.0
    vertex 0.8670666116 0.421780787 0.0
    vertex 0.8670666116 0.421780787 0.1
  endloop
endfacet
facet normal 0.9832564585 -0.1822271572 0.0
  outer loop
    vertex 0.8548707948 0.3559749225 0.0
    vertex 0.8670666116 0.421780787 0.1
    vertex 0.8548707948 0.3559749225 0.1
  endloop
endfacet
facet normal 0.0 0.0 1.0
  outer loop
    vertex 0.8716343299 0.251036924 0.1
    vertex 0.9218816032 0.2989201813 0.1
    vertex 0.9114032891 0.3365342167 0.1
  endloop
endfacet
facet normal 0.0 -0.0 1.0
  outer loop
    vertex 0.8716343299 0.251036924 0.1
    vertex 0.9114032891 0.3365342167 0.1
    vertex 0.8548707948 0.3559749225 0.1
  endloop
endfacet
facet normal 0.0 0.0 -1.0
  outer loop
    vertex 0.8716343299 0.251036924 0.0
    vertex 0.9114032891 0.3365342167 0.0
    vertex 0.9218816032 0.2989201813 0.0
  endloop
endfacet
facet normal 0.0 0.0 -1.0
  outer loop
    vertex 0.8716343299 0.251036924 0.0
    vertex 0.8548707948 0.3559749225 0.0
    vertex 0.9114032891 0.3365342167 0.0
  endloop
endfacet
facet normal 0.6898720516 -0.7239313175 0.0
  outer loop
    vertex 0.8716343299 0.251036924 0.0
    vertex 0.9218816032 0.2989201813 0.0
    vertex 0.9218816032 0.2989201813 0.1
  endloop
endfacet
facet normal 0.6898720516 -0.7239313175 0.0
  outer loop
    vertex 0.8716343299 0.251036924 0.0
    vertex 0.9218816032 0.2989201813 0.1
    vertex 0.8716343299 0.251036924 0.1
  endloop
endfacet
facet normal 0.9633197043 0.268356381 0.0
  outer loop
    vertex 0.9218816032 0.2989201813 0.0
    vertex 0.9114032891 0.3365342167 0.0
    vertex 0.9114032891 0.3365342167 0.1
  endloop
endfacet
facet normal 0.9633197043 0.268356381 -0.0
  outer loop
    vertex 0.9218816032 0.2989201813 0.0
    vertex 0.9114032891 0.3365342167 0.1
    vertex 0.9218816032 0.2989201813 0.1
  endloop
endfacet
facet normal 0.3251943718 0.9456471967 0.0
  outer loop
    vertex 0.9114032891 0.3365342167 0.0
    vertex 0.8548707948 0.3559749225 0.0
    vertex 0.8548707948 0.3559749225 0.1
  endloop
endfacet
facet normal 0.3251943718 0.9456471967 -0.0
  outer loop
    vertex 0.9114032891 0.3365342167 0.0
    vertex 0.8548707948 0.3559749225 0.1
    vertex 0.9114032891 0.3365342167 0.1
  endloop
endfacet
facet normal -0.9874795705 -0.1577469423 0.0
  outer loop
    vertex 0.8548707948 0.3559749225 0.0
    vertex 0.8716343299 0.251036924 0.0
    vertex 0.8716343299 0.251036924 0.1
  endloop
endfacet
facet normal -0.9874795705 -0.1577469423 0.0
  outer loop
    vertex 0.8548707948 0.3559749225 0.0
    vertex 0.8716343299 0.251036924 0.1
    vertex 0.8548707948 0.3559749225 0.1
  endloop
endfacet
facet normal 0.0 0.0 1.0
  outer loop
    vertex 0.7007034919 0.6054228587 0.1
    vertex 0.7624613638 0.5399781362 0.1
    vertex 0.777234391 0.5899786759 0.1
  endloop
endfacet
facet normal -0.0 0.0 1.0
  outer loop
    vertex 0.7007034919 0.6054228587 0.1
    vertex 0.777234391 0.5899786759 0.1
    vertex 0.7562485881 0.6150020088 0.1
  endloop
endfacet
facet normal 0.0 0.0 -1.0
  outer loop
    vertex 0.7007034919 0.6054228587 0.0
    vertex 0.777234391 0.5899786759 0.0
    vertex 0.7624613638 0.5399781362 0.0
  endloop
endfacet
facet normal 0.0 0.0 -1.0
  outer loop
    vertex 0.7007034919 0.6054228587 0.0
    vertex 0.7562485881 0.6150020088 0.0
    vertex 0.777234391 0.5899786759 0.0
  endloop
endfacet
facet normal -0.7272961943 -0.6863237179 0.0
  outer loop
    vertex 0.7007034919 0.6054228587 0.0
    vertex 0.7624613638 0.5399781362 0.0
    vertex 0.7624613638 0.5399781362 0.1
  endloop
endfacet
facet normal -0.7272961943 -0.6863237179 0.0
  outer loop
    vertex 0.7007034919 0.6054228587 0.0
    vertex 0.7624613638 0.5399781362 0.1
    vertex 0.7007034919 0.6054228587 0.1
  endloop
endfacet
facet normal 0.9590169757 -0.2833486199 0.0
  outer loop
    vertex 0.7624613638 0.5399781362 0.0
    vertex 0.777234391 0.5899786759 0.0
    vertex 0.777234391 0.5899786759 0.1
  endloop
endfacet
facet normal 0.9590169757 -0.2833486199 0.0
  outer loop
    vertex 0.7624613638 0.5399781362 0.0
    vertex 0.777234391 0.5899786759 0.1
    vertex 0.7624613638 0.5399781362 0.1
  endloop
endfacet
facet normal 0.7662142853 0.6425851453 0.0
  outer loop
    vertex 0.777234391 0.5899786759 0.0
    vertex 0.7562485881 0.6150020088 0.0
    vertex 0.7562485881 0.6150020088 0.1
  endloop
endfacet
facet normal 0.7662142853 0.6425851453 -0.0
  outer loop
    vertex 0.777234391 0.5899786759 0.0
    vertex 0.7562485881 0.6150020088 0.1
    vertex 0.777234391 0.5899786759 0.1
  endloop
endfacet
facet normal -0.1699484283 0.9854529576 0.0
  outer loop
    vertex 0.7562485881 0.6150020088 0.0
    vertex 0.7007034919 0.6054228587 0.0
    vertex 0.7007034919 0.6054228587 0.1
  endloop
endfacet
facet normal -0.1699484283 0.9854529576 0.0
  outer loop
    vertex 0.7562485881 0.6150020088 0.0
    vertex 0.7007034919 0.6054228587 0.1
    vertex 0.7562485881 0.6150020088 0.1
  endloop
endfacet
facet normal 0.0 0.0 1.0
  outer loop
    vertex 0.8181434808 0.514112025 0.1
    vertex 0.7624613638 0.5399781362 0.1
    vertex 0.7315653281 0.414735556 0.1
  endloop
endfacet
facet normal 0.0 0.0 1.0
  outer loop
    vertex 0.8181434808 0.514112025 0.1
    vertex 0.7315653281 0.414735556 0.1
    vertex 0.8315584884 0.4629975389 0.1
  endloop
endfacet
facet normal -0.0 0.0 -1.0
  outer loop
    vertex 0.8181434808 0.514112025 0.0
    vertex 0.7315653281 0.414735556 0.0
    vertex 0.7624613638 0.5399781362 0.0
  endloop
endfacet
facet normal 0.0 -0.0 -1.0
  outer loop
    vertex 0.8181434808 0.514112025 0.0
    vertex 0.8315584884 0.4629975389 0.0
    vertex 0.7315653281 0.414735556 0.0
  endloop
endfacet
facet normal 0.4212948631 0.9069237224 0.0
  outer loop
    vertex 0.8181434808 0.514112025 0.0
    vertex 0.7624613638 0.5399781362 0.0
    vertex 0.7624613638 0.5399781362 0.1
  endloop
endfacet
facet normal 0.4212948631 0.9069237224 -0.0
  outer loop
    vertex 0.8181434808 0.514112025 0.0
    vertex 0.7624613638 0.5399781362 0.1
    vertex 0.8181434808 0.514112025 0.1
  endloop
endfacet
facet normal -0.970894042 0.2395094137 0.0
  outer loop
    vertex 0.7624613638 0.5399781362 0.0
    vertex 0.7315653281 0.414735556 0.0
    vertex 0.7315653281 0.414735556 0.1
  endloop
endfacet
facet normal -0.970894042 0.2395094137 0.0
  outer loop
    vertex 0.7624613638 0.5399781362 0.0
    vertex 0.7315653281 0.414735556 0.1
    vertex 0.7624613638 0.5399781362 0.1
  endloop
endfacet
facet normal 0.434671806 -0.9005889301 0.0
  outer loop
    vertex 0.7315653281 0.414735556 0.0
    vertex 0.8315584884 0.4629975389 0.0
    vertex 0.8315584884 0.4629975389 0.1
  endloop
endfacet
facet normal 0.434671806 -0.9005889301 0.0
  outer loop
    vertex 0.7315653281 0.414735556 0.0
    vertex 0.8315584884 0.4629975389 0.1
    vertex 0.7315653281 0.414735556 0.1
  endloop
endfacet
facet normal 0.9672427913 0.2538530731 0.0
  outer loop
    vertex 0.8315584884 0.4629975389 0.0
    vertex 0.8181434808 0.514112025 0.0
    vertex 0.8181434808 0.514112025 0.1
  endloop
endfacet
facet normal 0.9672427913 0.2538530731 -0.0
  outer loop
    vertex 0.8315584884 0.4629975389 0.0
    vertex 0.8181434808 0.514112025 0.1
    vertex 0.8315584884 0.4629975389 0.1
  endloop
endfacet
facet normal 0.0 0.0 1.0
  outer loop
    vertex 0.7007034919 0.6054228587 0.1
    vertex 0.6755873699 0.6755873699 0.1
    vertex 0.6054228587 0.7007034919 0.1
  endloop
endfacet
facet normal 0.0 0.0 1.0
  outer loop
    vertex 0.7007034919 0.6054228587 0.1
    vertex 0.6054228587 0.7007034919 0.1
    vertex 0.5523004264 0.5523004264 0.1
  endloop
endfacet
facet normal 0.0 0.0 -1.0
  outer loop
    vertex 0.7007034919 0.6054228587 0.0
    vertex 0.6054228587 0.7007034919 0.0
    vertex 0.6755873699 0.6755873699 0.0
  endloop
endfacet
facet normal -0.0 0.0 -1.0
  outer loop
    vertex 0.7007034919 0.6054228587 0.0
    vertex 0.5523004264 0.5523004264 0.0
    vertex 0.6054228587 0.7007034919 0.0
  endloop
endfacet
facet normal 0.9414978398 0.3370190168 0.0
  outer loop
    vertex 0.7007034919 0.6054228587 0.0
    vertex 0.6755873699 0.6755873699 0.0
    vertex 0.6755873699 0.6755873699 0.1
  endloop
endfacet
facet normal 0.9414978398 0.3370190168 -0.0
  outer loop
    vertex 0.7007034919 0.6054228587 0.0
    vertex 0.6755873699 0.6755873699 0.1
    vertex 0.7007034919 0.6054228587 0.1
  endloop
endfacet
facet normal 0.3370190168 0.9414978398 0.0
  outer loop
    vertex 0.6755873699 0.6755873699 0.0
    vertex 0.6054228587 0.7007034919 0.0
    vertex 0.6054228587 0.7007034919 0.1
  endloop
endfacet
facet normal 0.3370190168 0.9414978398 -0.0
  outer loop
    vertex 0.6755873699 0.6755873699 0.0
    vertex 0.6054228587 0.7007034919 0.1
    vertex 0.6755873699 0.6755873699 0.1
  endloop
endfacet
facet normal -0.9414978398 0.3370190168 0.0
  outer loop
    vertex 0.6054228587 0.7007034919 0.0
    vertex 0.5523004264 0.5523004264 0.0
    vertex 0.5523004264 0.5523004264 0.1
  endloop
endfacet
facet normal -0.9414978398 0.3370190168 0.0
  outer loop
    vertex 0.6054228587 0.7007034919 0.0
    vertex 0.5523004264 0.5523004264 0.1
    vertex 0.6054228587 0.7007034919 0.1
  endloop
endfacet
facet normal 0.3370190168 -0.9414978398 0.0
  outer loop
    vertex 0.5523004264 0.5523004264 0.0
    vertex 0.7007034919 0.6054228587 0.0
    vertex 0.7007034919 0.6054228587 0.1
  endloop
endfacet
facet normal 0.3370190168 -0.9414978398 0.0
  outer loop
    vertex 0.5523004264 0.5523004264 0.0
    vertex 0.7007034919 0.6054228587 0.1
    vertex 0.5523004264 0.5523004264 0.1
  endloop
endfacet
facet normal 0.0 0.0 1.0
  outer loop
    vertex 0.281411123 0.281411123 0.1
    vertex 0.1640000502 0.6947153611 0.1
    vertex -0.1640000502 0.6947153611 0.1
  endloop
endfacet
facet normal 0.0 0.0 1.0
  outer loop
    vertex 0.281411123 0.281411123 0.1
    vertex -0.1640000502 0.6947153611 0.1
    vertex -0.281411123 0.281411123 0.1
  endloop
endfacet
facet normal 0.0 0.0 -1.0
  outer loop
    vertex 0.281411123 0.281411123 0.0
    vertex -0.1640000502 0.6947153611 0.0
    vertex 0.1640000502 0.6947153611 0.0
  endloop
endfacet
facet normal 0.0 0.0 -1.0
  outer loop
    vertex 0.281411123 0.281411123 0.0
    vertex -0.281411123 0.281411123 0.0
    vertex -0.1640000502 0.6947153611 0.0
  endloop
endfacet
facet normal 0.9619383578 0.2732665289 0.0
  outer loop
    vertex 0.281411123 0.281411123 0.0
    vertex 0.1640000502 0.6947153611 0.0
    vertex 0.1640000502 0.6947153611 0.1
  endloop
endfacet
facet normal 0.9619383578 0.2732665289 -0.0
  outer loop
    vertex 0.281411123 0.281411123 0.0
    vertex 0.1640000502 0.6947153611 0.1
    vertex 0.281411123 0.281411123 0.1
  endloop
endfacet
facet normal 0.0 1.0 0.0
  outer loop
    vertex 0.1640000502 0.6947153611 0.0
    vertex -0.1640000502 0.6947153611 0.0
    vertex -0.1640000502 0.6947153611 0.1
  endloop
endfacet
facet normal 0.0 1.0 -0.0
  outer loop
    vertex 0.1640000502 0.6947153611 0.0
    vertex -0.1640000502 0.6947153611 0.1
    vertex 0.1640000502 0.6947153611 0.1
  endloop
endfacet
facet normal -0.9619383578 0.2732665289 0.0
  outer loop
    vertex -0.1640000502 0.6947153611 0.0
    vertex -0.281411123 0.281411123 0.0
    vertex -0.281411123 0.281411123 0.1
  endloop
endfacet
facet normal -0.9619383578 0.2732665289 0.0
  outer loop
    vertex -0.1640000502 0.6947153611 0.0
    vertex -0.281411123 0.281411123 0.1
    vertex -0.1640000502 0.6947153611 0.1
  endloop
endfacet
facet normal -0.0 -1.0 0.0
  outer loop
    vertex -0.281411123 0.281411123 0.0
    vertex 0.281411123 0.281411123 0.0
    vertex 0.281411123 0.281411123 0.1
  endloop
endfacet
facet normal -0.0 -1.0 0.0
  outer loop
    vertex -0.281411123 0.281411123 0.0
    vertex 0.281411123 0.281411123 0.1
    vertex -0.281411123 0.281411123 0.1
  endloop
endfacet
facet normal 0.0 0.0 1.0
  outer loop
    vertex 0.251036924 0.8716343299 0.1
    vertex 0.1640000502 0.6947153611 0.1
    vertex 0.414735556 0.7315653281 0.1
  endloop
endfacet
facet normal 0.0 0.0 1.0
  outer loop
    vertex 0.251036924 0.8716343299 0.1
    vertex 0.414735556 0.7315653281 0.1
    vertex 0.3559749225 0.8548707948 0.1
  endloop
endfacet
facet normal 0.0 -0.0 -1.0
  outer loop
    vertex 0.251036924 0.8716343299 0.0
    vertex 0.414735556 0.7315653281 0.0
    vertex 0.1640000502 0.6947153611 0.0
  endloop
endfacet
facet normal 0.0 0.0 -1.0
  outer loop
    vertex 0.251036924 0.8716343299 0.0
    vertex 0.3559749225 0.8548707948 0.0
    vertex 0.414735556 0.7315653281 0.0
  endloop
endfacet
facet normal -0.8972946347 0.4414321449 0.0
  outer loop
    vertex 0.251036924 0.8716343299 0.0
    vertex 0.1640000502 0.6947153611 0.0
    vertex 0.1640000502 0.6947153611 0.1
  endloop
endfacet
facet normal -0.8972946347 0.4414321449 0.0
  outer loop
    vertex 0.251036924 0.8716343299 0.0
    vertex 0.1640000502 0.6947153611 0.1
    vertex 0.251036924 0.8716343299 0.1
  endloop
endfacet
facet normal 0.1454055362 -0.9893721393 0.0
  outer loop
    vertex 0.1640000502 0.6947153611 0.0
    vertex 0.414735556 0.7315653281 0.0
    vertex 0.414735556 0.7315653281 0.1
  endloop
endfacet
facet normal 0.1454055362 -0.9893721393 0.0
  outer loop
    vertex 0.1640000502 0.6947153611 0.0
    vertex 0.414735556 0.7315653281 0.1
    vertex 0.1640000502 0.6947153611 0.1
  endloop
endfacet
facet normal 0.9027361657 0.4301946247 0.0
  outer loop
    vertex 0.414735556 0.7315653281 0.0
    vertex 0.3559749225 0.8548707948 0.0
    vertex 0.3559749225 0.8548707948 0.1
  endloop
endfacet
facet normal 0.9027361657 0.4301946247 -0.0
  outer loop
    vertex 0.414735556 0.7315653281 0.0
    vertex 0.3559749225 0.8548707948 0.1
    vertex 0.414735556 0.7315653281 0.1
  endloop
endfacet
facet normal 0.1577469423 0.9874795705 0.0
  outer loop
    vertex 0.3559749225 0.8548707948 0.0
    vertex 0.251036924 0.8716343299 0.0
    vertex 0.251036924 0.8716343299 0.1
  endloop
endfacet
facet normal 0.1577469423 0.9874795705 -0.0
  outer loop
    vertex 0.3559749225 0.8548707948 0.0
    vertex 0.251036924 0.8716343299 0.1
    vertex 0.3559749225 0.8548707948 0.1
  endloop
endfacet
facet normal 0.0 0.0 1.0
  outer loop
    vertex 0.6054228587 0.7007034919 0.1
    vertex 0.5399781362 0.7624613638 0.1
    vertex 0.414735556 0.7315653281 0.1
  endloop
endfacet
facet normal 0.0 0.0 1.0
  outer loop
    vertex 0.6054228587 0.7007034919 0.1
    vertex 0.414735556 0.7315653281 0.1
    vertex 0.5523004264 0.5523004264 0.1
  endloop
endfacet
facet normal 0.0 0.0 -1.0
  outer loop
    vertex 0.6054228587 0.7007034919 0.0
    vertex 0.414735556 0.7315653281 0.0
    vertex 0.5399781362 0.7624613638 0.0
  endloop
endfacet
facet normal -0.0 0.0 -1.0
  outer loop
    vertex 0.6054228587 0.7007034919 0.0
    vertex 0.5523004264 0.5523004264 0.0
    vertex 0.414735556 0.7315653281 0.0
  endloop
endfacet
facet normal 0.6863237179 0.7272961943 0.0
  outer loop
    vertex 0.6054228587 0.7007034919 0.0
    vertex 0.5399781362 0.7624613638 0.0
    vertex 0.5399781362 0.7624613638 0.1
  endloop
endfacet
facet normal 0.6863237179 0.7272961943 -0.0
  outer loop
    vertex 0.6054228587 0.7007034919 0.0
    vertex 0.5399781362 0.7624613638 0.1
    vertex 0.6054228587 0.7007034919 0.1
  endloop
endfacet
facet normal -0.2395094137 0.970894042 0.0
  outer loop
    vertex 0.5399781362 0.7624613638 0.0
    vertex 0.414735556 0.7315653281 0.0
    vertex 0.414735556 0.7315653281 0.1
  endloop
endfacet
facet normal -0.2395094137 0.970894042 0.0
  outer loop
    vertex 0.5399781362 0.7624613638 0.0
    vertex 0.414735556 0.7315653281 0.1
    vertex 0.5399781362 0.7624613638 0.1
  endloop
endfacet
facet normal -0.7933318097 -0.6087894872 0.0
  outer loop
    vertex 0.414735556 0.7315653281 0.0
    vertex 0.5523004264 0.5523004264 0.0
    vertex 0.5523004264 0.5523004264 0.1
  endloop
endfacet
facet normal -0.7933318097 -0.6087894872 0.0
  outer loop
    vertex 0.414735556 0.7315653281 0.0
    vertex 0.5523004264 0.5523004264 0.1
    vertex 0.414735556 0.7315653281 0.1
  endloop
endfacet
facet normal 0.9414978398 -0.3370190168 0.0
  outer loop
    vertex 0.5523004264 0.5523004264 0.0
    vertex 0.6054228587 0.7007034919 0.0
    vertex 0.6054228587 0.7007034919 0.1
  endloop
endfacet
facet normal 0.9414978398 -0.3370190168 0.0
  outer loop
    vertex 0.5523004264 0.5523004264 0.0
    vertex 0.6054228587 0.7007034919 0.1
    vertex 0.5523004264 0.5523004264 0.1
  endloop
endfacet
facet normal 0.0 0.0 1.0
  outer loop
    vertex 0.7315653281 0.414735556 0.1
    vertex 0.6947153611 0.1640000502 0.1
    vertex 0.8716343299 0.251036924 0.1
  endloop
endfacet
facet normal 0.0 0.0 1.0
  outer loop
    vertex 0.7315653281 0.414735556 0.1
    vertex 0.8716343299 0.251036924 0.1
    vertex 0.8548707948 0.3559749225 0.1
  endloop
endfacet
facet normal 0.0 -0.0 -1.0
  outer loop
    vertex 0.7315653281 0.414735556 0.0
    vertex 0.8716343299 0.251036924 0.0
    vertex 0.6947153611 0.1640000502 0.0
  endloop
endfacet
facet normal 0.0 0.0 -1.0
  outer loop
    vertex 0.7315653281 0.414735556 0.0
    vertex 0.8548707948 0.3559749225 0.0
    vertex 0.8716343299 0.251036924 0.0
  endloop
endfacet
facet normal -0.9893721393 0.1454055362 0.0
  outer loop
    vertex 0.7315653281 0.414735556 0.0
    vertex 0.6947153611 0.1640000502 0.0
    vertex 0.6947153611 0.1640000502 0.1
  endloop
endfacet
facet normal -0.9893721393 0.1454055362 0.0
  outer loop
    vertex 0.7315653281 0.414735556 0.0
    vertex 0.6947153611 0.1640000502 0.1
    vertex 0.7315653281 0.414735556 0.1
  endloop
endfacet
facet normal 0.4414321449 -0.8972946347 0.0
  outer loop
    vertex 0.6947153611 0.1640000502 0.0
    vertex 0.8716343299 0.251036924 0.0
    vertex 0.8716343299 0.251036924 0.1
  endloop
endfacet
facet normal 0.4414321449 -0.8972946347 0.0
  outer loop
    vertex 0.6947153611 0.1640000502 0.0
    vertex 0.8716343299 0.251036924 0.1
    vertex 0.6947153611 0.1640000502 0.1
  endloop
endfacet
facet normal 0.9874795705 0.1577469423 0.0
  outer loop
    vertex 0.8716343299 0.251036924 0.0
    vertex 0.8548707948 0.3559749225 0.0
    vertex 0.8548707948 0.3559749225 0.1
  endloop
endfacet
facet normal 0.9874795705 0.1577469423 -0.0
  outer loop
    vertex 0.8716343299 0.251036924 0.0
    vertex 0.8548707948 0.3559749225 0.1
    vertex 0.8716343299 0.251036924 0.1
  endloop
endfacet
facet normal 0.4301946247 0.9027361657 0.0
  outer loop
    vertex 0.8548707948 0.3559749225 0.0
    vertex 0.7315653281 0.414735556 0.0
    vertex 0.7315653281 0.414735556 0.1
  endloop
endfacet
facet normal 0.4301946247 0.9027361657 -0.0
  outer loop
    vertex 0.8548707948 0.3559749225 0.0
    vertex 0.7315653281 0.414735556 0.1
    vertex 0.8548707948 0.3559749225 0.1
  endloop
endfacet
facet normal 0.0 0.0 1.0
  outer loop
    vertex 0.9514465599 0.211869869 0.1
    vertex 0.939094954 0.245576314 0.1
    vertex 0.8716343299 0.251036924 0.1
  endloop
endfacet
facet normal 0.0 0.0 1.0
  outer loop
    vertex 0.9514465599 0.211869869 0.1
    vertex 0.8716343299 0.251036924 0.1
    vertex 0.9232632613 0.1687208192 0.1
  endloop
endfacet
facet normal 0.0 0.0 -1.0
  outer loop
    vertex 0.9514465599 0.211869869 0.0
    vertex 0.8716343299 0.251036924 0.0
    vertex 0.939094954 0.245576314 0.0
  endloop
endfacet
facet normal -0.0 0.0 -1.0
  outer loop
    vertex 0.9514465599 0.211869869 0.0
    vertex 0.9232632613 0.1687208192 0.0
    vertex 0.8716343299 0.251036924 0.0
  endloop
endfacet
facet normal 0.9389431401 0.3440723465 0.0
  outer loop
    vertex 0.9514465599 0.211869869 0.0
    vertex 0.939094954 0.245576314 0.0
    vertex 0.939094954 0.245576314 0.1
  endloop
endfacet
facet normal 0.9389431401 0.3440723465 -0.0
  outer loop
    vertex 0.9514465599 0.211869869 0.0
    vertex 0.939094954 0.245576314 0.1
    vertex 0.9514465599 0.211869869 0.1
  endloop
endfacet
facet normal 0.0806812593 0.9967399532 0.0
  outer loop
    vertex 0.939094954 0.245576314 0.0
    vertex 0.8716343299 0.251036924 0.0
    vertex 0.8716343299 0.251036924 0.1
  endloop
endfacet
facet normal 0.0806812593 0.9967399532 -0.0
  outer loop
    vertex 0.939094954 0.245576314 0.0
    vertex 0.8716343299 0.251036924 0.1
    vertex 0.939094954 0.245576314 0.1
  endloop
endfacet
facet normal -0.8471583507 -0.5313405018 0.0
  outer loop
    vertex 0.8716343299 0.251036924 0.0
    vertex 0.9232632613 0.1687208192 0.0
    vertex 0.9232632613 0.1687208192 0.1
  endloop
endfacet
facet normal -0.8471583507 -0.5313405018 0.0
  outer loop
    vertex 0.8716343299 0.251036924 0.0
    vertex 0.9232632613 0.1687208192 0.1
    vertex 0.8716343299 0.251036924 0.1
  endloop
endfacet
facet normal 0.8372320624 -0.5468477609 0.0
  outer loop
    vertex 0.9232632613 0.1687208192 0.0
    vertex 0.9514465599 0.211869869 0.0
    vertex 0.9514465599 0.211869869 0.1
  endloop
endfacet
facet normal 0.8372320624 -0.5468477609 0.0
  outer loop
    vertex 0.9232632613 0.1687208192 0.0
    vertex 0.9514465599 0.211869869 0.1
    vertex 0.9232632613 0.1687208192 0.1
  endloop
endfacet
facet normal 0.0 0.0 1.0
  outer loop
    vertex 0.886810066 0.0697824862 0.1
    vertex 0.9616876626 0.0939508867 0.1
    vertex 0.9636261631 0.1337538377 0.1
  endloop
endfacet
facet normal 0.0 0.0 1.0
  outer loop
    vertex 0.886810066 0.0697824862 0.1
    vertex 0.9636261631 0.1337538377 0.1
    vertex 0.9232632613 0.1687208192 0.1
  endloop
endfacet
facet normal 0.0 0.0 -1.0
  outer loop
    vertex 0.886810066 0.0697824862 0.0
    vertex 0.9636261631 0.1337538377 0.0
    vertex 0.9616876626 0.0939508867 0.0
  endloop
endfacet
facet normal 0.0 0.0 -1.0
  outer loop
    vertex 0.886810066 0.0697824862 0.0
    vertex 0.9232632613 0.1687208192 0.0
    vertex 0.9636261631 0.1337538377 0.0
  endloop
endfacet
facet normal 0.3071678175 -0.951655364 0.0
  outer loop
    vertex 0.886810066 0.0697824862 0.0
    vertex 0.9616876626 0.0939508867 0.0
    vertex 0.9616876626 0.0939508867 0.1
  endloop
endfacet
facet normal 0.3071678175 -0.951655364 0.0
  outer loop
    vertex 0.886810066 0.0697824862 0.0
    vertex 0.9616876626 0.0939508867 0.1
    vertex 0.886810066 0.0697824862 0.1
  endloop
endfacet
facet normal 0.9988161421 -0.0486447755 0.0
  outer loop
    vertex 0.9616876626 0.0939508867 0.0
    vertex 0.9636261631 0.1337538377 0.0
    vertex 0.9636261631 0.1337538377 0.1
  endloop
endfacet
facet normal 0.9988161421 -0.0486447755 0.0
  outer loop
    vertex 0.9616876626 0.0939508867 0.0
    vertex 0.9636261631 0.1337538377 0.1
    vertex 0.9616876626 0.0939508867 0.1
  endloop
endfacet
facet normal 0.6547786758 0.7558206703 0.0
  outer loop
    vertex 0.9636261631 0.1337538377 0.0
    vertex 0.9232632613 0.1687208192 0.0
    vertex 0.9232632613 0.1687208192 0.1
  endloop
endfacet
facet normal 0.6547786758 0.7558206703 -0.0
  outer loop
    vertex 0.9636261631 0.1337538377 0.0
    vertex 0.9232632613 0.1687208192 0.1
    vertex 0.9636261631 0.1337538377 0.1
  endloop
endfacet
facet normal -0.9383362543 0.345723985 0.0
  outer loop
    vertex 0.9232632613 0.1687208192 0.0
    vertex 0.886810066 0.0697824862 0.0
    vertex 0.886810066 0.0697824862 0.1
  endloop
endfacet
facet normal -0.9383362543 0.345723985 0.0
  outer loop
    vertex 0.9232632613 0.1687208192 0.0
    vertex 0.886810066 0.0697824862 0.1
    vertex 0.9232632613 0.1687208192 0.1
  endloop
endfacet
facet normal 0.0 0.0 1.0
  outer loop
    vertex 0.9232632613 -0.1687208192 0.1
    vertex 0.8716343299 -0.251036924 0.1
    vertex 0.939094954 -0.245576314 0.1
  endloop
endfacet
facet normal 0.0 0.0 1.0
  outer loop
    vertex 0.9232632613 -0.1687208192 0.1
    vertex 0.939094954 -0.245576314 0.1
    vertex 0.9514465599 -0.211869869 0.1
  endloop
endfacet
facet normal 0.0 -0.0 -1.0
  outer loop
    vertex 0.9232632613 -0.1687208192 0.0
    vertex 0.939094954 -0.245576314 0.0
    vertex 0.8716343299 -0.251036924 0.0
  endloop
endfacet
facet normal 0.0 0.0 -1.0
  outer loop
    vertex 0.9232632613 -0.1687208192 0.0
    vertex 0.9514465599 -0.211869869 0.0
    vertex 0.939094954 -0.245576314 0.0
  endloop
endfacet
facet normal -0.8471583507 0.5313405018 0.0
  outer loop
    vertex 0.9232632613 -0.1687208192 0.0
    vertex 0.8716343299 -0.251036924 0.0
    vertex 0.8716343299 -0.251036924 0.1
  endloop
endfacet
facet normal -0.8471583507 0.5313405018 0.0
  outer loop
    vertex 0.9232632613 -0.1687208192 0.0
    vertex 0.8716343299 -0.251036924 0.1
    vertex 0.9232632613 -0.1687208192 0.1
  endloop
endfacet
facet normal 0.0806812593 -0.9967399532 0.0
  outer loop
    vertex 0.8716343299 -0.251036924 0.0
    vertex 0.939094954 -0.245576314 0.0
    vertex 0.939094954 -0.245576314 0.1
  endloop
endfacet
facet normal 0.0806812593 -0.9967399532 0.0
  outer loop
    vertex 0.8716343299 -0.251036924 0.0
    vertex 0.939094954 -0.245576314 0.1
    vertex 0.8716343299 -0.251036924 0.1
  endloop
endfacet
facet normal 0.9389431401 -0.3440723465 0.0
  outer loop
    vertex 0.939094954 -0.245576314 0.0
    vertex 0.9514465599 -0.211869869 0.0
    vertex 0.9514465599 -0.211869869 0.1
  endloop
endfacet
facet normal 0.9389431401 -0.3440723465 0.0
  outer loop
    vertex 0.939094954 -0.245576314 0.0
    vertex 0.9514465599 -0.211869869 0.1
    vertex 0.939094954 -0.245576314 0.1
  endloop
endfacet
facet normal 0.8372320624 0.5468477609 0.0
  outer loop
    vertex 0.9514465599 -0.211869869 0.0
    vertex 0.9232632613 -0.1687208192 0.0
    vertex 0.9232632613 -0.1687208192 0.1
  endloop
endfacet
facet normal 0.8372320624 0.5468477609 -0.0
  outer loop
    vertex 0.9514465599 -0.211869869 0.0
    vertex 0.9232632613 -0.1687208192 0.1
    vertex 0.9514465599 -0.211869869 0.1
  endloop
endfacet
facet normal 0.0 -0.0 1.0
  outer loop
    vertex 0.8548707948 -0.3559749225 0.1
    vertex 0.8716343299 -0.251036924 0.1
    vertex 0.6947153611 -0.1640000502 0.1
  endloop
endfacet
facet normal 0.0 0.0 1.0
  outer loop
    vertex 0.8548707948 -0.3559749225 0.1
    vertex 0.6947153611 -0.1640000502 0.1
    vertex 0.7315653281 -0.414735556 0.1
  endloop
endfacet
facet normal 0.0 0.0 -1.0
  outer loop
    vertex 0.8548707948 -0.3559749225 0.0
    vertex 0.6947153611 -0.1640000502 0.0
    vertex 0.8716343299 -0.251036924 0.0
  endloop
endfacet
facet normal -0.0 0.0 -1.0
  outer loop
    vertex 0.8548707948 -0.3559749225 0.0
    vertex 0.7315653281 -0.414735556 0.0
    vertex 0.6947153611 -0.1640000502 0.0
  endloop
endfacet
facet normal 0.9874795705 -0.1577469423 0.0
  outer loop
    vertex 0.8548707948 -0.3559749225 0.0
    vertex 0.8716343299 -0.251036924 0.0
    vertex 0.8716343299 -0.251036924 0.1
  endloop
endfacet
facet normal 0.9874795705 -0.1577469423 0.0
  outer loop
    vertex 0.8548707948 -0.3559749225 0.0
    vertex 0.8716343299 -0.251036924 0.1
    vertex 0.8548707948 -0.3559749225 0.1
  endloop
endfacet
facet normal 0.4414321449 0.8972946347 0.0
  outer loop
    vertex 0.8716343299 -0.251036924 0.0
    vertex 0.6947153611 -0.1640000502 0.0
    vertex 0.6947153611 -0.1640000502 0.1
  endloop
endfacet
facet normal 0.4414321449 0.8972946347 -0.0
  outer loop
    vertex 0.8716343299 -0.251036924 0.0
    vertex 0.6947153611 -0.1640000502 0.1
    vertex 0.8716343299 -0.251036924 0.1
  endloop
endfacet
facet normal -0.9893721393 -0.1454055362 0.0
  outer loop
    vertex 0.6947153611 -0.1640000502 0.0
    vertex 0.7315653281 -0.414735556 0.0
    vertex 0.7315653281 -0.414735556 0.1
  endloop
endfacet
facet normal -0.9893721393 -0.1454055362 0.0
  outer loop
    vertex 0.6947153611 -0.1640000502 0.0
    vertex 0.7315653281 -0.414735556 0.1
    vertex 0.6947153611 -0.1640000502 0.1
  endloop
endfacet
facet normal 0.4301946247 -0.9027361657 0.0
  outer loop
    vertex 0.7315653281 -0.414735556 0.0
    vertex 0.8548707948 -0.3559749225 0.0
    vertex 0.8548707948 -0.3559749225 0.1
  endloop
endfacet
facet normal 0.4301946247 -0.9027361657 0.0
  outer loop
    vertex 0.7315653281 -0.414735556 0.0
    vertex 0.8548707948 -0.3559749225 0.1
    vertex 0.7315653281 -0.414735556 0.1
  endloop
endfacet
facet normal 0.0 0.0 1.0
  outer loop
    vertex 0.9232632613 -0.1687208192 0.1
    vertex 0.9636261631 -0.1337538377 0.1
    vertex 0.9616876626 -0.0939508867 0.1
  endloop
endfacet
facet normal 0.0 -0.0 1.0
  outer loop
    vertex 0.9232632613 -0.1687208192 0.1
    vertex 0.9616876626 -0.0939508867 0.1
    vertex 0.886810066 -0.0697824862 0.1
  endloop
endfacet
facet normal 0.0 0.0 -1.0
  outer loop
    vertex 0.9232632613 -0.1687208192 0.0
    vertex 0.9616876626 -0.0939508867 0.0
    vertex 0.9636261631 -0.1337538377 0.0
  endloop
endfacet
facet normal 0.0 0.0 -1.0
  outer loop
    vertex 0.9232632613 -0.1687208192 0.0
    vertex 0.886810066 -0.0697824862 0.0
    vertex 0.9616876626 -0.0939508867 0.0
  endloop
endfacet
facet normal 0.6547786758 -0.7558206703 0.0
  outer loop
    vertex 0.9232632613 -0.1687208192 0.0
    vertex 0.9636261631 -0.1337538377 0.0
    vertex 0.9636261631 -0.1337538377 0.1
  endloop
endfacet
facet normal 0.6547786758 -0.7558206703 0.0
  outer loop
    vertex 0.9232632613 -0.1687208192 0.0
    vertex 0.9636261631 -0.1337538377 0.1
    vertex 0.9232632613 -0.1687208192 0.1
  endloop
endfacet
facet normal 0.9988161421 0.0486447755 0.0
  outer loop
    vertex 0.9636261631 -0.1337538377 0.0
    vertex 0.9616876626 -0.0939508867 0.0
    vertex 0.9616876626 -0.0939508867 0.1
  endloop
endfacet
facet normal 0.9988161421 0.0486447755 -0.0
  outer loop
    vertex 0.9636261631 -0.1337538377 0.0
    vertex 0.9616876626 -0.0939508867 0.1
    vertex 0.9636261631 -0.1337538377 0.1
  endloop
endfacet
facet normal 0.3071678175 0.951655364 0.0
  outer loop
    vertex 0.9616876626 -0.0939508867 0.0
    vertex 0.886810066 -0.0697824862 0.0
    vertex 0.886810066 -0.0697824862 0.1
  endloop
endfacet
facet normal 0.3071678175 0.951655364 -0.0
  outer loop
    vertex 0.9616876626 -0.0939508867 0.0
    vertex 0.886810066 -0.0697824862 0.1
    vertex 0.9616876626 -0.0939508867 0.1
  endloop
endfacet
facet normal -0.9383362543 -0.345723985 0.0
  outer loop
    vertex 0.886810066 -0.0697824862 0.0
    vertex 0.9232632613 -0.1687208192 0.0
    vertex 0.9232632613 -0.1687208192 0.1
  endloop
endfacet
facet normal -0.9383362543 -0.345723985 0.0
  outer loop
    vertex 0.886810066 -0.0697824862 0.0
    vertex 0.9232632613 -0.1687208192 0.1
    vertex 0.886810066 -0.0697824862 0.1
  endloop
endfacet
facet normal 0.0 0.0 1.0
  outer loop
    vertex 0.886810066 0.0697824862 0.1
    vertex 0.9599459677 0.0260228751 0.1
    vertex 0.9762294869 0.061227599 0.1
  endloop
endfacet
facet normal -0.0 0.0 1.0
  outer loop
    vertex 0.886810066 0.0697824862 0.1
    vertex 0.9762294869 0.061227599 0.1
    vertex 0.9616876626 0.0939508867 0.1
  endloop
endfacet
facet normal 0.0 0.0 -1.0
  outer loop
    vertex 0.886810066 0.0697824862 0.0
    vertex 0.9762294869 0.061227599 0.0
    vertex 0.9599459677 0.0260228751 0.0
  endloop
endfacet
facet normal 0.0 0.0 -1.0
  outer loop
    vertex 0.886810066 0.0697824862 0.0
    vertex 0.9616876626 0.0939508867 0.0
    vertex 0.9762294869 0.061227599 0.0
  endloop
endfacet
facet normal -0.5134434297 -0.8581234436 0.0
  outer loop
    vertex 0.886810066 0.0697824862 0.0
    vertex 0.9599459677 0.0260228751 0.0
    vertex 0.9599459677 0.0260228751 0.1
  endloop
endfacet
facet normal -0.5134434297 -0.8581234436 0.0
  outer loop
    vertex 0.886810066 0.0697824862 0.0
    vertex 0.9599459677 0.0260228751 0.1
    vertex 0.886810066 0.0697824862 0.1
  endloop
endfacet
facet normal 0.9076139336 -0.419805845 0.0
  outer loop
    vertex 0.9599459677 0.0260228751 0.0
    vertex 0.9762294869 0.061227599 0.0
    vertex 0.9762294869 0.061227599 0.1
  endloop
endfacet
facet normal 0.9076139336 -0.419805845 0.0
  outer loop
    vertex 0.9599459677 0.0260228751 0.0
    vertex 0.9762294869 0.061227599 0.1
    vertex 0.9599459677 0.0260228751 0.1
  endloop
endfacet
facet normal 0.9138308162 0.4060951113 0.0
  outer loop
    vertex 0.9762294869 0.061227599 0.0
    vertex 0.9616876626 0.0939508867 0.0
    vertex 0.9616876626 0.0939508867 0.1
  endloop
endfacet
facet normal 0.9138308162 0.4060951113 -0.0
  outer loop
    vertex 0.9762294869 0.061227599 0.0
    vertex 0.9616876626 0.0939508867 0.1
    vertex 0.9762294869 0.061227599 0.1
  endloop
endfacet
facet normal -0.3071678175 0.951655364 0.0
  outer loop
    vertex 0.9616876626 0.0939508867 0.0
    vertex 0.886810066 0.0697824862 0.0
    vertex 0.886810066 0.0697824862 0.1
  endloop
endfacet
facet normal -0.3071678175 0.951655364 0.0
  outer loop
    vertex 0.9616876626 0.0939508867 0.0
    vertex 0.886810066 0.0697824862 0.1
    vertex 0.9616876626 0.0939508867 0.1
  endloop
endfacet
facet normal 0.0 0.0 1.0
  outer loop
    vertex 0.9860365067 0.009244182 0.1
    vertex 0.9599459677 0.0260228751 0.1
    vertex 0.9599459677 -0.0260228751 0.1
  endloop
endfacet
facet normal 0.0 0.0 1.0
  outer loop
    vertex 0.9860365067 0.009244182 0.1
    vertex 0.9599459677 -0.0260228751 0.1
    vertex 0.9860365067 -0.009244182 0.1
  endloop
endfacet
facet normal -0.0 0.0 -1.0
  outer loop
    vertex 0.9860365067 0.009244182 0.0
    vertex 0.9599459677 -0.0260228751 0.0
    vertex 0.9599459677 0.0260228751 0.0
  endloop
endfacet
facet normal 0.0 -0.0 -1.0
  outer loop
    vertex 0.9860365067 0.009244182 0.0
    vertex 0.9860365067 -0.009244182 0.0
    vertex 0.9599459677 -0.0260228751 0.0
  endloop
endfacet
facet normal 0.5408990937 0.8410874927 0.0
  outer loop
    vertex 0.9860365067 0.009244182 0.0
    vertex 0.9599459677 0.0260228751 0.0
    vertex 0.9599459677 0.0260228751 0.1
  endloop
endfacet
facet normal 0.5408990937 0.8410874927 -0.0
  outer loop
    vertex 0.9860365067 0.009244182 0.0
    vertex 0.9599459677 0.0260228751 0.1
    vertex 0.9860365067 0.009244182 0.1
  endloop
endfacet
facet normal -1.0 -0.0 0.0
  outer loop
    vertex 0.9599459677 0.0260228751 0.0
    vertex 0.9599459677 -0.0260228751 0.0
    vertex 0.9599459677 -0.0260228751 0.1
  endloop
endfacet
facet normal -1.0 -0.0 0.0
  outer loop
    vertex 0.9599459677 0.0260228751 0.0
    vertex 0.9599459677 -0.0260228751 0.1
    vertex 0.9599459677 0.0260228751 0.1
  endloop
endfacet
facet normal 0.5408990937 -0.8410874927 0.0
  outer loop
    vertex 0.9599459677 -0.0260228751 0.0
    vertex 0.9860365067 -0.009244182 0.0
    vertex 0.9860365067 -0.009244182 0.1
  endloop
endfacet
facet normal 0.5408990937 -0.8410874927 0.0
  outer loop
    vertex 0.9599459677 -0.0260228751 0.0
    vertex 0.9860365067 -0.009244182 0.1
    vertex 0.9599459677 -0.0260228751 0.1
  endloop
endfacet
facet normal 1.0 0.0 0.0
  outer loop
    vertex 0.9860365067 -0.009244182 0.0
    vertex 0.9860365067 0.009244182 0.0
    vertex 0.9860365067 0.009244182 0.1
  endloop
endfacet
facet normal 1.0 0.0 0.0
  outer loop
    vertex 0.9860365067 -0.009244182 0.0
    vertex 0.9860365067 0.009244182 0.1
    vertex 0.9860365067 -0.009244182 0.1
  endloop
endfacet
facet normal 0.0 -0.0 1.0
  outer loop
    vertex 0.9616876626 -0.0939508867 0.1
    vertex 0.9762294869 -0.061227599 0.1
    vertex 0.9599459677 -0.0260228751 0.1
  endloop
endfacet
facet normal 0.0 0.0 1.0
  outer loop
    vertex 0.9616876626 -0.0939508867 0.1
    vertex 0.9599459677 -0.0260228751 0.1
    vertex 0.886810066 -0.0697824862 0.1
  endloop
endfacet
facet normal 0.0 0.0 -1.0
  outer loop
    vertex 0.9616876626 -0.0939508867 0.0
    vertex 0.9599459677 -0.0260228751 0.0
    vertex 0.9762294869 -0.061227599 0.0
  endloop
endfacet
facet normal 0.0 0.0 -1.0
  outer loop
    vertex 0.9616876626 -0.0939508867 0.0
    vertex 0.886810066 -0.0697824862 0.0
    vertex 0.9599459677 -0.0260228751 0.0
  endloop
endfacet
facet normal 0.9138308162 -0.4060951113 0.0
  outer loop
    vertex 0.9616876626 -0.0939508867 0.0
    vertex 0.9762294869 -0.061227599 0.0
    vertex 0.9762294869 -0.061227599 0.1
  endloop
endfacet
facet normal 0.9138308162 -0.4060951113 0.0
  outer loop
    vertex 0.9616876626 -0.0939508867 0.0
    vertex 0.9762294869 -0.061227599 0.1
    vertex 0.9616876626 -0.0939508867 0.1
  endloop
endfacet
facet normal 0.9076139336 0.419805845 0.0
  outer loop
    vertex 0.9762294869 -0.061227599 0.0
    vertex 0.9599459677 -0.0260228751 0.0
    vertex 0.9599459677 -0.0260228751 0.1
  endloop
endfacet
facet normal 0.9076139336 0.419805845 -0.0
  outer loop
    vertex 0.9762294869 -0.061227599 0.0
    vertex 0.9599459677 -0.0260228751 0.1
    vertex 0.9762294869 -0.061227599 0.1
  endloop
endfacet
facet normal -0.5134434297 0.8581234436 0.0
  outer loop
    vertex 0.9599459677 -0.0260228751 0.0
    vertex 0.886810066 -0.0697824862 0.0
    vertex 0.886810066 -0.0697824862 0.1
  endloop
endfacet
facet normal -0.5134434297 0.8581234436 0.0
  outer loop
    vertex 0.9599459677 -0.0260228751 0.0
    vertex 0.886810066 -0.0697824862 0.1
    vertex 0.9599459677 -0.0260228751 0.1
  endloop
endfacet
facet normal -0.3071678175 -0.951655364 0.0
  outer loop
    vertex 0.886810066 -0.0697824862 0.0
    vertex 0.9616876626 -0.0939508867 0.0
    vertex 0.9616876626 -0.0939508867 0.1
  endloop
endfacet
facet normal -0.3071678175 -0.951655364 0.0
  outer loop
    vertex 0.886810066 -0.0697824862 0.0
    vertex 0.9616876626 -0.0939508867 0.1
    vertex 0.886810066 -0.0697824862 0.1
  endloop
endfacet
facet normal 0.0 0.0 1.0
  outer loop
    vertex 0.8315584884 -0.4629975389 0.1
    vertex 0.7315653281 -0.414735556 0.1
    vertex 0.7624613638 -0.5399781362 0.1
  endloop
endfacet
facet normal 0.0 0.0 1.0
  outer loop
    vertex 0.8315584884 -0.4629975389 0.1
    vertex 0.7624613638 -0.5399781362 0.1
    vertex 0.8181434808 -0.514112025 0.1
  endloop
endfacet
facet normal -0.0 0.0 -1.0
  outer loop
    vertex 0.8315584884 -0.4629975389 0.0
    vertex 0.7624613638 -0.5399781362 0.0
    vertex 0.7315653281 -0.414735556 0.0
  endloop
endfacet
facet normal 0.0 0.0 -1.0
  outer loop
    vertex 0.8315584884 -0.4629975389 0.0
    vertex 0.8181434808 -0.514112025 0.0
    vertex 0.7624613638 -0.5399781362 0.0
  endloop
endfacet
facet normal 0.434671806 0.9005889301 0.0
  outer loop
    vertex 0.8315584884 -0.4629975389 0.0
    vertex 0.7315653281 -0.414735556 0.0
    vertex 0.7315653281 -0.414735556 0.1
  endloop
endfacet
facet normal 0.434671806 0.9005889301 -0.0
  outer loop
    vertex 0.8315584884 -0.4629975389 0.0
    vertex 0.7315653281 -0.414735556 0.1
    vertex 0.8315584884 -0.4629975389 0.1
  endloop
endfacet
facet normal -0.970894042 -0.2395094137 0.0
  outer loop
    vertex 0.7315653281 -0.414735556 0.0
    vertex 0.7624613638 -0.5399781362 0.0
    vertex 0.7624613638 -0.5399781362 0.1
  endloop
endfacet
facet normal -0.970894042 -0.2395094137 0.0
  outer loop
    vertex 0.7315653281 -0.414735556 0.0
    vertex 0.7624613638 -0.5399781362 0.1
    vertex 0.7315653281 -0.414735556 0.1
  endloop
endfacet
facet normal 0.4212948631 -0.9069237224 0.0
  outer loop
    vertex 0.7624613638 -0.5399781362 0.0
    vertex 0.8181434808 -0.514112025 0.0
    vertex 0.8181434808 -0.514112025 0.1
  endloop
endfacet
facet normal 0.4212948631 -0.9069237224 0.0
  outer loop
    vertex 0.7624613638 -0.5399781362 0.0
    vertex 0.8181434808 -0.514112025 0.1
    vertex 0.7624613638 -0.5399781362 0.1
  endloop
endfacet
facet normal 0.9672427913 -0.2538530731 0.0
  outer loop
    vertex 0.8181434808 -0.514112025 0.0
    vertex 0.8315584884 -0.4629975389 0.0
    vertex 0.8315584884 -0.4629975389 0.1
  endloop
endfacet
facet normal 0.9672427913 -0.2538530731 0.0
  outer loop
    vertex 0.8181434808 -0.514112025 0.0
    vertex 0.8315584884 -0.4629975389 0.1
    vertex 0.8181434808 -0.514112025 0.1
  endloop
endfacet
facet normal 0.0 0.0 1.0
  outer loop
    vertex 0.7562485881 -0.6150020088 0.1
    vertex 0.777234391 -0.5899786759 0.1
    vertex 0.7624613638 -0.5399781362 0.1
  endloop
endfacet
facet normal 0.0 -0.0 1.0
  outer loop
    vertex 0.7562485881 -0.6150020088 0.1
    vertex 0.7624613638 -0.5399781362 0.1
    vertex 0.7007034919 -0.6054228587 0.1
  endloop
endfacet
facet normal 0.0 0.0 -1.0
  outer loop
    vertex 0.7562485881 -0.6150020088 0.0
    vertex 0.7624613638 -0.5399781362 0.0
    vertex 0.777234391 -0.5899786759 0.0
  endloop
endfacet
facet normal 0.0 0.0 -1.0
  outer loop
    vertex 0.7562485881 -0.6150020088 0.0
    vertex 0.7007034919 -0.6054228587 0.0
    vertex 0.7624613638 -0.5399781362 0.0
  endloop
endfacet
facet normal 0.7662142853 -0.6425851453 0.0
  outer loop
    vertex 0.7562485881 -0.6150020088 0.0
    vertex 0.777234391 -0.5899786759 0.0
    vertex 0.777234391 -0.5899786759 0.1
  endloop
endfacet
facet normal 0.7662142853 -0.6425851453 0.0
  outer loop
    vertex 0.7562485881 -0.6150020088 0.0
    vertex 0.777234391 -0.5899786759 0.1
    vertex 0.7562485881 -0.6150020088 0.1
  endloop
endfacet
facet normal 0.9590169757 0.2833486199 0.0
  outer loop
    vertex 0.777234391 -0.5899786759 0.0
    vertex 0.7624613638 -0.5399781362 0.0
    vertex 0.7624613638 -0.5399781362 0.1
  endloop
endfacet
facet normal 0.9590169757 0.2833486199 -0.0
  outer loop
    vertex 0.777234391 -0.5899786759 0.0
    vertex 0.7624613638 -0.5399781362 0.1
    vertex 0.777234391 -0.5899786759 0.1
  endloop
endfacet
facet normal -0.7272961943 0.6863237179 0.0
  outer loop
    vertex 0.7624613638 -0.5399781362 0.0
    vertex 0.7007034919 -0.6054228587 0.0
    vertex 0.7007034919 -0.6054228587 0.1
  endloop
endfacet
facet normal -0.7272961943 0.6863237179 0.0
  outer loop
    vertex 0.7624613638 -0.5399781362 0.0
    vertex 0.7007034919 -0.6054228587 0.1
    vertex 0.7624613638 -0.5399781362 0.1
  endloop
endfacet
facet normal -0.1699484283 -0.9854529576 0.0
  outer loop
    vertex 0.7007034919 -0.6054228587 0.0
    vertex 0.7562485881 -0.6150020088 0.0
    vertex 0.7562485881 -0.6150020088 0.1
  endloop
endfacet
facet normal -0.1699484283 -0.9854529576 0.0
  outer loop
    vertex 0.7007034919 -0.6054228587 0.0
    vertex 0.7562485881 -0.6150020088 0.1
    vertex 0.7007034919 -0.6054228587 0.1
  endloop
endfacet
facet normal 0.0 0.0 1.0
  outer loop
    vertex 0.5523004264 -0.5523004264 0.1
    vertex 0.6054228587 -0.7007034919 0.1
    vertex 0.6755873699 -0.6755873699 0.1
  endloop
endfacet
facet normal 0.0 0.0 1.0
  outer loop
    vertex 0.5523004264 -0.5523004264 0.1
    vertex 0.6755873699 -0.6755873699 0.1
    vertex 0.7007034919 -0.6054228587 0.1
  endloop
endfacet
facet normal 0.0 0.0 -1.0
  outer loop
    vertex 0.5523004264 -0.5523004264 0.0
    vertex 0.6755873699 -0.6755873699 0.0
    vertex 0.6054228587 -0.7007034919 0.0
  endloop
endfacet
facet normal 0.0 0.0 -1.0
  outer loop
    vertex 0.5523004264 -0.5523004264 0.0
    vertex 0.7007034919 -0.6054228587 0.0
    vertex 0.6755873699 -0.6755873699 0.0
  endloop
endfacet
facet normal -0.9414978398 -0.3370190168 0.0
  outer loop
    vertex 0.5523004264 -0.5523004264 0.0
    vertex 0.6054228587 -0.7007034919 0.0
    vertex 0.6054228587 -0.7007034919 0.1
  endloop
endfacet
facet normal -0.9414978398 -0.3370190168 0.0
  outer loop
    vertex 0.5523004264 -0.5523004264 0.0
    vertex 0.6054228587 -0.7007034919 0.1
    vertex 0.5523004264 -0.5523004264 0.1
  endloop
endfacet
facet normal 0.3370190168 -0.9414978398 0.0
  outer loop
    vertex 0.6054228587 -0.7007034919 0.0
    vertex 0.6755873699 -0.6755873699 0.0
    vertex 0.6755873699 -0.6755873699 0.1
  endloop
endfacet
facet normal 0.3370190168 -0.9414978398 0.0
  outer loop
    vertex 0.6054228587 -0.7007034919 0.0
    vertex 0.6755873699 -0.6755873699 0.1
    vertex 0.6054228587 -0.7007034919 0.1
  endloop
endfacet
facet normal 0.9414978398 -0.3370190168 0.0
  outer loop
    vertex 0.6755873699 -0.6755873699 0.0
    vertex 0.7007034919 -0.6054228587 0.0
    vertex 0.7007034919 -0.6054228587 0.1
  endloop
endfacet
facet normal 0.9414978398 -0.3370190168 0.0
  outer loop
    vertex 0.6755873699 -0.6755873699 0.0
    vertex 0.7007034919 -0.6054228587 0.1
    vertex 0.6755873699 -0.6755873699 0.1
  endloop
endfacet
facet normal 0.3370190168 0.9414978398 0.0
  outer loop
    vertex 0.7007034919 -0.6054228587 0.0
    vertex 0.5523004264 -0.5523004264 0.0
    vertex 0.5523004264 -0.5523004264 0.1
  endloop
endfacet
facet normal 0.3370190168 0.9414978398 -0.0
  outer loop
    vertex 0.7007034919 -0.6054228587 0.0
    vertex 0.5523004264 -0.5523004264 0.1
    vertex 0.7007034919 -0.6054228587 0.1
  endloop
endfacet
facet normal 0.0 0.0 1.0
  outer loop
    vertex 0.8548707948 -0.3559749225 0.1
    vertex 0.7315653281 -0.414735556 0.1
    vertex 0.8315584884 -0.4629975389 0.1
  endloop
endfacet
facet normal 0.0 0.0 1.0
  outer loop
    vertex 0.8548707948 -0.3559749225 0.1
    vertex 0.8315584884 -0.4629975389 0.1
    vertex 0.8670666116 -0.421780787 0.1
  endloop
endfacet
facet normal 0.0 0.0 -1.0
  outer loop
    vertex 0.8548707948 -0.3559749225 0.0
    vertex 0.8315584884 -0.4629975389 0.0
    vertex 0.7315653281 -0.414735556 0.0
  endloop
endfacet
facet normal 0.0 -0.0 -1.0
  outer loop
    vertex 0.8548707948 -0.3559749225 0.0
    vertex 0.8670666116 -0.421780787 0.0
    vertex 0.8315584884 -0.4629975389 0.0
  endloop
endfacet
facet normal -0.4301946247 0.9027361657 0.0
  outer loop
    vertex 0.8548707948 -0.3559749225 0.0
    vertex 0.7315653281 -0.414735556 0.0
    vertex 0.7315653281 -0.414735556 0.1
  endloop
endfacet
facet normal -0.4301946247 0.9027361657 0.0
  outer loop
    vertex 0.8548707948 -0.3559749225 0.0
    vertex 0.7315653281 -0.414735556 0.1
    vertex 0.8548707948 -0.3559749225 0.1
  endloop
endfacet
facet normal -0.434671806 -0.9005889301 0.0
  outer loop
    vertex 0.7315653281 -0.414735556 0.0
    vertex 0.8315584884 -0.4629975389 0.0
    vertex 0.8315584884 -0.4629975389 0.1
  endloop
endfacet
facet normal -0.434671806 -0.9005889301 0.0
  outer loop
    vertex 0.7315653281 -0.414735556 0.0
    vertex 0.8315584884 -0.4629975389 0.1
    vertex 0.7315653281 -0.414735556 0.1
  endloop
endfacet
facet normal 0.757624087 -0.6526911542 0.0
  outer loop
    vertex 0.8315584884 -0.4629975389 0.0
    vertex 0.8670666116 -0.421780787 0.0
    vertex 0.8670666116 -0.421780787 0.1
  endloop
endfacet
facet normal 0.757624087 -0.6526911542 0.0
  outer loop
    vertex 0.8315584884 -0.4629975389 0.0
    vertex 0.8670666116 -0.421780787 0.1
    vertex 0.8315584884 -0.4629975389 0.1
  endloop
endfacet
facet normal 0.9832564585 0.1822271572 0.0
  outer loop
    vertex 0.8670666116 -0.421780787 0.0
    vertex 0.8548707948 -0.3559749225 0.0
    vertex 0.8548707948 -0.3559749225 0.1
  endloop
endfacet
facet normal 0.9832564585 0.1822271572 -0.0
  outer loop
    vertex 0.8670666116 -0.421780787 0.0
    vertex 0.8548707948 -0.3559749225 0.1
    vertex 0.8670666116 -0.421780787 0.1
  endloop
endfacet
facet normal 0.0 0.0 1.0
  outer loop
    vertex 0.9232632613 -0.1687208192 0.1
    vertex 0.886810066 -0.0697824862 0.1
    vertex 0.6947153611 -0.1640000502 0.1
  endloop
endfacet
facet normal 0.0 0.0 1.0
  outer loop
    vertex 0.9232632613 -0.1687208192 0.1
    vertex 0.6947153611 -0.1640000502 0.1
    vertex 0.8716343299 -0.251036924 0.1
  endloop
endfacet
facet normal 0.0 0.0 -1.0
  outer loop
    vertex 0.9232632613 -0.1687208192 0.0
    vertex 0.6947153611 -0.1640000502 0.0
    vertex 0.886810066 -0.0697824862 0.0
  endloop
endfacet
facet normal -0.0 0.0 -1.0
  outer loop
    vertex 0.9232632613 -0.1687208192 0.0
    vertex 0.8716343299 -0.251036924 0.0
    vertex 0.6947153611 -0.1640000502 0.0
  endloop
endfacet
facet normal 0.9383362543 0.345723985 0.0
  outer loop
    vertex 0.9232632613 -0.1687208192 0.0
    vertex 0.886810066 -0.0697824862 0.0
    vertex 0.886810066 -0.0697824862 0.1
  endloop
endfacet
facet normal 0.9383362543 0.345723985 -0.0
  outer loop
    vertex 0.9232632613 -0.1687208192 0.0
    vertex 0.886810066 -0.0697824862 0.1
    vertex 0.9232632613 -0.1687208192 0.1
  endloop
endfacet
facet normal -0.4403587861 0.8978218863 0.0
  outer loop
    vertex 0.886810066 -0.0697824862 0.0
    vertex 0.6947153611 -0.1640000502 0.0
    vertex 0.6947153611 -0.1640000502 0.1
  endloop
endfacet
facet normal -0.4403587861 0.8978218863 0.0
  outer loop
    vertex 0.886810066 -0.0697824862 0.0
    vertex 0.6947153611 -0.1640000502 0.1
    vertex 0.886810066 -0.0697824862 0.1
  endloop
endfacet
facet normal -0.4414321449 -0.8972946347 0.0
  outer loop
    vertex 0.6947153611 -0.1640000502 0.0
    vertex 0.8716343299 -0.251036924 0.0
    vertex 0.8716343299 -0.251036924 0.1
  endloop
endfacet
facet normal -0.4414321449 -0.8972946347 0.0
  outer loop
    vertex 0.6947153611 -0.1640000502 0.0
    vertex 0.8716343299 -0.251036924 0.1
    vertex 0.6947153611 -0.1640000502 0.1
  endloop
endfacet
facet normal 0.8471583507 -0.5313405018 0.0
  outer loop
    vertex 0.8716343299 -0.251036924 0.0
    vertex 0.9232632613 -0.1687208192 0.0
    vertex 0.9232632613 -0.1687208192 0.1
  endloop
endfacet
facet normal 0.8471583507 -0.5313405018 0.0
  outer loop
    vertex 0.8716343299 -0.251036924 0.0
    vertex 0.9232632613 -0.1687208192 0.1
    vertex 0.8716343299 -0.251036924 0.1
  endloop
endfacet
facet normal 0.0 0.0 1.0
  outer loop
    vertex 0.8548707948 -0.3559749225 0.1
    vertex 0.9114032891 -0.3365342167 0.1
    vertex 0.9218816032 -0.2989201813 0.1
  endloop
endfacet
facet normal 0.0 0.0 1.0
  outer loop
    vertex 0.8548707948 -0.3559749225 0.1
    vertex 0.9218816032 -0.2989201813 0.1
    vertex 0.8716343299 -0.251036924 0.1
  endloop
endfacet
facet normal 0.0 0.0 -1.0
  outer loop
    vertex 0.8548707948 -0.3559749225 0.0
    vertex 0.9218816032 -0.2989201813 0.0
    vertex 0.9114032891 -0.3365342167 0.0
  endloop
endfacet
facet normal 0.0 0.0 -1.0
  outer loop
    vertex 0.8548707948 -0.3559749225 0.0
    vertex 0.8716343299 -0.251036924 0.0
    vertex 0.9218816032 -0.2989201813 0.0
  endloop
endfacet
facet normal 0.3251943718 -0.9456471967 0.0
  outer loop
    vertex 0.8548707948 -0.3559749225 0.0
    vertex 0.9114032891 -0.3365342167 0.0
    vertex 0.9114032891 -0.3365342167 0.1
  endloop
endfacet
facet normal 0.3251943718 -0.9456471967 0.0
  outer loop
    vertex 0.8548707948 -0.3559749225 0.0
    vertex 0.9114032891 -0.3365342167 0.1
    vertex 0.8548707948 -0.3559749225 0.1
  endloop
endfacet
facet normal 0.9633197043 -0.268356381 0.0
  outer loop
    vertex 0.9114032891 -0.3365342167 0.0
    vertex 0.9218816032 -0.2989201813 0.0
    vertex 0.9218816032 -0.2989201813 0.1
  endloop
endfacet
facet normal 0.9633197043 -0.268356381 0.0
  outer loop
    vertex 0.9114032891 -0.3365342167 0.0
    vertex 0.9218816032 -0.2989201813 0.1
    vertex 0.9114032891 -0.3365342167 0.1
  endloop
endfacet
facet normal 0.6898720516 0.7239313175 0.0
  outer loop
    vertex 0.9218816032 -0.2989201813 0.0
    vertex 0.8716343299 -0.251036924 0.0
    vertex 0.8716343299 -0.251036924 0.1
  endloop
endfacet
facet normal 0.6898720516 0.7239313175 -0.0
  outer loop
    vertex 0.9218816032 -0.2989201813 0.0
    vertex 0.8716343299 -0.251036924 0.1
    vertex 0.9218816032 -0.2989201813 0.1
  endloop
endfacet
facet normal -0.9874795705 0.1577469423 0.0
  outer loop
    vertex 0.8716343299 -0.251036924 0.0
    vertex 0.8548707948 -0.3559749225 0.0
    vertex 0.8548707948 -0.3559749225 0.1
  endloop
endfacet
facet normal -0.9874795705 0.1577469423 0.0
  outer loop
    vertex 0.8716343299 -0.251036924 0.0
    vertex 0.8548707948 -0.3559749225 0.1
    vertex 0.8716343299 -0.251036924 0.1
  endloop
endfacet
facet normal 0.0 0.0 1.0
  outer loop
    vertex 0.5523004264 -0.5523004264 0.1
    vertex 0.414735556 -0.7315653281 0.1
    vertex 0.5399781362 -0.7624613638 0.1
  endloop
endfacet
facet normal 0.0 0.0 1.0
  outer loop
    vertex 0.5523004264 -0.5523004264 0.1
    vertex 0.5399781362 -0.7624613638 0.1
    vertex 0.6054228587 -0.7007034919 0.1
  endloop
endfacet
facet normal 0.0 0.0 -1.0
  outer loop
    vertex 0.5523004264 -0.5523004264 0.0
    vertex 0.5399781362 -0.7624613638 0.0
    vertex 0.414735556 -0.7315653281 0.0
  endloop
endfacet
facet normal 0.0 -0.0 -1.0
  outer loop
    vertex 0.5523004264 -0.5523004264 0.0
    vertex 0.6054228587 -0.7007034919 0.0
    vertex 0.5399781362 -0.7624613638 0.0
  endloop
endfacet
facet normal -0.7933318097 0.6087894872 0.0
  outer loop
    vertex 0.5523004264 -0.5523004264 0.0
    vertex 0.414735556 -0.7315653281 0.0
    vertex 0.414735556 -0.7315653281 0.1
  endloop
endfacet
facet normal -0.7933318097 0.6087894872 0.0
  outer loop
    vertex 0.5523004264 -0.5523004264 0.0
    vertex 0.414735556 -0.7315653281 0.1
    vertex 0.5523004264 -0.5523004264 0.1
  endloop
endfacet
facet normal -0.2395094137 -0.970894042 0.0
  outer loop
    vertex 0.414735556 -0.7315653281 0.0
    vertex 0.5399781362 -0.7624613638 0.0
    vertex 0.5399781362 -0.7624613638 0.1
  endloop
endfacet
facet normal -0.2395094137 -0.970894042 0.0
  outer loop
    vertex 0.414735556 -0.7315653281 0.0
    vertex 0.5399781362 -0.7624613638 0.1
    vertex 0.414735556 -0.7315653281 0.1
  endloop
endfacet
facet normal 0.6863237179 -0.7272961943 0.0
  outer loop
    vertex 0.5399781362 -0.7624613638 0.0
    vertex 0.6054228587 -0.7007034919 0.0
    vertex 0.6054228587 -0.7007034919 0.1
  endloop
endfacet
facet normal 0.6863237179 -0.7272961943 0.0
  outer loop
    vertex 0.5399781362 -0.7624613638 0.0
    vertex 0.6054228587 -0.7007034919 0.1
    vertex 0.5399781362 -0.7624613638 0.1
  endloop
endfacet
facet normal 0.9414978398 0.3370190168 0.0
  outer loop
    vertex 0.6054228587 -0.7007034919 0.0
    vertex 0.5523004264 -0.5523004264 0.0
    vertex 0.5523004264 -0.5523004264 0.1
  endloop
endfacet
facet normal 0.9414978398 0.3370190168 -0.0
  outer loop
    vertex 0.6054228587 -0.7007034919 0.0
    vertex 0.5523004264 -0.5523004264 0.1
    vertex 0.6054228587 -0.7007034919 0.1
  endloop
endfacet
facet normal 0.0 -0.0 1.0
  outer loop
    vertex 0.3559749225 -0.8548707948 0.1
    vertex 0.414735556 -0.7315653281 0.1
    vertex 0.1640000502 -0.6947153611 0.1
  endloop
endfacet
facet normal 0.0 0.0 1.0
  outer loop
    vertex 0.3559749225 -0.8548707948 0.1
    vertex 0.1640000502 -0.6947153611 0.1
    vertex 0.251036924 -0.8716343299 0.1
  endloop
endfacet
facet normal 0.0 0.0 -1.0
  outer loop
    vertex 0.3559749225 -0.8548707948 0.0
    vertex 0.1640000502 -0.6947153611 0.0
    vertex 0.414735556 -0.7315653281 0.0
  endloop
endfacet
facet normal -0.0 0.0 -1.0
  outer loop
    vertex 0.3559749225 -0.8548707948 0.0
    vertex 0.251036924 -0.8716343299 0.0
    vertex 0.1640000502 -0.6947153611 0.0
  endloop
endfacet
facet normal 0.9027361657 -0.4301946247 0.0
  outer loop
    vertex 0.3559749225 -0.8548707948 0.0
    vertex 0.414735556 -0.7315653281 0.0
    vertex 0.414735556 -0.7315653281 0.1
  endloop
endfacet
facet normal 0.9027361657 -0.4301946247 0.0
  outer loop
    vertex 0.3559749225 -0.8548707948 0.0
    vertex 0.414735556 -0.7315653281 0.1
    vertex 0.3559749225 -0.8548707948 0.1
  endloop
endfacet
facet normal 0.1454055362 0.9893721393 0.0
  outer loop
    vertex 0.414735556 -0.7315653281 0.0
    vertex 0.1640000502 -0.6947153611 0.0
    vertex 0.1640000502 -0.6947153611 0.1
  endloop
endfacet
facet normal 0.1454055362 0.9893721393 -0.0
  outer loop
    vertex 0.414735556 -0.7315653281 0.0
    vertex 0.1640000502 -0.6947153611 0.1
    vertex 0.414735556 -0.7315653281 0.1
  endloop
endfacet
facet normal -0.8972946347 -0.4414321449 0.0
  outer loop
    vertex 0.1640000502 -0.6947153611 0.0
    vertex 0.251036924 -0.8716343299 0.0
    vertex 0.251036924 -0.8716343299 0.1
  endloop
endfacet
facet normal -0.8972946347 -0.4414321449 0.0
  outer loop
    vertex 0.1640000502 -0.6947153611 0.0
    vertex 0.251036924 -0.8716343299 0.1
    vertex 0.1640000502 -0.6947153611 0.1
  endloop
endfacet
facet normal 0.1577469423 -0.9874795705 0.0
  outer loop
    vertex 0.251036924 -0.8716343299 0.0
    vertex 0.3559749225 -0.8548707948 0.0
    vertex 0.3559749225 -0.8548707948 0.1
  endloop
endfacet
facet normal 0.1577469423 -0.9874795705 0.0
  outer loop
    vertex 0.251036924 -0.8716343299 0.0
    vertex 0.3559749225 -0.8548707948 0.1
    vertex 0.251036924 -0.8716343299 0.1
  endloop
endfacet
facet normal 0.0 0.0 1.0
  outer loop
    vertex -0.281411123 -0.281411123 0.1
    vertex -0.1640000502 -0.6947153611 0.1
    vertex 0.1640000502 -0.6947153611 0.1
  endloop
endfacet
facet normal -0.0 0.0 1.0
  outer loop
    vertex -0.281411123 -0.281411123 0.1
    vertex 0.1640000502 -0.6947153611 0.1
    vertex 0.281411123 -0.281411123 0.1
  endloop
endfacet
facet normal 0.0 0.0 -1.0
  outer loop
    vertex -0.281411123 -0.281411123 0.0
    vertex 0.1640000502 -0.6947153611 0.0
    vertex -0.1640000502 -0.6947153611 0.0
  endloop
endfacet
facet normal 0.0 0.0 -1.0
  outer loop
    vertex -0.281411123 -0.281411123 0.0
    vertex 0.281411123 -0.281411123 0.0
    vertex 0.1640000502 -0.6947153611 0.0
  endloop
endfacet
facet normal -0.9619383578 -0.2732665289 0.0
  outer loop
    vertex -0.281411123 -0.281411123 0.0
    vertex -0.1640000502 -0.6947153611 0.0
    vertex -0.1640000502 -0.6947153611 0.1
  endloop
endfacet
facet normal -0.9619383578 -0.2732665289 0.0
  outer loop
    vertex -0.281411123 -0.281411123 0.0
    vertex -0.1640000502 -0.6947153611 0.1
    vertex -0.281411123 -0.281411123 0.1
  endloop
endfacet
facet normal 0.0 -1.0 0.0
  outer loop
    vertex -0.1640000502 -0.6947153611 0.0
    vertex 0.1640000502 -0.6947153611 0.0
    vertex 0.1640000502 -0.6947153611 0.1
  endloop
endfacet
facet normal 0.0 -1.0 0.0
  outer loop
    vertex -0.1640000502 -0.6947153611 0.0
    vertex 0.1640000502 -0.6947153611 0.1
    vertex -0.1640000502 -0.6947153611 0.1
  endloop
endfacet
facet normal 0.9619383578 -0.2732665289 0.0
  outer loop
    vertex 0.1640000502 -0.6947153611 0.0
    vertex 0.281411123 -0.281411123 0.0
    vertex 0.281411123 -0.281411123 0.1
  endloop
endfacet
facet normal 0.9619383578 -0.2732665289 0.0
  outer loop
    vertex 0.1640000502 -0.6947153611 0.0
    vertex 0.281411123 -0.281411123 0.1
    vertex 0.1640000502 -0.6947153611 0.1
  endloop
endfacet
facet normal -0.0 1.0 0.0
  outer loop
    vertex 0.281411123 -0.281411123 0.0
    vertex -0.281411123 -0.281411123 0.0
    vertex -0.281411123 -0.281411123 0.1
  endloop
endfacet
facet normal -0.0 1.0 0.0
  outer loop
    vertex 0.281411123 -0.281411123 0.0
    vertex -0.281411123 -0.281411123 0.1
    vertex 0.281411123 -0.281411123 0.1
  endloop
endfacet
endsolid poincare
